/*
 Navicat Premium Dump SQL

 Source Server         : 123456
 Source Server Type    : MySQL
 Source Server Version : 80403 (8.4.3)
 Source Host           : localhost:3306
 Source Schema         : todo_db

 Target Server Type    : MySQL
 Target Server Version : 80403 (8.4.3)
 File Encoding         : 65001

 Date: 23/12/2024 14:33:08
*/

SET NAMES utf8mb4;
SET FOREIGN_KEY_CHECKS = 0;

-- ----------------------------
-- Table structure for accounts_historicaluser
-- ----------------------------
DROP TABLE IF EXISTS `accounts_historicaluser`;
CREATE TABLE `accounts_historicaluser`  (
  `id` bigint NOT NULL,
  `password` varchar(128) CHARACTER SET utf8mb4 COLLATE utf8mb4_0900_ai_ci NOT NULL,
  `last_login` datetime(6) NULL DEFAULT NULL,
  `is_superuser` tinyint(1) NOT NULL,
  `username` varchar(150) CHARACTER SET utf8mb4 COLLATE utf8mb4_0900_ai_ci NOT NULL,
  `first_name` varchar(150) CHARACTER SET utf8mb4 COLLATE utf8mb4_0900_ai_ci NOT NULL,
  `last_name` varchar(150) CHARACTER SET utf8mb4 COLLATE utf8mb4_0900_ai_ci NOT NULL,
  `email` varchar(254) CHARACTER SET utf8mb4 COLLATE utf8mb4_0900_ai_ci NOT NULL,
  `is_staff` tinyint(1) NOT NULL,
  `is_active` tinyint(1) NOT NULL,
  `date_joined` datetime(6) NOT NULL,
  `phone` varchar(11) CHARACTER SET utf8mb4 COLLATE utf8mb4_0900_ai_ci NULL DEFAULT NULL,
  `wechat_id` varchar(100) CHARACTER SET utf8mb4 COLLATE utf8mb4_0900_ai_ci NULL DEFAULT NULL,
  `avatar` longtext CHARACTER SET utf8mb4 COLLATE utf8mb4_0900_ai_ci NULL,
  `is_email_verified` tinyint(1) NOT NULL,
  `last_login_ip` char(39) CHARACTER SET utf8mb4 COLLATE utf8mb4_0900_ai_ci NULL DEFAULT NULL,
  `created_at` datetime(6) NOT NULL,
  `updated_at` datetime(6) NOT NULL,
  `history_id` int NOT NULL AUTO_INCREMENT,
  `history_date` datetime(6) NOT NULL,
  `history_change_reason` varchar(100) CHARACTER SET utf8mb4 COLLATE utf8mb4_0900_ai_ci NULL DEFAULT NULL,
  `history_type` varchar(1) CHARACTER SET utf8mb4 COLLATE utf8mb4_0900_ai_ci NOT NULL,
  `history_user_id` bigint NULL DEFAULT NULL,
  `nickname` varchar(50) CHARACTER SET utf8mb4 COLLATE utf8mb4_0900_ai_ci NULL DEFAULT NULL,
  `openid` varchar(100) CHARACTER SET utf8mb4 COLLATE utf8mb4_0900_ai_ci NULL DEFAULT NULL,
  `session_key` varchar(100) CHARACTER SET utf8mb4 COLLATE utf8mb4_0900_ai_ci NULL DEFAULT NULL,
  `unionid` varchar(100) CHARACTER SET utf8mb4 COLLATE utf8mb4_0900_ai_ci NULL DEFAULT NULL,
  PRIMARY KEY (`history_id`) USING BTREE,
  INDEX `accounts_historicalu_history_user_id_db1b2c5f_fk_accounts_`(`history_user_id` ASC) USING BTREE,
  INDEX `accounts_historicaluser_id_d7601895`(`id` ASC) USING BTREE,
  INDEX `accounts_historicaluser_username_e37d9ea8`(`username` ASC) USING BTREE,
  INDEX `accounts_historicaluser_phone_d2e8519d`(`phone` ASC) USING BTREE,
  INDEX `accounts_historicaluser_wechat_id_07f1b891`(`wechat_id` ASC) USING BTREE,
  INDEX `accounts_historicaluser_history_date_94c91976`(`history_date` ASC) USING BTREE,
  INDEX `accounts_historicaluser_openid_53257555`(`openid` ASC) USING BTREE,
  INDEX `accounts_historicaluser_unionid_f86c23bf`(`unionid` ASC) USING BTREE,
  CONSTRAINT `accounts_historicalu_history_user_id_db1b2c5f_fk_accounts_` FOREIGN KEY (`history_user_id`) REFERENCES `accounts_user` (`id`) ON DELETE RESTRICT ON UPDATE RESTRICT
) ENGINE = InnoDB AUTO_INCREMENT = 222 CHARACTER SET = utf8mb4 COLLATE = utf8mb4_0900_ai_ci ROW_FORMAT = DYNAMIC;

-- ----------------------------
-- Records of accounts_historicaluser
-- ----------------------------
INSERT INTO `accounts_historicaluser` VALUES (1, 'pbkdf2_sha256$720000$i1UTqPwlK9OTCjnHjhwHxr$QQ09Nar625Jq+0iC7vX607ncOyDElcOuu2MoiZ4Wl6w=', NULL, 0, 'fx0883', '', '', 'fx0883@qq.com', 0, 1, '2024-12-08 15:58:02.147338', NULL, NULL, '', 0, NULL, '2024-12-08 15:58:02.412728', '2024-12-08 15:58:02.412728', 1, '2024-12-08 15:58:02.412728', NULL, '+', NULL, NULL, NULL, NULL, NULL);
INSERT INTO `accounts_historicaluser` VALUES (1, 'pbkdf2_sha256$720000$i1UTqPwlK9OTCjnHjhwHxr$QQ09Nar625Jq+0iC7vX607ncOyDElcOuu2MoiZ4Wl6w=', '2024-12-08 16:00:19.189109', 0, 'fx0883', '', '', 'fx0883@qq.com', 0, 1, '2024-12-08 15:58:02.147338', NULL, NULL, '', 0, NULL, '2024-12-08 15:58:02.412728', '2024-12-08 15:58:02.412728', 2, '2024-12-08 16:00:19.190116', NULL, '~', 1, NULL, NULL, NULL, NULL);
INSERT INTO `accounts_historicaluser` VALUES (1, 'pbkdf2_sha256$720000$i1UTqPwlK9OTCjnHjhwHxr$QQ09Nar625Jq+0iC7vX607ncOyDElcOuu2MoiZ4Wl6w=', '2024-12-08 16:00:46.670200', 0, 'fx0883', '', '', 'fx0883@qq.com', 0, 1, '2024-12-08 15:58:02.147338', NULL, NULL, '', 0, NULL, '2024-12-08 15:58:02.412728', '2024-12-08 15:58:02.412728', 3, '2024-12-08 16:00:46.673716', NULL, '~', 1, NULL, NULL, NULL, NULL);
INSERT INTO `accounts_historicaluser` VALUES (1, 'pbkdf2_sha256$720000$i1UTqPwlK9OTCjnHjhwHxr$QQ09Nar625Jq+0iC7vX607ncOyDElcOuu2MoiZ4Wl6w=', '2024-12-08 16:02:40.488785', 0, 'fx0883', '', '', 'fx0883@qq.com', 0, 1, '2024-12-08 15:58:02.147338', NULL, NULL, '', 0, NULL, '2024-12-08 15:58:02.412728', '2024-12-08 15:58:02.412728', 4, '2024-12-08 16:02:40.488785', NULL, '~', 1, NULL, NULL, NULL, NULL);
INSERT INTO `accounts_historicaluser` VALUES (1, 'pbkdf2_sha256$720000$i1UTqPwlK9OTCjnHjhwHxr$QQ09Nar625Jq+0iC7vX607ncOyDElcOuu2MoiZ4Wl6w=', '2024-12-09 02:58:16.264737', 0, 'fx0883', '', '', 'fx0883@qq.com', 0, 1, '2024-12-08 15:58:02.147338', NULL, NULL, '', 0, NULL, '2024-12-08 15:58:02.412728', '2024-12-08 15:58:02.412728', 5, '2024-12-09 02:58:16.266736', NULL, '~', 1, NULL, NULL, NULL, NULL);
INSERT INTO `accounts_historicaluser` VALUES (1, 'pbkdf2_sha256$720000$i1UTqPwlK9OTCjnHjhwHxr$QQ09Nar625Jq+0iC7vX607ncOyDElcOuu2MoiZ4Wl6w=', '2024-12-09 03:05:15.176246', 0, 'fx0883', '', '', 'fx0883@qq.com', 0, 1, '2024-12-08 15:58:02.147338', NULL, NULL, '', 0, NULL, '2024-12-08 15:58:02.412728', '2024-12-08 15:58:02.412728', 6, '2024-12-09 03:05:15.178856', NULL, '~', 1, NULL, NULL, NULL, NULL);
INSERT INTO `accounts_historicaluser` VALUES (1, 'pbkdf2_sha256$720000$i1UTqPwlK9OTCjnHjhwHxr$QQ09Nar625Jq+0iC7vX607ncOyDElcOuu2MoiZ4Wl6w=', '2024-12-09 03:10:51.068684', 0, 'fx0883', '', '', 'fx0883@qq.com', 0, 1, '2024-12-08 15:58:02.147338', NULL, NULL, '', 0, NULL, '2024-12-08 15:58:02.412728', '2024-12-08 15:58:02.412728', 7, '2024-12-09 03:10:51.078426', NULL, '~', 1, NULL, NULL, NULL, NULL);
INSERT INTO `accounts_historicaluser` VALUES (2, 'pbkdf2_sha256$720000$9Wi6vHS8F0kt7bJH9RBWLt$0M56ogXXJBkxnvN36iQWgFc+vuT4pVKSit+EbDucF2U=', NULL, 1, 'admin', '', '', 'admin@123.com', 1, 1, '2024-12-09 03:36:03.989563', NULL, NULL, '', 0, NULL, '2024-12-09 03:36:04.146217', '2024-12-09 03:36:04.146217', 8, '2024-12-09 03:36:04.148723', NULL, '+', NULL, NULL, NULL, NULL, NULL);
INSERT INTO `accounts_historicaluser` VALUES (2, 'pbkdf2_sha256$720000$9Wi6vHS8F0kt7bJH9RBWLt$0M56ogXXJBkxnvN36iQWgFc+vuT4pVKSit+EbDucF2U=', '2024-12-09 03:37:04.506469', 1, 'admin', '', '', 'admin@123.com', 1, 1, '2024-12-09 03:36:03.989563', NULL, NULL, '', 0, NULL, '2024-12-09 03:36:04.146217', '2024-12-09 03:36:04.146217', 9, '2024-12-09 03:37:04.508744', NULL, '~', 2, NULL, NULL, NULL, NULL);
INSERT INTO `accounts_historicaluser` VALUES (1, 'pbkdf2_sha256$720000$i1UTqPwlK9OTCjnHjhwHxr$QQ09Nar625Jq+0iC7vX607ncOyDElcOuu2MoiZ4Wl6w=', '2024-12-09 04:44:26.138388', 0, 'fx0883', '', '', 'fx0883@qq.com', 0, 1, '2024-12-08 15:58:02.147338', NULL, NULL, '', 0, NULL, '2024-12-08 15:58:02.412728', '2024-12-08 15:58:02.412728', 10, '2024-12-09 04:44:26.140269', NULL, '~', 1, NULL, NULL, NULL, NULL);
INSERT INTO `accounts_historicaluser` VALUES (1, 'pbkdf2_sha256$720000$i1UTqPwlK9OTCjnHjhwHxr$QQ09Nar625Jq+0iC7vX607ncOyDElcOuu2MoiZ4Wl6w=', '2024-12-09 04:47:13.300674', 0, 'fx0883', '', '', 'fx0883@qq.com', 0, 1, '2024-12-08 15:58:02.147338', NULL, NULL, '', 0, NULL, '2024-12-08 15:58:02.412728', '2024-12-08 15:58:02.412728', 11, '2024-12-09 04:47:13.304780', NULL, '~', 1, NULL, NULL, NULL, NULL);
INSERT INTO `accounts_historicaluser` VALUES (3, '', NULL, 0, 'johndoe', 'John', 'Doe', 'john@example.com', 0, 1, '2024-12-09 06:11:34.646312', NULL, NULL, '', 0, NULL, '2024-12-09 06:11:34.646312', '2024-12-09 06:11:34.646312', 12, '2024-12-09 06:11:34.654203', NULL, '+', 1, NULL, NULL, NULL, NULL);
INSERT INTO `accounts_historicaluser` VALUES (4, 'pbkdf2_sha256$720000$Zy0ZM58q3UEaoxexTRDGm6$VtGsqFxMA9rjCPRAvOCHjdJb4irC/QTxogaL8x3o3ig=', NULL, 0, 'johndoe', 'John', 'Doe', 'john@example.com', 0, 1, '2024-12-09 08:18:36.130906', NULL, NULL, '', 0, NULL, '2024-12-09 08:18:36.303508', '2024-12-09 08:18:36.303508', 13, '2024-12-09 08:18:36.305507', NULL, '+', 1, NULL, NULL, NULL, NULL);
INSERT INTO `accounts_historicaluser` VALUES (1, 'pbkdf2_sha256$720000$ZaOLZ4u2sHnX19IWre4jdU$hNAkPuho/whryFbrk+dz7q9fz0sC1XM25Pkv3q/643I=', '2024-12-09 04:47:13.300674', 0, 'fx0883', '', '', 'fx0883@qq.com', 0, 1, '2024-12-08 15:58:02.147338', NULL, NULL, '', 0, NULL, '2024-12-08 15:58:02.412728', '2024-12-09 12:15:35.325931', 14, '2024-12-09 12:15:35.327927', NULL, '~', NULL, NULL, NULL, NULL, NULL);
INSERT INTO `accounts_historicaluser` VALUES (1, 'pbkdf2_sha256$720000$uxmocJg9Km2K8su1OJ4KLF$mgT2KFTSiOsjAeAbmEyLaQVfaCRQoPPBJIAnDL2Idyw=', '2024-12-09 04:47:13.300674', 0, 'fx0883', '', '', 'fx0883@qq.com', 0, 1, '2024-12-08 15:58:02.147338', NULL, NULL, '', 0, NULL, '2024-12-08 15:58:02.412728', '2024-12-09 12:17:52.354775', 15, '2024-12-09 12:17:52.356776', NULL, '~', NULL, NULL, NULL, NULL, NULL);
INSERT INTO `accounts_historicaluser` VALUES (1, 'pbkdf2_sha256$720000$uxmocJg9Km2K8su1OJ4KLF$mgT2KFTSiOsjAeAbmEyLaQVfaCRQoPPBJIAnDL2Idyw=', '2024-12-09 12:29:18.136861', 0, 'fx0883', '', '', 'fx0883@qq.com', 0, 1, '2024-12-08 15:58:02.147338', NULL, NULL, '', 0, NULL, '2024-12-08 15:58:02.412728', '2024-12-09 12:17:52.354775', 16, '2024-12-09 12:29:18.138864', NULL, '~', NULL, NULL, NULL, NULL, NULL);
INSERT INTO `accounts_historicaluser` VALUES (4, 'pbkdf2_sha256$720000$Zy0ZM58q3UEaoxexTRDGm6$VtGsqFxMA9rjCPRAvOCHjdJb4irC/QTxogaL8x3o3ig=', '2024-12-09 12:42:17.004149', 0, 'johndoe', 'John', 'Doe', 'john@example.com', 0, 1, '2024-12-09 08:18:36.130906', NULL, NULL, '', 0, NULL, '2024-12-09 08:18:36.303508', '2024-12-09 08:18:36.303508', 17, '2024-12-09 12:42:17.006085', NULL, '~', 4, NULL, NULL, NULL, NULL);
INSERT INTO `accounts_historicaluser` VALUES (4, 'pbkdf2_sha256$720000$Zy0ZM58q3UEaoxexTRDGm6$VtGsqFxMA9rjCPRAvOCHjdJb4irC/QTxogaL8x3o3ig=', '2024-12-09 14:13:26.340656', 0, 'johndoe', 'John', 'Doe', 'john@example.com', 0, 1, '2024-12-09 08:18:36.130906', NULL, NULL, '', 0, NULL, '2024-12-09 08:18:36.303508', '2024-12-09 08:18:36.303508', 18, '2024-12-09 14:13:26.340656', NULL, '~', 4, NULL, NULL, NULL, NULL);
INSERT INTO `accounts_historicaluser` VALUES (1, 'pbkdf2_sha256$720000$uxmocJg9Km2K8su1OJ4KLF$mgT2KFTSiOsjAeAbmEyLaQVfaCRQoPPBJIAnDL2Idyw=', '2024-12-09 14:14:11.474065', 0, 'fx0883', '', '', 'fx0883@qq.com', 0, 1, '2024-12-08 15:58:02.147338', NULL, NULL, '', 0, NULL, '2024-12-08 15:58:02.412728', '2024-12-09 12:17:52.354775', 19, '2024-12-09 14:14:11.475575', NULL, '~', 1, NULL, NULL, NULL, NULL);
INSERT INTO `accounts_historicaluser` VALUES (4, 'pbkdf2_sha256$720000$Zy0ZM58q3UEaoxexTRDGm6$VtGsqFxMA9rjCPRAvOCHjdJb4irC/QTxogaL8x3o3ig=', '2024-12-09 14:24:08.916255', 0, 'johndoe', 'John', 'Doe', 'john@example.com', 0, 1, '2024-12-09 08:18:36.130906', NULL, NULL, '', 0, NULL, '2024-12-09 08:18:36.303508', '2024-12-09 08:18:36.303508', 20, '2024-12-09 14:24:08.918271', NULL, '~', 4, NULL, NULL, NULL, NULL);
INSERT INTO `accounts_historicaluser` VALUES (1, 'pbkdf2_sha256$720000$uxmocJg9Km2K8su1OJ4KLF$mgT2KFTSiOsjAeAbmEyLaQVfaCRQoPPBJIAnDL2Idyw=', '2024-12-09 14:30:25.745939', 0, 'fx0883', '', '', 'fx0883@qq.com', 0, 1, '2024-12-08 15:58:02.147338', NULL, NULL, '', 0, NULL, '2024-12-08 15:58:02.412728', '2024-12-09 12:17:52.354775', 21, '2024-12-09 14:30:25.745939', NULL, '~', 1, NULL, NULL, NULL, NULL);
INSERT INTO `accounts_historicaluser` VALUES (1, 'pbkdf2_sha256$720000$uxmocJg9Km2K8su1OJ4KLF$mgT2KFTSiOsjAeAbmEyLaQVfaCRQoPPBJIAnDL2Idyw=', '2024-12-09 14:35:58.144134', 0, 'fx0883', '', '', 'fx0883@qq.com', 0, 1, '2024-12-08 15:58:02.147338', NULL, NULL, '', 0, NULL, '2024-12-08 15:58:02.412728', '2024-12-09 12:17:52.354775', 22, '2024-12-09 14:35:58.144134', NULL, '~', 1, NULL, NULL, NULL, NULL);
INSERT INTO `accounts_historicaluser` VALUES (1, 'pbkdf2_sha256$720000$uxmocJg9Km2K8su1OJ4KLF$mgT2KFTSiOsjAeAbmEyLaQVfaCRQoPPBJIAnDL2Idyw=', '2024-12-09 14:42:03.478247', 0, 'fx0883', '', '', 'fx0883@qq.com', 0, 1, '2024-12-08 15:58:02.147338', NULL, NULL, '', 0, NULL, '2024-12-08 15:58:02.412728', '2024-12-09 12:17:52.354775', 23, '2024-12-09 14:42:03.478247', NULL, '~', 1, NULL, NULL, NULL, NULL);
INSERT INTO `accounts_historicaluser` VALUES (5, 'pbkdf2_sha256$720000$bW47acK4xiv2Rlqp3DQz47$c2bwi67J13kHnBeDFsOhRv547EKbGGKS1slfEdCrggY=', NULL, 0, 'fx123', '', '', '', 0, 1, '2024-12-09 15:16:36.081430', NULL, NULL, '', 0, NULL, '2024-12-09 15:16:36.342307', '2024-12-09 15:16:36.342307', 24, '2024-12-09 15:16:36.345330', NULL, '+', 1, NULL, NULL, NULL, NULL);
INSERT INTO `accounts_historicaluser` VALUES (5, 'pbkdf2_sha256$720000$bW47acK4xiv2Rlqp3DQz47$c2bwi67J13kHnBeDFsOhRv547EKbGGKS1slfEdCrggY=', '2024-12-09 15:16:46.199019', 0, 'fx123', '', '', '', 0, 1, '2024-12-09 15:16:36.081430', NULL, NULL, '', 0, NULL, '2024-12-09 15:16:36.342307', '2024-12-09 15:16:36.342307', 25, '2024-12-09 15:16:46.201472', NULL, '~', 5, NULL, NULL, NULL, NULL);
INSERT INTO `accounts_historicaluser` VALUES (5, 'pbkdf2_sha256$720000$bW47acK4xiv2Rlqp3DQz47$c2bwi67J13kHnBeDFsOhRv547EKbGGKS1slfEdCrggY=', '2024-12-09 15:21:31.166330', 0, 'fx123', '', '', '', 0, 1, '2024-12-09 15:16:36.081430', NULL, NULL, '', 0, NULL, '2024-12-09 15:16:36.342307', '2024-12-09 15:16:36.342307', 26, '2024-12-09 15:21:31.166834', NULL, '~', 5, NULL, NULL, NULL, NULL);
INSERT INTO `accounts_historicaluser` VALUES (5, 'pbkdf2_sha256$720000$bW47acK4xiv2Rlqp3DQz47$c2bwi67J13kHnBeDFsOhRv547EKbGGKS1slfEdCrggY=', '2024-12-09 15:24:50.197887', 0, 'fx123', '', '', '', 0, 1, '2024-12-09 15:16:36.081430', NULL, NULL, '', 0, NULL, '2024-12-09 15:16:36.342307', '2024-12-09 15:16:36.342307', 27, '2024-12-09 15:24:50.198898', NULL, '~', 5, NULL, NULL, NULL, NULL);
INSERT INTO `accounts_historicaluser` VALUES (1, 'pbkdf2_sha256$720000$uxmocJg9Km2K8su1OJ4KLF$mgT2KFTSiOsjAeAbmEyLaQVfaCRQoPPBJIAnDL2Idyw=', '2024-12-10 02:52:57.304140', 0, 'fx0883', '', '', 'fx0883@qq.com', 0, 1, '2024-12-08 15:58:02.147338', NULL, NULL, '', 0, NULL, '2024-12-08 15:58:02.412728', '2024-12-09 12:17:52.354775', 28, '2024-12-10 02:52:57.306804', NULL, '~', 1, NULL, NULL, NULL, NULL);
INSERT INTO `accounts_historicaluser` VALUES (1, 'pbkdf2_sha256$720000$uxmocJg9Km2K8su1OJ4KLF$mgT2KFTSiOsjAeAbmEyLaQVfaCRQoPPBJIAnDL2Idyw=', '2024-12-10 03:43:56.728609', 0, 'fx0883', '', '', 'fx0883@qq.com', 0, 1, '2024-12-08 15:58:02.147338', NULL, NULL, '', 0, NULL, '2024-12-08 15:58:02.412728', '2024-12-09 12:17:52.354775', 29, '2024-12-10 03:43:56.730124', NULL, '~', 1, NULL, NULL, NULL, NULL);
INSERT INTO `accounts_historicaluser` VALUES (4, 'pbkdf2_sha256$720000$Zy0ZM58q3UEaoxexTRDGm6$VtGsqFxMA9rjCPRAvOCHjdJb4irC/QTxogaL8x3o3ig=', '2024-12-10 06:17:04.553083', 0, 'johndoe', 'John', 'Doe', 'john@example.com', 0, 1, '2024-12-09 08:18:36.130906', NULL, NULL, '', 0, NULL, '2024-12-09 08:18:36.303508', '2024-12-09 08:18:36.303508', 30, '2024-12-10 06:17:04.556082', NULL, '~', 4, NULL, NULL, NULL, NULL);
INSERT INTO `accounts_historicaluser` VALUES (4, 'pbkdf2_sha256$720000$Zy0ZM58q3UEaoxexTRDGm6$VtGsqFxMA9rjCPRAvOCHjdJb4irC/QTxogaL8x3o3ig=', '2024-12-10 06:17:37.576489', 0, 'johndoe', 'John', 'Doe', 'john@example.com', 0, 1, '2024-12-09 08:18:36.130906', NULL, NULL, '', 0, NULL, '2024-12-09 08:18:36.303508', '2024-12-09 08:18:36.303508', 31, '2024-12-10 06:17:37.578106', NULL, '~', 4, NULL, NULL, NULL, NULL);
INSERT INTO `accounts_historicaluser` VALUES (1, 'pbkdf2_sha256$720000$uxmocJg9Km2K8su1OJ4KLF$mgT2KFTSiOsjAeAbmEyLaQVfaCRQoPPBJIAnDL2Idyw=', '2024-12-10 06:33:39.175522', 0, 'fx0883', '', '', 'fx0883@qq.com', 0, 1, '2024-12-08 15:58:02.147338', NULL, NULL, '', 0, NULL, '2024-12-08 15:58:02.412728', '2024-12-09 12:17:52.354775', 32, '2024-12-10 06:33:39.176549', NULL, '~', 1, NULL, NULL, NULL, NULL);
INSERT INTO `accounts_historicaluser` VALUES (1, 'pbkdf2_sha256$720000$uxmocJg9Km2K8su1OJ4KLF$mgT2KFTSiOsjAeAbmEyLaQVfaCRQoPPBJIAnDL2Idyw=', '2024-12-10 06:35:13.129438', 0, 'fx0883', '', '', 'fx0883@qq.com', 0, 1, '2024-12-08 15:58:02.147338', NULL, NULL, '', 0, NULL, '2024-12-08 15:58:02.412728', '2024-12-09 12:17:52.354775', 33, '2024-12-10 06:35:13.130956', NULL, '~', 1, NULL, NULL, NULL, NULL);
INSERT INTO `accounts_historicaluser` VALUES (4, 'pbkdf2_sha256$720000$Zy0ZM58q3UEaoxexTRDGm6$VtGsqFxMA9rjCPRAvOCHjdJb4irC/QTxogaL8x3o3ig=', '2024-12-10 06:36:34.568279', 0, 'johndoe', 'John', 'Doe', 'john@example.com', 0, 1, '2024-12-09 08:18:36.130906', NULL, NULL, '', 0, NULL, '2024-12-09 08:18:36.303508', '2024-12-09 08:18:36.303508', 34, '2024-12-10 06:36:34.572480', NULL, '~', 4, NULL, NULL, NULL, NULL);
INSERT INTO `accounts_historicaluser` VALUES (1, 'pbkdf2_sha256$720000$uxmocJg9Km2K8su1OJ4KLF$mgT2KFTSiOsjAeAbmEyLaQVfaCRQoPPBJIAnDL2Idyw=', '2024-12-10 06:37:50.507041', 0, 'fx0883', '', '', 'fx0883@qq.com', 0, 1, '2024-12-08 15:58:02.147338', NULL, NULL, '', 0, NULL, '2024-12-08 15:58:02.412728', '2024-12-09 12:17:52.354775', 35, '2024-12-10 06:37:50.508401', NULL, '~', 1, NULL, NULL, NULL, NULL);
INSERT INTO `accounts_historicaluser` VALUES (1, 'pbkdf2_sha256$720000$uxmocJg9Km2K8su1OJ4KLF$mgT2KFTSiOsjAeAbmEyLaQVfaCRQoPPBJIAnDL2Idyw=', '2024-12-10 12:18:03.416659', 0, 'fx0883', '', '', 'fx0883@qq.com', 0, 1, '2024-12-08 15:58:02.147338', NULL, NULL, '', 0, NULL, '2024-12-08 15:58:02.412728', '2024-12-09 12:17:52.354775', 36, '2024-12-10 12:18:03.418163', NULL, '~', 1, NULL, NULL, NULL, NULL);
INSERT INTO `accounts_historicaluser` VALUES (1, 'pbkdf2_sha256$720000$uxmocJg9Km2K8su1OJ4KLF$mgT2KFTSiOsjAeAbmEyLaQVfaCRQoPPBJIAnDL2Idyw=', '2024-12-10 12:29:13.513917', 0, 'fx0883', '', '', 'fx0883@qq.com', 0, 1, '2024-12-08 15:58:02.147338', NULL, NULL, '', 0, NULL, '2024-12-08 15:58:02.412728', '2024-12-09 12:17:52.354775', 37, '2024-12-10 12:29:13.514686', NULL, '~', 1, NULL, NULL, NULL, NULL);
INSERT INTO `accounts_historicaluser` VALUES (1, 'pbkdf2_sha256$720000$uxmocJg9Km2K8su1OJ4KLF$mgT2KFTSiOsjAeAbmEyLaQVfaCRQoPPBJIAnDL2Idyw=', '2024-12-10 12:44:27.539978', 0, 'fx0883', '', '', 'fx0883@qq.com', 0, 1, '2024-12-08 15:58:02.147338', NULL, NULL, '', 0, NULL, '2024-12-08 15:58:02.412728', '2024-12-09 12:17:52.354775', 38, '2024-12-10 12:44:27.541982', NULL, '~', 1, NULL, NULL, NULL, NULL);
INSERT INTO `accounts_historicaluser` VALUES (1, 'pbkdf2_sha256$720000$uxmocJg9Km2K8su1OJ4KLF$mgT2KFTSiOsjAeAbmEyLaQVfaCRQoPPBJIAnDL2Idyw=', '2024-12-10 12:46:35.599568', 0, 'fx0883', '', '', 'fx0883@qq.com', 0, 1, '2024-12-08 15:58:02.147338', NULL, NULL, '', 0, NULL, '2024-12-08 15:58:02.412728', '2024-12-09 12:17:52.354775', 39, '2024-12-10 12:46:35.600568', NULL, '~', 1, NULL, NULL, NULL, NULL);
INSERT INTO `accounts_historicaluser` VALUES (6, 'pbkdf2_sha256$720000$ARv0NhttHDh6M2nRdi0sh5$qdqHuXLubBX6s2ZRsh+rRUn2HDb4egYCun3geTbbNEQ=', NULL, 1, 'admin123', '', '', 'admin123@qq.com', 1, 1, '2024-12-11 14:35:54.081909', NULL, NULL, '', 0, NULL, '2024-12-11 14:35:54.330845', '2024-12-11 14:35:54.330852', 40, '2024-12-11 14:35:54.333078', NULL, '+', NULL, NULL, NULL, NULL, NULL);
INSERT INTO `accounts_historicaluser` VALUES (6, 'pbkdf2_sha256$720000$ARv0NhttHDh6M2nRdi0sh5$qdqHuXLubBX6s2ZRsh+rRUn2HDb4egYCun3geTbbNEQ=', '2024-12-11 14:36:11.452494', 1, 'admin123', '', '', 'admin123@qq.com', 1, 1, '2024-12-11 14:35:54.081909', NULL, NULL, '', 0, NULL, '2024-12-11 14:35:54.330845', '2024-12-11 14:35:54.330852', 41, '2024-12-11 14:36:11.454968', NULL, '~', 6, NULL, NULL, NULL, NULL);
INSERT INTO `accounts_historicaluser` VALUES (2, 'pbkdf2_sha256$720000$9Wi6vHS8F0kt7bJH9RBWLt$0M56ogXXJBkxnvN36iQWgFc+vuT4pVKSit+EbDucF2U=', '2024-12-11 14:39:53.730525', 1, 'admin', '', '', 'admin@123.com', 1, 1, '2024-12-09 03:36:03.989563', NULL, NULL, '', 0, NULL, '2024-12-09 03:36:04.146217', '2024-12-09 03:36:04.146217', 42, '2024-12-11 14:39:53.732122', NULL, '~', 2, NULL, NULL, NULL, NULL);
INSERT INTO `accounts_historicaluser` VALUES (1, 'pbkdf2_sha256$720000$uxmocJg9Km2K8su1OJ4KLF$mgT2KFTSiOsjAeAbmEyLaQVfaCRQoPPBJIAnDL2Idyw=', '2024-12-11 14:42:07.844007', 0, 'fx0883', '', '', 'fx0883@qq.com', 0, 1, '2024-12-08 15:58:02.147338', NULL, NULL, '', 0, NULL, '2024-12-08 15:58:02.412728', '2024-12-09 12:17:52.354775', 43, '2024-12-11 14:42:07.847208', NULL, '~', 1, NULL, NULL, NULL, NULL);
INSERT INTO `accounts_historicaluser` VALUES (1, 'pbkdf2_sha256$720000$uxmocJg9Km2K8su1OJ4KLF$mgT2KFTSiOsjAeAbmEyLaQVfaCRQoPPBJIAnDL2Idyw=', '2024-12-11 14:43:09.020988', 0, 'fx0883', '', '', 'fx0883@qq.com', 0, 1, '2024-12-08 15:58:02.147338', NULL, NULL, '', 0, NULL, '2024-12-08 15:58:02.412728', '2024-12-09 12:17:52.354775', 44, '2024-12-11 14:43:09.022194', NULL, '~', 1, NULL, NULL, NULL, NULL);
INSERT INTO `accounts_historicaluser` VALUES (1, 'pbkdf2_sha256$720000$uxmocJg9Km2K8su1OJ4KLF$mgT2KFTSiOsjAeAbmEyLaQVfaCRQoPPBJIAnDL2Idyw=', '2024-12-11 14:44:01.417193', 0, 'fx0883', '', '', 'fx0883@qq.com', 0, 1, '2024-12-08 15:58:02.147338', NULL, NULL, '', 0, NULL, '2024-12-08 15:58:02.412728', '2024-12-09 12:17:52.354775', 45, '2024-12-11 14:44:01.419241', NULL, '~', 1, NULL, NULL, NULL, NULL);
INSERT INTO `accounts_historicaluser` VALUES (1, 'pbkdf2_sha256$720000$uxmocJg9Km2K8su1OJ4KLF$mgT2KFTSiOsjAeAbmEyLaQVfaCRQoPPBJIAnDL2Idyw=', '2024-12-11 15:00:01.839435', 0, 'fx0883', '', '', 'fx0883@qq.com', 0, 1, '2024-12-08 15:58:02.147338', NULL, NULL, '', 0, NULL, '2024-12-08 15:58:02.412728', '2024-12-09 12:17:52.354775', 46, '2024-12-11 15:00:01.840931', NULL, '~', 1, NULL, NULL, NULL, NULL);
INSERT INTO `accounts_historicaluser` VALUES (1, 'pbkdf2_sha256$720000$uxmocJg9Km2K8su1OJ4KLF$mgT2KFTSiOsjAeAbmEyLaQVfaCRQoPPBJIAnDL2Idyw=', '2024-12-11 15:01:05.210565', 0, 'fx0883', '', '', 'fx0883@qq.com', 0, 1, '2024-12-08 15:58:02.147338', NULL, NULL, '', 0, NULL, '2024-12-08 15:58:02.412728', '2024-12-09 12:17:52.354775', 47, '2024-12-11 15:01:05.212595', NULL, '~', 1, NULL, NULL, NULL, NULL);
INSERT INTO `accounts_historicaluser` VALUES (1, 'pbkdf2_sha256$720000$uxmocJg9Km2K8su1OJ4KLF$mgT2KFTSiOsjAeAbmEyLaQVfaCRQoPPBJIAnDL2Idyw=', '2024-12-11 15:01:28.072606', 0, 'fx0883', '', '', 'fx0883@qq.com', 0, 1, '2024-12-08 15:58:02.147338', NULL, NULL, '', 0, NULL, '2024-12-08 15:58:02.412728', '2024-12-09 12:17:52.354775', 48, '2024-12-11 15:01:28.073831', NULL, '~', 1, NULL, NULL, NULL, NULL);
INSERT INTO `accounts_historicaluser` VALUES (1, 'pbkdf2_sha256$720000$uxmocJg9Km2K8su1OJ4KLF$mgT2KFTSiOsjAeAbmEyLaQVfaCRQoPPBJIAnDL2Idyw=', '2024-12-11 15:02:26.889432', 0, 'fx0883', '', '', 'fx0883@qq.com', 0, 1, '2024-12-08 15:58:02.147338', NULL, NULL, '', 0, NULL, '2024-12-08 15:58:02.412728', '2024-12-09 12:17:52.354775', 49, '2024-12-11 15:02:26.891296', NULL, '~', 1, NULL, NULL, NULL, NULL);
INSERT INTO `accounts_historicaluser` VALUES (1, 'pbkdf2_sha256$720000$uxmocJg9Km2K8su1OJ4KLF$mgT2KFTSiOsjAeAbmEyLaQVfaCRQoPPBJIAnDL2Idyw=', '2024-12-11 15:02:40.414575', 0, 'fx0883', '', '', 'fx0883@qq.com', 0, 1, '2024-12-08 15:58:02.147338', NULL, NULL, '', 0, NULL, '2024-12-08 15:58:02.412728', '2024-12-09 12:17:52.354775', 50, '2024-12-11 15:02:40.416774', NULL, '~', 1, NULL, NULL, NULL, NULL);
INSERT INTO `accounts_historicaluser` VALUES (1, 'pbkdf2_sha256$720000$uxmocJg9Km2K8su1OJ4KLF$mgT2KFTSiOsjAeAbmEyLaQVfaCRQoPPBJIAnDL2Idyw=', '2024-12-11 15:04:04.478380', 0, 'fx0883', '', '', 'fx0883@qq.com', 0, 1, '2024-12-08 15:58:02.147338', NULL, NULL, '', 0, NULL, '2024-12-08 15:58:02.412728', '2024-12-09 12:17:52.354775', 51, '2024-12-11 15:04:04.480537', NULL, '~', 1, NULL, NULL, NULL, NULL);
INSERT INTO `accounts_historicaluser` VALUES (1, 'pbkdf2_sha256$720000$uxmocJg9Km2K8su1OJ4KLF$mgT2KFTSiOsjAeAbmEyLaQVfaCRQoPPBJIAnDL2Idyw=', '2024-12-12 03:46:42.276036', 0, 'fx0883', '', '', 'fx0883@qq.com', 0, 1, '2024-12-08 15:58:02.147338', NULL, NULL, '', 0, NULL, '2024-12-08 15:58:02.412728', '2024-12-09 12:17:52.354775', 52, '2024-12-12 03:46:42.277489', NULL, '~', 1, NULL, NULL, NULL, NULL);
INSERT INTO `accounts_historicaluser` VALUES (1, 'pbkdf2_sha256$720000$uxmocJg9Km2K8su1OJ4KLF$mgT2KFTSiOsjAeAbmEyLaQVfaCRQoPPBJIAnDL2Idyw=', '2024-12-12 04:47:33.695691', 0, 'fx0883', '', '', 'fx0883@qq.com', 0, 1, '2024-12-08 15:58:02.147338', NULL, NULL, '', 0, NULL, '2024-12-08 15:58:02.412728', '2024-12-09 12:17:52.354775', 53, '2024-12-12 04:47:33.697401', NULL, '~', 1, NULL, NULL, NULL, NULL);
INSERT INTO `accounts_historicaluser` VALUES (4, 'pbkdf2_sha256$720000$Zy0ZM58q3UEaoxexTRDGm6$VtGsqFxMA9rjCPRAvOCHjdJb4irC/QTxogaL8x3o3ig=', '2024-12-12 04:52:02.633062', 0, 'johndoe', 'John', 'Doe', 'john@example.com', 0, 1, '2024-12-09 08:18:36.130906', NULL, NULL, '', 0, NULL, '2024-12-09 08:18:36.303508', '2024-12-09 08:18:36.303508', 54, '2024-12-12 04:52:02.634572', NULL, '~', 4, NULL, NULL, NULL, NULL);
INSERT INTO `accounts_historicaluser` VALUES (1, 'pbkdf2_sha256$720000$uxmocJg9Km2K8su1OJ4KLF$mgT2KFTSiOsjAeAbmEyLaQVfaCRQoPPBJIAnDL2Idyw=', '2024-12-12 05:50:12.760269', 0, 'fx0883', '', '', 'fx0883@qq.com', 0, 1, '2024-12-08 15:58:02.147338', NULL, NULL, '', 0, NULL, '2024-12-08 15:58:02.412728', '2024-12-09 12:17:52.354775', 55, '2024-12-12 05:50:12.762356', NULL, '~', 1, NULL, NULL, NULL, NULL);
INSERT INTO `accounts_historicaluser` VALUES (1, 'pbkdf2_sha256$720000$uxmocJg9Km2K8su1OJ4KLF$mgT2KFTSiOsjAeAbmEyLaQVfaCRQoPPBJIAnDL2Idyw=', '2024-12-12 05:51:43.113760', 0, 'fx0883', '', '', 'fx0883@qq.com', 0, 1, '2024-12-08 15:58:02.147338', NULL, NULL, '', 0, NULL, '2024-12-08 15:58:02.412728', '2024-12-09 12:17:52.354775', 56, '2024-12-12 05:51:43.115018', NULL, '~', 1, NULL, NULL, NULL, NULL);
INSERT INTO `accounts_historicaluser` VALUES (1, 'pbkdf2_sha256$720000$uxmocJg9Km2K8su1OJ4KLF$mgT2KFTSiOsjAeAbmEyLaQVfaCRQoPPBJIAnDL2Idyw=', '2024-12-12 05:52:04.623094', 0, 'fx0883', '', '', 'fx0883@qq.com', 0, 1, '2024-12-08 15:58:02.147338', NULL, NULL, '', 0, NULL, '2024-12-08 15:58:02.412728', '2024-12-09 12:17:52.354775', 57, '2024-12-12 05:52:04.624841', NULL, '~', 1, NULL, NULL, NULL, NULL);
INSERT INTO `accounts_historicaluser` VALUES (1, 'pbkdf2_sha256$720000$uxmocJg9Km2K8su1OJ4KLF$mgT2KFTSiOsjAeAbmEyLaQVfaCRQoPPBJIAnDL2Idyw=', '2024-12-12 05:53:27.255795', 0, 'fx0883', '', '', 'fx0883@qq.com', 0, 1, '2024-12-08 15:58:02.147338', NULL, NULL, '', 0, NULL, '2024-12-08 15:58:02.412728', '2024-12-09 12:17:52.354775', 58, '2024-12-12 05:53:27.257319', NULL, '~', 1, NULL, NULL, NULL, NULL);
INSERT INTO `accounts_historicaluser` VALUES (1, 'pbkdf2_sha256$720000$uxmocJg9Km2K8su1OJ4KLF$mgT2KFTSiOsjAeAbmEyLaQVfaCRQoPPBJIAnDL2Idyw=', '2024-12-12 06:01:52.281889', 0, 'fx0883', '', '', 'fx0883@qq.com', 0, 1, '2024-12-08 15:58:02.147338', NULL, NULL, '', 0, NULL, '2024-12-08 15:58:02.412728', '2024-12-09 12:17:52.354775', 59, '2024-12-12 06:01:52.283757', NULL, '~', 1, NULL, NULL, NULL, NULL);
INSERT INTO `accounts_historicaluser` VALUES (1, 'pbkdf2_sha256$720000$uxmocJg9Km2K8su1OJ4KLF$mgT2KFTSiOsjAeAbmEyLaQVfaCRQoPPBJIAnDL2Idyw=', '2024-12-12 07:28:47.204147', 0, 'fx0883', '', '', 'fx0883@qq.com', 0, 1, '2024-12-08 15:58:02.147338', NULL, NULL, '', 0, NULL, '2024-12-08 15:58:02.412728', '2024-12-09 12:17:52.354775', 60, '2024-12-12 07:28:47.205610', NULL, '~', 1, NULL, NULL, NULL, NULL);
INSERT INTO `accounts_historicaluser` VALUES (1, 'pbkdf2_sha256$720000$uxmocJg9Km2K8su1OJ4KLF$mgT2KFTSiOsjAeAbmEyLaQVfaCRQoPPBJIAnDL2Idyw=', '2024-12-12 07:39:58.238058', 0, 'fx0883', '', '', 'fx0883@qq.com', 0, 1, '2024-12-08 15:58:02.147338', NULL, NULL, '', 0, NULL, '2024-12-08 15:58:02.412728', '2024-12-09 12:17:52.354775', 61, '2024-12-12 07:39:58.239814', NULL, '~', 1, NULL, NULL, NULL, NULL);
INSERT INTO `accounts_historicaluser` VALUES (1, 'pbkdf2_sha256$720000$uxmocJg9Km2K8su1OJ4KLF$mgT2KFTSiOsjAeAbmEyLaQVfaCRQoPPBJIAnDL2Idyw=', '2024-12-12 07:40:04.661432', 0, 'fx0883', '', '', 'fx0883@qq.com', 0, 1, '2024-12-08 15:58:02.147338', NULL, NULL, '', 0, NULL, '2024-12-08 15:58:02.412728', '2024-12-09 12:17:52.354775', 62, '2024-12-12 07:40:04.662838', NULL, '~', 1, NULL, NULL, NULL, NULL);
INSERT INTO `accounts_historicaluser` VALUES (1, 'pbkdf2_sha256$720000$uxmocJg9Km2K8su1OJ4KLF$mgT2KFTSiOsjAeAbmEyLaQVfaCRQoPPBJIAnDL2Idyw=', '2024-12-12 07:40:11.781124', 0, 'fx0883', '', '', 'fx0883@qq.com', 0, 1, '2024-12-08 15:58:02.147338', NULL, NULL, '', 0, NULL, '2024-12-08 15:58:02.412728', '2024-12-09 12:17:52.354775', 63, '2024-12-12 07:40:11.782696', NULL, '~', 1, NULL, NULL, NULL, NULL);
INSERT INTO `accounts_historicaluser` VALUES (1, 'pbkdf2_sha256$720000$uxmocJg9Km2K8su1OJ4KLF$mgT2KFTSiOsjAeAbmEyLaQVfaCRQoPPBJIAnDL2Idyw=', '2024-12-12 07:40:17.047948', 0, 'fx0883', '', '', 'fx0883@qq.com', 0, 1, '2024-12-08 15:58:02.147338', NULL, NULL, '', 0, NULL, '2024-12-08 15:58:02.412728', '2024-12-09 12:17:52.354775', 64, '2024-12-12 07:40:17.049192', NULL, '~', 1, NULL, NULL, NULL, NULL);
INSERT INTO `accounts_historicaluser` VALUES (1, 'pbkdf2_sha256$720000$uxmocJg9Km2K8su1OJ4KLF$mgT2KFTSiOsjAeAbmEyLaQVfaCRQoPPBJIAnDL2Idyw=', '2024-12-12 07:40:23.795445', 0, 'fx0883', '', '', 'fx0883@qq.com', 0, 1, '2024-12-08 15:58:02.147338', NULL, NULL, '', 0, NULL, '2024-12-08 15:58:02.412728', '2024-12-09 12:17:52.354775', 65, '2024-12-12 07:40:23.797009', NULL, '~', 1, NULL, NULL, NULL, NULL);
INSERT INTO `accounts_historicaluser` VALUES (1, 'pbkdf2_sha256$720000$uxmocJg9Km2K8su1OJ4KLF$mgT2KFTSiOsjAeAbmEyLaQVfaCRQoPPBJIAnDL2Idyw=', '2024-12-12 07:41:39.093944', 0, 'fx0883', '', '', 'fx0883@qq.com', 0, 1, '2024-12-08 15:58:02.147338', NULL, NULL, '', 0, NULL, '2024-12-08 15:58:02.412728', '2024-12-09 12:17:52.354775', 66, '2024-12-12 07:41:39.096093', NULL, '~', 1, NULL, NULL, NULL, NULL);
INSERT INTO `accounts_historicaluser` VALUES (1, 'pbkdf2_sha256$720000$uxmocJg9Km2K8su1OJ4KLF$mgT2KFTSiOsjAeAbmEyLaQVfaCRQoPPBJIAnDL2Idyw=', '2024-12-12 07:42:22.505453', 0, 'fx0883', '', '', 'fx0883@qq.com', 0, 1, '2024-12-08 15:58:02.147338', NULL, NULL, '', 0, NULL, '2024-12-08 15:58:02.412728', '2024-12-09 12:17:52.354775', 67, '2024-12-12 07:42:22.507158', NULL, '~', 1, NULL, NULL, NULL, NULL);
INSERT INTO `accounts_historicaluser` VALUES (1, 'pbkdf2_sha256$720000$uxmocJg9Km2K8su1OJ4KLF$mgT2KFTSiOsjAeAbmEyLaQVfaCRQoPPBJIAnDL2Idyw=', '2024-12-12 07:42:33.603016', 0, 'fx0883', '', '', 'fx0883@qq.com', 0, 1, '2024-12-08 15:58:02.147338', NULL, NULL, '', 0, NULL, '2024-12-08 15:58:02.412728', '2024-12-09 12:17:52.354775', 68, '2024-12-12 07:42:33.604435', NULL, '~', 1, NULL, NULL, NULL, NULL);
INSERT INTO `accounts_historicaluser` VALUES (1, 'pbkdf2_sha256$720000$uxmocJg9Km2K8su1OJ4KLF$mgT2KFTSiOsjAeAbmEyLaQVfaCRQoPPBJIAnDL2Idyw=', '2024-12-12 07:43:28.300968', 0, 'fx0883', '', '', 'fx0883@qq.com', 0, 1, '2024-12-08 15:58:02.147338', NULL, NULL, '', 0, NULL, '2024-12-08 15:58:02.412728', '2024-12-09 12:17:52.354775', 69, '2024-12-12 07:43:28.302577', NULL, '~', 1, NULL, NULL, NULL, NULL);
INSERT INTO `accounts_historicaluser` VALUES (1, 'pbkdf2_sha256$720000$uxmocJg9Km2K8su1OJ4KLF$mgT2KFTSiOsjAeAbmEyLaQVfaCRQoPPBJIAnDL2Idyw=', '2024-12-12 07:45:34.713073', 0, 'fx0883', '', '', 'fx0883@qq.com', 0, 1, '2024-12-08 15:58:02.147338', NULL, NULL, '', 0, NULL, '2024-12-08 15:58:02.412728', '2024-12-09 12:17:52.354775', 70, '2024-12-12 07:45:34.714582', NULL, '~', 1, NULL, NULL, NULL, NULL);
INSERT INTO `accounts_historicaluser` VALUES (1, 'pbkdf2_sha256$720000$uxmocJg9Km2K8su1OJ4KLF$mgT2KFTSiOsjAeAbmEyLaQVfaCRQoPPBJIAnDL2Idyw=', '2024-12-12 07:47:57.956791', 0, 'fx0883', '', '', 'fx0883@qq.com', 0, 1, '2024-12-08 15:58:02.147338', NULL, NULL, '', 0, NULL, '2024-12-08 15:58:02.412728', '2024-12-09 12:17:52.354775', 71, '2024-12-12 07:47:57.958167', NULL, '~', 1, NULL, NULL, NULL, NULL);
INSERT INTO `accounts_historicaluser` VALUES (1, 'pbkdf2_sha256$720000$uxmocJg9Km2K8su1OJ4KLF$mgT2KFTSiOsjAeAbmEyLaQVfaCRQoPPBJIAnDL2Idyw=', '2024-12-12 07:48:23.382629', 0, 'fx0883', '', '', 'fx0883@qq.com', 0, 1, '2024-12-08 15:58:02.147338', NULL, NULL, '', 0, NULL, '2024-12-08 15:58:02.412728', '2024-12-09 12:17:52.354775', 72, '2024-12-12 07:48:23.383884', NULL, '~', 1, NULL, NULL, NULL, NULL);
INSERT INTO `accounts_historicaluser` VALUES (1, 'pbkdf2_sha256$720000$uxmocJg9Km2K8su1OJ4KLF$mgT2KFTSiOsjAeAbmEyLaQVfaCRQoPPBJIAnDL2Idyw=', '2024-12-12 07:48:47.468184', 0, 'fx0883', '', '', 'fx0883@qq.com', 0, 1, '2024-12-08 15:58:02.147338', NULL, NULL, '', 0, NULL, '2024-12-08 15:58:02.412728', '2024-12-09 12:17:52.354775', 73, '2024-12-12 07:48:47.470027', NULL, '~', 1, NULL, NULL, NULL, NULL);
INSERT INTO `accounts_historicaluser` VALUES (1, 'pbkdf2_sha256$720000$uxmocJg9Km2K8su1OJ4KLF$mgT2KFTSiOsjAeAbmEyLaQVfaCRQoPPBJIAnDL2Idyw=', '2024-12-12 07:48:55.305534', 0, 'fx0883', '', '', 'fx0883@qq.com', 0, 1, '2024-12-08 15:58:02.147338', NULL, NULL, '', 0, NULL, '2024-12-08 15:58:02.412728', '2024-12-09 12:17:52.354775', 74, '2024-12-12 07:48:55.306891', NULL, '~', 1, NULL, NULL, NULL, NULL);
INSERT INTO `accounts_historicaluser` VALUES (1, 'pbkdf2_sha256$720000$uxmocJg9Km2K8su1OJ4KLF$mgT2KFTSiOsjAeAbmEyLaQVfaCRQoPPBJIAnDL2Idyw=', '2024-12-12 07:50:09.323631', 0, 'fx0883', '', '', 'fx0883@qq.com', 0, 1, '2024-12-08 15:58:02.147338', NULL, NULL, '', 0, NULL, '2024-12-08 15:58:02.412728', '2024-12-09 12:17:52.354775', 75, '2024-12-12 07:50:09.325271', NULL, '~', 1, NULL, NULL, NULL, NULL);
INSERT INTO `accounts_historicaluser` VALUES (1, 'pbkdf2_sha256$720000$uxmocJg9Km2K8su1OJ4KLF$mgT2KFTSiOsjAeAbmEyLaQVfaCRQoPPBJIAnDL2Idyw=', '2024-12-12 07:51:28.880356', 0, 'fx0883', '', '', 'fx0883@qq.com', 0, 1, '2024-12-08 15:58:02.147338', NULL, NULL, '', 0, NULL, '2024-12-08 15:58:02.412728', '2024-12-09 12:17:52.354775', 76, '2024-12-12 07:51:28.881587', NULL, '~', 1, NULL, NULL, NULL, NULL);
INSERT INTO `accounts_historicaluser` VALUES (1, 'pbkdf2_sha256$720000$uxmocJg9Km2K8su1OJ4KLF$mgT2KFTSiOsjAeAbmEyLaQVfaCRQoPPBJIAnDL2Idyw=', '2024-12-12 07:52:45.304810', 0, 'fx0883', '', '', 'fx0883@qq.com', 0, 1, '2024-12-08 15:58:02.147338', NULL, NULL, '', 0, NULL, '2024-12-08 15:58:02.412728', '2024-12-09 12:17:52.354775', 77, '2024-12-12 07:52:45.306896', NULL, '~', 1, NULL, NULL, NULL, NULL);
INSERT INTO `accounts_historicaluser` VALUES (1, 'pbkdf2_sha256$720000$uxmocJg9Km2K8su1OJ4KLF$mgT2KFTSiOsjAeAbmEyLaQVfaCRQoPPBJIAnDL2Idyw=', '2024-12-12 08:05:43.006560', 0, 'fx0883', '', '', 'fx0883@qq.com', 0, 1, '2024-12-08 15:58:02.147338', NULL, NULL, '', 0, NULL, '2024-12-08 15:58:02.412728', '2024-12-09 12:17:52.354775', 78, '2024-12-12 08:05:43.007934', NULL, '~', 1, NULL, NULL, NULL, NULL);
INSERT INTO `accounts_historicaluser` VALUES (1, 'pbkdf2_sha256$720000$uxmocJg9Km2K8su1OJ4KLF$mgT2KFTSiOsjAeAbmEyLaQVfaCRQoPPBJIAnDL2Idyw=', '2024-12-12 08:11:01.082785', 0, 'fx0883', '', '', 'fx0883@qq.com', 0, 1, '2024-12-08 15:58:02.147338', NULL, NULL, '', 0, NULL, '2024-12-08 15:58:02.412728', '2024-12-09 12:17:52.354775', 79, '2024-12-12 08:11:01.084998', NULL, '~', 1, NULL, NULL, NULL, NULL);
INSERT INTO `accounts_historicaluser` VALUES (1, 'pbkdf2_sha256$720000$uxmocJg9Km2K8su1OJ4KLF$mgT2KFTSiOsjAeAbmEyLaQVfaCRQoPPBJIAnDL2Idyw=', '2024-12-12 08:14:51.240792', 0, 'fx0883', '', '', 'fx0883@qq.com', 0, 1, '2024-12-08 15:58:02.147338', NULL, NULL, '', 0, NULL, '2024-12-08 15:58:02.412728', '2024-12-09 12:17:52.354775', 80, '2024-12-12 08:14:51.242150', NULL, '~', 1, NULL, NULL, NULL, NULL);
INSERT INTO `accounts_historicaluser` VALUES (1, 'pbkdf2_sha256$720000$uxmocJg9Km2K8su1OJ4KLF$mgT2KFTSiOsjAeAbmEyLaQVfaCRQoPPBJIAnDL2Idyw=', '2024-12-12 08:16:15.357738', 0, 'fx0883', '', '', 'fx0883@qq.com', 0, 1, '2024-12-08 15:58:02.147338', NULL, NULL, '', 0, NULL, '2024-12-08 15:58:02.412728', '2024-12-09 12:17:52.354775', 81, '2024-12-12 08:16:15.359180', NULL, '~', 1, NULL, NULL, NULL, NULL);
INSERT INTO `accounts_historicaluser` VALUES (1, 'pbkdf2_sha256$720000$uxmocJg9Km2K8su1OJ4KLF$mgT2KFTSiOsjAeAbmEyLaQVfaCRQoPPBJIAnDL2Idyw=', '2024-12-12 08:16:25.653077', 0, 'fx0883', '', '', 'fx0883@qq.com', 0, 1, '2024-12-08 15:58:02.147338', NULL, NULL, '', 0, NULL, '2024-12-08 15:58:02.412728', '2024-12-09 12:17:52.354775', 82, '2024-12-12 08:16:25.655024', NULL, '~', 1, NULL, NULL, NULL, NULL);
INSERT INTO `accounts_historicaluser` VALUES (1, 'pbkdf2_sha256$720000$uxmocJg9Km2K8su1OJ4KLF$mgT2KFTSiOsjAeAbmEyLaQVfaCRQoPPBJIAnDL2Idyw=', '2024-12-12 08:16:42.832244', 0, 'fx0883', '', '', 'fx0883@qq.com', 0, 1, '2024-12-08 15:58:02.147338', NULL, NULL, '', 0, NULL, '2024-12-08 15:58:02.412728', '2024-12-09 12:17:52.354775', 83, '2024-12-12 08:16:42.833723', NULL, '~', 1, NULL, NULL, NULL, NULL);
INSERT INTO `accounts_historicaluser` VALUES (1, 'pbkdf2_sha256$720000$uxmocJg9Km2K8su1OJ4KLF$mgT2KFTSiOsjAeAbmEyLaQVfaCRQoPPBJIAnDL2Idyw=', '2024-12-12 08:17:01.277493', 0, 'fx0883', '', '', 'fx0883@qq.com', 0, 1, '2024-12-08 15:58:02.147338', NULL, NULL, '', 0, NULL, '2024-12-08 15:58:02.412728', '2024-12-09 12:17:52.354775', 84, '2024-12-12 08:17:01.278908', NULL, '~', 1, NULL, NULL, NULL, NULL);
INSERT INTO `accounts_historicaluser` VALUES (1, 'pbkdf2_sha256$720000$uxmocJg9Km2K8su1OJ4KLF$mgT2KFTSiOsjAeAbmEyLaQVfaCRQoPPBJIAnDL2Idyw=', '2024-12-12 08:21:31.539045', 0, 'fx0883', '', '', 'fx0883@qq.com', 0, 1, '2024-12-08 15:58:02.147338', NULL, NULL, '', 0, NULL, '2024-12-08 15:58:02.412728', '2024-12-09 12:17:52.354775', 85, '2024-12-12 08:21:31.540481', NULL, '~', 1, NULL, NULL, NULL, NULL);
INSERT INTO `accounts_historicaluser` VALUES (1, 'pbkdf2_sha256$720000$uxmocJg9Km2K8su1OJ4KLF$mgT2KFTSiOsjAeAbmEyLaQVfaCRQoPPBJIAnDL2Idyw=', '2024-12-12 08:21:48.153865', 0, 'fx0883', '', '', 'fx0883@qq.com', 0, 1, '2024-12-08 15:58:02.147338', NULL, NULL, '', 0, NULL, '2024-12-08 15:58:02.412728', '2024-12-09 12:17:52.354775', 86, '2024-12-12 08:21:48.155146', NULL, '~', 1, NULL, NULL, NULL, NULL);
INSERT INTO `accounts_historicaluser` VALUES (1, 'pbkdf2_sha256$720000$uxmocJg9Km2K8su1OJ4KLF$mgT2KFTSiOsjAeAbmEyLaQVfaCRQoPPBJIAnDL2Idyw=', '2024-12-12 08:23:33.374557', 0, 'fx0883', '', '', 'fx0883@qq.com', 0, 1, '2024-12-08 15:58:02.147338', NULL, NULL, '', 0, NULL, '2024-12-08 15:58:02.412728', '2024-12-09 12:17:52.354775', 87, '2024-12-12 08:23:33.376076', NULL, '~', 1, NULL, NULL, NULL, NULL);
INSERT INTO `accounts_historicaluser` VALUES (1, 'pbkdf2_sha256$720000$uxmocJg9Km2K8su1OJ4KLF$mgT2KFTSiOsjAeAbmEyLaQVfaCRQoPPBJIAnDL2Idyw=', '2024-12-12 08:26:42.010973', 0, 'fx0883', '', '', 'fx0883@qq.com', 0, 1, '2024-12-08 15:58:02.147338', NULL, NULL, '', 0, NULL, '2024-12-08 15:58:02.412728', '2024-12-09 12:17:52.354775', 88, '2024-12-12 08:26:42.012242', NULL, '~', 1, NULL, NULL, NULL, NULL);
INSERT INTO `accounts_historicaluser` VALUES (1, 'pbkdf2_sha256$720000$uxmocJg9Km2K8su1OJ4KLF$mgT2KFTSiOsjAeAbmEyLaQVfaCRQoPPBJIAnDL2Idyw=', '2024-12-12 08:27:05.520590', 0, 'fx0883', '', '', 'fx0883@qq.com', 0, 1, '2024-12-08 15:58:02.147338', NULL, NULL, '', 0, NULL, '2024-12-08 15:58:02.412728', '2024-12-09 12:17:52.354775', 89, '2024-12-12 08:27:05.522028', NULL, '~', 1, NULL, NULL, NULL, NULL);
INSERT INTO `accounts_historicaluser` VALUES (1, 'pbkdf2_sha256$720000$uxmocJg9Km2K8su1OJ4KLF$mgT2KFTSiOsjAeAbmEyLaQVfaCRQoPPBJIAnDL2Idyw=', '2024-12-12 08:33:03.386876', 0, 'fx0883', '', '', 'fx0883@qq.com', 0, 1, '2024-12-08 15:58:02.147338', NULL, NULL, '', 0, NULL, '2024-12-08 15:58:02.412728', '2024-12-09 12:17:52.354775', 90, '2024-12-12 08:33:03.388404', NULL, '~', 1, NULL, NULL, NULL, NULL);
INSERT INTO `accounts_historicaluser` VALUES (1, 'pbkdf2_sha256$720000$uxmocJg9Km2K8su1OJ4KLF$mgT2KFTSiOsjAeAbmEyLaQVfaCRQoPPBJIAnDL2Idyw=', '2024-12-12 08:34:14.117168', 0, 'fx0883', '', '', 'fx0883@qq.com', 0, 1, '2024-12-08 15:58:02.147338', NULL, NULL, '', 0, NULL, '2024-12-08 15:58:02.412728', '2024-12-09 12:17:52.354775', 91, '2024-12-12 08:34:14.119766', NULL, '~', 1, NULL, NULL, NULL, NULL);
INSERT INTO `accounts_historicaluser` VALUES (1, 'pbkdf2_sha256$720000$uxmocJg9Km2K8su1OJ4KLF$mgT2KFTSiOsjAeAbmEyLaQVfaCRQoPPBJIAnDL2Idyw=', '2024-12-12 08:34:19.791012', 0, 'fx0883', '', '', 'fx0883@qq.com', 0, 1, '2024-12-08 15:58:02.147338', NULL, NULL, '', 0, NULL, '2024-12-08 15:58:02.412728', '2024-12-09 12:17:52.354775', 92, '2024-12-12 08:34:19.792574', NULL, '~', 1, NULL, NULL, NULL, NULL);
INSERT INTO `accounts_historicaluser` VALUES (1, 'pbkdf2_sha256$720000$uxmocJg9Km2K8su1OJ4KLF$mgT2KFTSiOsjAeAbmEyLaQVfaCRQoPPBJIAnDL2Idyw=', '2024-12-12 08:34:51.562021', 0, 'fx0883', '', '', 'fx0883@qq.com', 0, 1, '2024-12-08 15:58:02.147338', NULL, NULL, '', 0, NULL, '2024-12-08 15:58:02.412728', '2024-12-09 12:17:52.354775', 93, '2024-12-12 08:34:51.563848', NULL, '~', 1, NULL, NULL, NULL, NULL);
INSERT INTO `accounts_historicaluser` VALUES (1, 'pbkdf2_sha256$720000$uxmocJg9Km2K8su1OJ4KLF$mgT2KFTSiOsjAeAbmEyLaQVfaCRQoPPBJIAnDL2Idyw=', '2024-12-12 08:36:41.084884', 0, 'fx0883', '', '', 'fx0883@qq.com', 0, 1, '2024-12-08 15:58:02.147338', NULL, NULL, '', 0, NULL, '2024-12-08 15:58:02.412728', '2024-12-09 12:17:52.354775', 94, '2024-12-12 08:36:41.086498', NULL, '~', 1, NULL, NULL, NULL, NULL);
INSERT INTO `accounts_historicaluser` VALUES (1, 'pbkdf2_sha256$720000$uxmocJg9Km2K8su1OJ4KLF$mgT2KFTSiOsjAeAbmEyLaQVfaCRQoPPBJIAnDL2Idyw=', '2024-12-12 08:38:56.593499', 0, 'fx0883', '', '', 'fx0883@qq.com', 0, 1, '2024-12-08 15:58:02.147338', NULL, NULL, '', 0, NULL, '2024-12-08 15:58:02.412728', '2024-12-09 12:17:52.354775', 95, '2024-12-12 08:38:56.595670', NULL, '~', 1, NULL, NULL, NULL, NULL);
INSERT INTO `accounts_historicaluser` VALUES (1, 'pbkdf2_sha256$720000$uxmocJg9Km2K8su1OJ4KLF$mgT2KFTSiOsjAeAbmEyLaQVfaCRQoPPBJIAnDL2Idyw=', '2024-12-12 08:39:01.439833', 0, 'fx0883', '', '', 'fx0883@qq.com', 0, 1, '2024-12-08 15:58:02.147338', NULL, NULL, '', 0, NULL, '2024-12-08 15:58:02.412728', '2024-12-09 12:17:52.354775', 96, '2024-12-12 08:39:01.441161', NULL, '~', 1, NULL, NULL, NULL, NULL);
INSERT INTO `accounts_historicaluser` VALUES (1, 'pbkdf2_sha256$720000$uxmocJg9Km2K8su1OJ4KLF$mgT2KFTSiOsjAeAbmEyLaQVfaCRQoPPBJIAnDL2Idyw=', '2024-12-12 08:39:08.741001', 0, 'fx0883', '', '', 'fx0883@qq.com', 0, 1, '2024-12-08 15:58:02.147338', NULL, NULL, '', 0, NULL, '2024-12-08 15:58:02.412728', '2024-12-09 12:17:52.354775', 97, '2024-12-12 08:39:08.742232', NULL, '~', 1, NULL, NULL, NULL, NULL);
INSERT INTO `accounts_historicaluser` VALUES (1, 'pbkdf2_sha256$720000$uxmocJg9Km2K8su1OJ4KLF$mgT2KFTSiOsjAeAbmEyLaQVfaCRQoPPBJIAnDL2Idyw=', '2024-12-12 10:25:30.516883', 0, 'fx0883', '', '', 'fx0883@qq.com', 0, 1, '2024-12-08 15:58:02.147338', NULL, NULL, '', 0, NULL, '2024-12-08 15:58:02.412728', '2024-12-09 12:17:52.354775', 98, '2024-12-12 10:25:30.519140', NULL, '~', 1, NULL, NULL, NULL, NULL);
INSERT INTO `accounts_historicaluser` VALUES (1, 'pbkdf2_sha256$720000$uxmocJg9Km2K8su1OJ4KLF$mgT2KFTSiOsjAeAbmEyLaQVfaCRQoPPBJIAnDL2Idyw=', '2024-12-12 11:54:30.653013', 0, 'fx0883', '', '', 'fx0883@qq.com', 0, 1, '2024-12-08 15:58:02.147338', NULL, NULL, '', 0, NULL, '2024-12-08 15:58:02.412728', '2024-12-09 12:17:52.354775', 99, '2024-12-12 11:54:30.654340', NULL, '~', 1, NULL, NULL, NULL, NULL);
INSERT INTO `accounts_historicaluser` VALUES (1, 'pbkdf2_sha256$720000$uxmocJg9Km2K8su1OJ4KLF$mgT2KFTSiOsjAeAbmEyLaQVfaCRQoPPBJIAnDL2Idyw=', '2024-12-12 12:35:25.111228', 0, 'fx0883', '', '', 'fx0883@qq.com', 0, 1, '2024-12-08 15:58:02.147338', NULL, NULL, '', 0, NULL, '2024-12-08 15:58:02.412728', '2024-12-09 12:17:52.354775', 100, '2024-12-12 12:35:25.112717', NULL, '~', 1, NULL, NULL, NULL, NULL);
INSERT INTO `accounts_historicaluser` VALUES (1, 'pbkdf2_sha256$720000$uxmocJg9Km2K8su1OJ4KLF$mgT2KFTSiOsjAeAbmEyLaQVfaCRQoPPBJIAnDL2Idyw=', '2024-12-12 12:36:13.394027', 0, 'fx0883', '', '', 'fx0883@qq.com', 0, 1, '2024-12-08 15:58:02.147338', NULL, NULL, '', 0, NULL, '2024-12-08 15:58:02.412728', '2024-12-09 12:17:52.354775', 101, '2024-12-12 12:36:13.395769', NULL, '~', 1, NULL, NULL, NULL, NULL);
INSERT INTO `accounts_historicaluser` VALUES (1, 'pbkdf2_sha256$720000$uxmocJg9Km2K8su1OJ4KLF$mgT2KFTSiOsjAeAbmEyLaQVfaCRQoPPBJIAnDL2Idyw=', '2024-12-12 13:11:43.294887', 0, 'fx0883', '', '', 'fx0883@qq.com', 0, 1, '2024-12-08 15:58:02.147338', NULL, NULL, '', 0, NULL, '2024-12-08 15:58:02.412728', '2024-12-09 12:17:52.354775', 102, '2024-12-12 13:11:43.296285', NULL, '~', 1, NULL, NULL, NULL, NULL);
INSERT INTO `accounts_historicaluser` VALUES (1, 'pbkdf2_sha256$720000$uxmocJg9Km2K8su1OJ4KLF$mgT2KFTSiOsjAeAbmEyLaQVfaCRQoPPBJIAnDL2Idyw=', '2024-12-12 14:10:27.002497', 0, 'fx0883', '', '', 'fx0883@qq.com', 0, 1, '2024-12-08 15:58:02.147338', NULL, NULL, '', 0, NULL, '2024-12-08 15:58:02.412728', '2024-12-09 12:17:52.354775', 103, '2024-12-12 14:10:27.004360', NULL, '~', 1, NULL, NULL, NULL, NULL);
INSERT INTO `accounts_historicaluser` VALUES (1, 'pbkdf2_sha256$720000$uxmocJg9Km2K8su1OJ4KLF$mgT2KFTSiOsjAeAbmEyLaQVfaCRQoPPBJIAnDL2Idyw=', '2024-12-12 14:15:53.259722', 0, 'fx0883', '', '', 'fx0883@qq.com', 0, 1, '2024-12-08 15:58:02.147338', NULL, NULL, '', 0, NULL, '2024-12-08 15:58:02.412728', '2024-12-09 12:17:52.354775', 104, '2024-12-12 14:15:53.261026', NULL, '~', 1, NULL, NULL, NULL, NULL);
INSERT INTO `accounts_historicaluser` VALUES (1, 'pbkdf2_sha256$720000$uxmocJg9Km2K8su1OJ4KLF$mgT2KFTSiOsjAeAbmEyLaQVfaCRQoPPBJIAnDL2Idyw=', '2024-12-12 16:08:21.243156', 0, 'fx0883', '', '', 'fx0883@qq.com', 0, 1, '2024-12-08 15:58:02.147338', NULL, NULL, '', 0, NULL, '2024-12-08 15:58:02.412728', '2024-12-09 12:17:52.354775', 105, '2024-12-12 16:08:21.244694', NULL, '~', 1, NULL, NULL, NULL, NULL);
INSERT INTO `accounts_historicaluser` VALUES (1, 'pbkdf2_sha256$720000$uxmocJg9Km2K8su1OJ4KLF$mgT2KFTSiOsjAeAbmEyLaQVfaCRQoPPBJIAnDL2Idyw=', '2024-12-12 16:10:55.489702', 0, 'fx0883', '', '', 'fx0883@qq.com', 0, 1, '2024-12-08 15:58:02.147338', NULL, NULL, '', 0, NULL, '2024-12-08 15:58:02.412728', '2024-12-09 12:17:52.354775', 106, '2024-12-12 16:10:55.491334', NULL, '~', 1, NULL, NULL, NULL, NULL);
INSERT INTO `accounts_historicaluser` VALUES (1, 'pbkdf2_sha256$720000$uxmocJg9Km2K8su1OJ4KLF$mgT2KFTSiOsjAeAbmEyLaQVfaCRQoPPBJIAnDL2Idyw=', '2024-12-12 16:11:00.316256', 0, 'fx0883', '', '', 'fx0883@qq.com', 0, 1, '2024-12-08 15:58:02.147338', NULL, NULL, '', 0, NULL, '2024-12-08 15:58:02.412728', '2024-12-09 12:17:52.354775', 107, '2024-12-12 16:11:00.317908', NULL, '~', 1, NULL, NULL, NULL, NULL);
INSERT INTO `accounts_historicaluser` VALUES (1, 'pbkdf2_sha256$720000$uxmocJg9Km2K8su1OJ4KLF$mgT2KFTSiOsjAeAbmEyLaQVfaCRQoPPBJIAnDL2Idyw=', '2024-12-12 16:14:28.656923', 0, 'fx0883', '', '', 'fx0883@qq.com', 0, 1, '2024-12-08 15:58:02.147338', NULL, NULL, '', 0, NULL, '2024-12-08 15:58:02.412728', '2024-12-09 12:17:52.354775', 108, '2024-12-12 16:14:28.658161', NULL, '~', 1, NULL, NULL, NULL, NULL);
INSERT INTO `accounts_historicaluser` VALUES (1, 'pbkdf2_sha256$720000$uxmocJg9Km2K8su1OJ4KLF$mgT2KFTSiOsjAeAbmEyLaQVfaCRQoPPBJIAnDL2Idyw=', '2024-12-13 04:40:17.572610', 0, 'fx0883', '', '', 'fx0883@qq.com', 0, 1, '2024-12-08 15:58:02.147338', NULL, NULL, '', 0, NULL, '2024-12-08 15:58:02.412728', '2024-12-09 12:17:52.354775', 109, '2024-12-13 04:40:17.587384', NULL, '~', 1, NULL, NULL, NULL, NULL);
INSERT INTO `accounts_historicaluser` VALUES (1, 'pbkdf2_sha256$720000$uxmocJg9Km2K8su1OJ4KLF$mgT2KFTSiOsjAeAbmEyLaQVfaCRQoPPBJIAnDL2Idyw=', '2024-12-13 07:17:35.716035', 0, 'fx0883', '', '', 'fx0883@qq.com', 0, 1, '2024-12-08 15:58:02.147338', NULL, NULL, '', 0, NULL, '2024-12-08 15:58:02.412728', '2024-12-09 12:17:52.354775', 110, '2024-12-13 07:17:35.718030', NULL, '~', 1, NULL, NULL, NULL, NULL);
INSERT INTO `accounts_historicaluser` VALUES (1, 'pbkdf2_sha256$720000$uxmocJg9Km2K8su1OJ4KLF$mgT2KFTSiOsjAeAbmEyLaQVfaCRQoPPBJIAnDL2Idyw=', '2024-12-13 07:17:35.716035', 0, 'fx0883', '', '', 'fx0883@qq.com', 0, 1, '2024-12-08 15:58:02.147338', NULL, NULL, 'images/avatar\\fx0883_2522012c.png', 0, NULL, '2024-12-08 15:58:02.412728', '2024-12-13 07:37:38.666855', 111, '2024-12-13 07:37:38.669201', NULL, '~', 1, NULL, NULL, NULL, NULL);
INSERT INTO `accounts_historicaluser` VALUES (1, 'pbkdf2_sha256$720000$uxmocJg9Km2K8su1OJ4KLF$mgT2KFTSiOsjAeAbmEyLaQVfaCRQoPPBJIAnDL2Idyw=', '2024-12-13 07:17:35.716035', 0, 'fx0883', '', '', 'fx0883@qq.com', 0, 1, '2024-12-08 15:58:02.147338', NULL, NULL, 'images/avatar\\fx0883_7b9d942f.png', 0, NULL, '2024-12-08 15:58:02.412728', '2024-12-13 07:53:56.617950', 112, '2024-12-13 07:53:56.621476', NULL, '~', 1, NULL, NULL, NULL, NULL);
INSERT INTO `accounts_historicaluser` VALUES (4, 'pbkdf2_sha256$720000$Zy0ZM58q3UEaoxexTRDGm6$VtGsqFxMA9rjCPRAvOCHjdJb4irC/QTxogaL8x3o3ig=', '2024-12-13 10:30:48.015232', 0, 'johndoe', 'John', 'Doe', 'john@example.com', 0, 1, '2024-12-09 08:18:36.130906', NULL, NULL, '', 0, NULL, '2024-12-09 08:18:36.303508', '2024-12-09 08:18:36.303508', 113, '2024-12-13 10:30:48.016989', NULL, '~', 4, NULL, NULL, NULL, NULL);
INSERT INTO `accounts_historicaluser` VALUES (1, 'pbkdf2_sha256$720000$uxmocJg9Km2K8su1OJ4KLF$mgT2KFTSiOsjAeAbmEyLaQVfaCRQoPPBJIAnDL2Idyw=', '2024-12-13 10:31:33.463130', 0, 'fx0883', '', '', 'fx0883@qq.com', 0, 1, '2024-12-08 15:58:02.147338', NULL, NULL, 'images/avatar/fx0883_7b9d942f.png', 0, NULL, '2024-12-08 15:58:02.412728', '2024-12-13 07:53:56.617950', 114, '2024-12-13 10:31:33.464718', NULL, '~', 1, NULL, NULL, NULL, NULL);
INSERT INTO `accounts_historicaluser` VALUES (1, 'pbkdf2_sha256$720000$uxmocJg9Km2K8su1OJ4KLF$mgT2KFTSiOsjAeAbmEyLaQVfaCRQoPPBJIAnDL2Idyw=', '2024-12-13 10:35:29.460634', 0, 'fx0883', '', '', 'fx0883@qq.com', 0, 1, '2024-12-08 15:58:02.147338', NULL, NULL, 'images/avatar/fx0883_7b9d942f.png', 0, NULL, '2024-12-08 15:58:02.412728', '2024-12-13 07:53:56.617950', 115, '2024-12-13 10:35:29.463366', NULL, '~', 1, NULL, NULL, NULL, NULL);
INSERT INTO `accounts_historicaluser` VALUES (1, 'pbkdf2_sha256$720000$uxmocJg9Km2K8su1OJ4KLF$mgT2KFTSiOsjAeAbmEyLaQVfaCRQoPPBJIAnDL2Idyw=', '2024-12-13 10:37:24.698770', 0, 'fx0883', '', '', 'fx0883@qq.com', 0, 1, '2024-12-08 15:58:02.147338', NULL, NULL, 'images/avatar/fx0883_7b9d942f.png', 0, NULL, '2024-12-08 15:58:02.412728', '2024-12-13 07:53:56.617950', 116, '2024-12-13 10:37:24.700595', NULL, '~', 1, NULL, NULL, NULL, NULL);
INSERT INTO `accounts_historicaluser` VALUES (1, 'pbkdf2_sha256$720000$uxmocJg9Km2K8su1OJ4KLF$mgT2KFTSiOsjAeAbmEyLaQVfaCRQoPPBJIAnDL2Idyw=', '2024-12-13 10:38:24.613637', 0, 'fx0883', '', '', 'fx0883@qq.com', 0, 1, '2024-12-08 15:58:02.147338', NULL, NULL, 'images/avatar\\fx0883_7b9d942f.png', 0, NULL, '2024-12-08 15:58:02.412728', '2024-12-13 07:53:56.617950', 117, '2024-12-13 10:38:24.615074', NULL, '~', 1, NULL, NULL, NULL, NULL);
INSERT INTO `accounts_historicaluser` VALUES (1, 'pbkdf2_sha256$720000$uxmocJg9Km2K8su1OJ4KLF$mgT2KFTSiOsjAeAbmEyLaQVfaCRQoPPBJIAnDL2Idyw=', '2024-12-13 10:38:24.613637', 0, 'fx0883', '', '', 'fx0883@qq.com', 0, 1, '2024-12-08 15:58:02.147338', NULL, NULL, 'images/avatar\\fx0883_e9b6e1d5.jpg', 0, NULL, '2024-12-08 15:58:02.412728', '2024-12-13 10:39:30.117188', 118, '2024-12-13 10:39:30.119670', NULL, '~', 1, NULL, NULL, NULL, NULL);
INSERT INTO `accounts_historicaluser` VALUES (1, 'pbkdf2_sha256$720000$uxmocJg9Km2K8su1OJ4KLF$mgT2KFTSiOsjAeAbmEyLaQVfaCRQoPPBJIAnDL2Idyw=', '2024-12-13 10:39:48.921059', 0, 'fx0883', '', '', 'fx0883@qq.com', 0, 1, '2024-12-08 15:58:02.147338', NULL, NULL, 'images/avatar\\fx0883_e9b6e1d5.jpg', 0, NULL, '2024-12-08 15:58:02.412728', '2024-12-13 10:39:30.117188', 119, '2024-12-13 10:39:48.922817', NULL, '~', 1, NULL, NULL, NULL, NULL);
INSERT INTO `accounts_historicaluser` VALUES (1, 'pbkdf2_sha256$720000$uxmocJg9Km2K8su1OJ4KLF$mgT2KFTSiOsjAeAbmEyLaQVfaCRQoPPBJIAnDL2Idyw=', '2024-12-13 10:39:48.921059', 0, 'fx0883', '', '', 'fx0883@qq.com', 0, 1, '2024-12-08 15:58:02.147338', NULL, NULL, 'images/avatar\\fx0883_6e6a652a.png', 0, NULL, '2024-12-08 15:58:02.412728', '2024-12-13 10:46:29.866055', 120, '2024-12-13 10:46:29.868389', NULL, '~', 1, NULL, NULL, NULL, NULL);
INSERT INTO `accounts_historicaluser` VALUES (1, 'pbkdf2_sha256$720000$uxmocJg9Km2K8su1OJ4KLF$mgT2KFTSiOsjAeAbmEyLaQVfaCRQoPPBJIAnDL2Idyw=', '2024-12-13 10:54:12.639338', 0, 'fx0883', '', '', 'fx0883@qq.com', 0, 1, '2024-12-08 15:58:02.147338', NULL, NULL, 'images/avatar\\fx0883_6e6a652a.png', 0, NULL, '2024-12-08 15:58:02.412728', '2024-12-13 10:46:29.866055', 121, '2024-12-13 10:54:12.640920', NULL, '~', 1, NULL, NULL, NULL, NULL);
INSERT INTO `accounts_historicaluser` VALUES (1, 'pbkdf2_sha256$720000$uxmocJg9Km2K8su1OJ4KLF$mgT2KFTSiOsjAeAbmEyLaQVfaCRQoPPBJIAnDL2Idyw=', '2024-12-13 10:54:29.330900', 0, 'fx0883', '', '', 'fx0883@qq.com', 0, 1, '2024-12-08 15:58:02.147338', NULL, NULL, 'images/avatar\\fx0883_6e6a652a.png', 0, NULL, '2024-12-08 15:58:02.412728', '2024-12-13 10:46:29.866055', 122, '2024-12-13 10:54:29.332413', NULL, '~', 1, NULL, NULL, NULL, NULL);
INSERT INTO `accounts_historicaluser` VALUES (1, 'pbkdf2_sha256$720000$uxmocJg9Km2K8su1OJ4KLF$mgT2KFTSiOsjAeAbmEyLaQVfaCRQoPPBJIAnDL2Idyw=', '2024-12-13 12:13:16.454711', 0, 'fx0883', '', '', 'fx0883@qq.com', 0, 1, '2024-12-08 15:58:02.147338', NULL, NULL, 'images/avatar\\fx0883_6e6a652a.png', 0, NULL, '2024-12-08 15:58:02.412728', '2024-12-13 10:46:29.866055', 123, '2024-12-13 12:13:16.456453', NULL, '~', 1, NULL, NULL, NULL, NULL);
INSERT INTO `accounts_historicaluser` VALUES (2, 'pbkdf2_sha256$720000$9Wi6vHS8F0kt7bJH9RBWLt$0M56ogXXJBkxnvN36iQWgFc+vuT4pVKSit+EbDucF2U=', '2024-12-13 12:15:33.733469', 1, 'admin', '', '', 'admin@123.com', 1, 1, '2024-12-09 03:36:03.989563', NULL, NULL, '', 0, NULL, '2024-12-09 03:36:04.146217', '2024-12-09 03:36:04.146217', 124, '2024-12-13 12:15:33.734919', NULL, '~', 2, NULL, NULL, NULL, NULL);
INSERT INTO `accounts_historicaluser` VALUES (1, 'pbkdf2_sha256$720000$uxmocJg9Km2K8su1OJ4KLF$mgT2KFTSiOsjAeAbmEyLaQVfaCRQoPPBJIAnDL2Idyw=', '2024-12-13 12:21:08.575988', 0, 'fx0883', '', '', 'fx0883@qq.com', 0, 1, '2024-12-08 15:58:02.147338', NULL, NULL, 'images/avatar\\fx0883_6e6a652a.png', 0, NULL, '2024-12-08 15:58:02.412728', '2024-12-13 10:46:29.866055', 125, '2024-12-13 12:21:08.586094', NULL, '~', 1, NULL, NULL, NULL, NULL);
INSERT INTO `accounts_historicaluser` VALUES (1, 'pbkdf2_sha256$720000$uxmocJg9Km2K8su1OJ4KLF$mgT2KFTSiOsjAeAbmEyLaQVfaCRQoPPBJIAnDL2Idyw=', '2024-12-13 12:34:27.059601', 0, 'fx0883', '', '', 'fx0883@qq.com', 0, 1, '2024-12-08 15:58:02.147338', NULL, NULL, 'images/avatar\\fx0883_6e6a652a.png', 0, NULL, '2024-12-08 15:58:02.412728', '2024-12-13 10:46:29.866055', 126, '2024-12-13 12:34:27.061637', NULL, '~', 1, NULL, NULL, NULL, NULL);
INSERT INTO `accounts_historicaluser` VALUES (1, 'pbkdf2_sha256$720000$uxmocJg9Km2K8su1OJ4KLF$mgT2KFTSiOsjAeAbmEyLaQVfaCRQoPPBJIAnDL2Idyw=', '2024-12-13 15:12:15.374637', 0, 'fx0883', '', '', 'fx0883@qq.com', 0, 1, '2024-12-08 15:58:02.147338', NULL, NULL, 'images/avatar\\fx0883_6e6a652a.png', 0, NULL, '2024-12-08 15:58:02.412728', '2024-12-13 10:46:29.866055', 127, '2024-12-13 15:12:15.376175', NULL, '~', 1, NULL, NULL, NULL, NULL);
INSERT INTO `accounts_historicaluser` VALUES (1, 'pbkdf2_sha256$720000$uxmocJg9Km2K8su1OJ4KLF$mgT2KFTSiOsjAeAbmEyLaQVfaCRQoPPBJIAnDL2Idyw=', '2024-12-13 15:13:29.352030', 0, 'fx0883', '', '', 'fx0883@qq.com', 0, 1, '2024-12-08 15:58:02.147338', NULL, NULL, 'images/avatar\\fx0883_6e6a652a.png', 0, NULL, '2024-12-08 15:58:02.412728', '2024-12-13 10:46:29.866055', 128, '2024-12-13 15:13:29.353251', NULL, '~', 1, NULL, NULL, NULL, NULL);
INSERT INTO `accounts_historicaluser` VALUES (1, 'pbkdf2_sha256$720000$uxmocJg9Km2K8su1OJ4KLF$mgT2KFTSiOsjAeAbmEyLaQVfaCRQoPPBJIAnDL2Idyw=', '2024-12-13 15:13:45.276976', 0, 'fx0883', '', '', 'fx0883@qq.com', 0, 1, '2024-12-08 15:58:02.147338', NULL, NULL, 'images/avatar\\fx0883_6e6a652a.png', 0, NULL, '2024-12-08 15:58:02.412728', '2024-12-13 10:46:29.866055', 129, '2024-12-13 15:13:45.278633', NULL, '~', 1, NULL, NULL, NULL, NULL);
INSERT INTO `accounts_historicaluser` VALUES (1, 'pbkdf2_sha256$720000$uxmocJg9Km2K8su1OJ4KLF$mgT2KFTSiOsjAeAbmEyLaQVfaCRQoPPBJIAnDL2Idyw=', '2024-12-13 15:15:02.124408', 0, 'fx0883', '', '', 'fx0883@qq.com', 0, 1, '2024-12-08 15:58:02.147338', NULL, NULL, 'images/avatar\\fx0883_6e6a652a.png', 0, NULL, '2024-12-08 15:58:02.412728', '2024-12-13 10:46:29.866055', 130, '2024-12-13 15:15:02.125832', NULL, '~', 1, NULL, NULL, NULL, NULL);
INSERT INTO `accounts_historicaluser` VALUES (1, 'pbkdf2_sha256$720000$uxmocJg9Km2K8su1OJ4KLF$mgT2KFTSiOsjAeAbmEyLaQVfaCRQoPPBJIAnDL2Idyw=', '2024-12-13 15:16:58.511671', 0, 'fx0883', '', '', 'fx0883@qq.com', 0, 1, '2024-12-08 15:58:02.147338', NULL, NULL, 'images/avatar\\fx0883_6e6a652a.png', 0, NULL, '2024-12-08 15:58:02.412728', '2024-12-13 10:46:29.866055', 131, '2024-12-13 15:16:58.513385', NULL, '~', 1, NULL, NULL, NULL, NULL);
INSERT INTO `accounts_historicaluser` VALUES (1, 'pbkdf2_sha256$720000$uxmocJg9Km2K8su1OJ4KLF$mgT2KFTSiOsjAeAbmEyLaQVfaCRQoPPBJIAnDL2Idyw=', '2024-12-13 15:19:34.513101', 0, 'fx0883', '', '', 'fx0883@qq.com', 0, 1, '2024-12-08 15:58:02.147338', NULL, NULL, 'images/avatar\\fx0883_6e6a652a.png', 0, NULL, '2024-12-08 15:58:02.412728', '2024-12-13 10:46:29.866055', 132, '2024-12-13 15:19:34.514306', NULL, '~', 1, NULL, NULL, NULL, NULL);
INSERT INTO `accounts_historicaluser` VALUES (1, 'pbkdf2_sha256$720000$uxmocJg9Km2K8su1OJ4KLF$mgT2KFTSiOsjAeAbmEyLaQVfaCRQoPPBJIAnDL2Idyw=', '2024-12-13 15:20:14.892927', 0, 'fx0883', '', '', 'fx0883@qq.com', 0, 1, '2024-12-08 15:58:02.147338', NULL, NULL, 'images/avatar\\fx0883_6e6a652a.png', 0, NULL, '2024-12-08 15:58:02.412728', '2024-12-13 10:46:29.866055', 133, '2024-12-13 15:20:14.894379', NULL, '~', 1, NULL, NULL, NULL, NULL);
INSERT INTO `accounts_historicaluser` VALUES (1, 'pbkdf2_sha256$720000$uxmocJg9Km2K8su1OJ4KLF$mgT2KFTSiOsjAeAbmEyLaQVfaCRQoPPBJIAnDL2Idyw=', '2024-12-13 15:20:28.443561', 0, 'fx0883', '', '', 'fx0883@qq.com', 0, 1, '2024-12-08 15:58:02.147338', NULL, NULL, 'images/avatar\\fx0883_6e6a652a.png', 0, NULL, '2024-12-08 15:58:02.412728', '2024-12-13 10:46:29.866055', 134, '2024-12-13 15:20:28.444778', NULL, '~', 1, NULL, NULL, NULL, NULL);
INSERT INTO `accounts_historicaluser` VALUES (1, 'pbkdf2_sha256$720000$uxmocJg9Km2K8su1OJ4KLF$mgT2KFTSiOsjAeAbmEyLaQVfaCRQoPPBJIAnDL2Idyw=', '2024-12-14 03:31:20.827722', 0, 'fx0883', '', '', 'fx0883@qq.com', 0, 1, '2024-12-08 15:58:02.147338', NULL, NULL, 'images/avatar\\fx0883_6e6a652a.png', 0, NULL, '2024-12-08 15:58:02.412728', '2024-12-13 10:46:29.866055', 135, '2024-12-14 03:31:20.829271', NULL, '~', 1, NULL, NULL, NULL, NULL);
INSERT INTO `accounts_historicaluser` VALUES (1, 'pbkdf2_sha256$720000$uxmocJg9Km2K8su1OJ4KLF$mgT2KFTSiOsjAeAbmEyLaQVfaCRQoPPBJIAnDL2Idyw=', '2024-12-14 05:01:15.483469', 0, 'fx0883', '', '', 'fx0883@qq.com', 0, 1, '2024-12-08 15:58:02.147338', NULL, NULL, 'images/avatar\\fx0883_6e6a652a.png', 0, NULL, '2024-12-08 15:58:02.412728', '2024-12-13 10:46:29.866055', 136, '2024-12-14 05:01:15.484906', NULL, '~', 1, NULL, NULL, NULL, NULL);
INSERT INTO `accounts_historicaluser` VALUES (1, 'pbkdf2_sha256$720000$uxmocJg9Km2K8su1OJ4KLF$mgT2KFTSiOsjAeAbmEyLaQVfaCRQoPPBJIAnDL2Idyw=', '2024-12-14 05:12:35.696908', 0, 'fx0883', '', '', 'fx0883@qq.com', 0, 1, '2024-12-08 15:58:02.147338', NULL, NULL, 'images/avatar\\fx0883_6e6a652a.png', 0, NULL, '2024-12-08 15:58:02.412728', '2024-12-13 10:46:29.866055', 137, '2024-12-14 05:12:35.699450', NULL, '~', 1, NULL, NULL, NULL, NULL);
INSERT INTO `accounts_historicaluser` VALUES (1, 'pbkdf2_sha256$720000$uxmocJg9Km2K8su1OJ4KLF$mgT2KFTSiOsjAeAbmEyLaQVfaCRQoPPBJIAnDL2Idyw=', '2024-12-14 08:24:10.957038', 0, 'fx0883', '', '', 'fx0883@qq.com', 0, 1, '2024-12-08 15:58:02.147338', NULL, NULL, 'images/avatar\\fx0883_6e6a652a.png', 0, NULL, '2024-12-08 15:58:02.412728', '2024-12-13 10:46:29.866055', 138, '2024-12-14 08:24:10.958305', NULL, '~', 1, NULL, NULL, NULL, NULL);
INSERT INTO `accounts_historicaluser` VALUES (1, 'pbkdf2_sha256$720000$uxmocJg9Km2K8su1OJ4KLF$mgT2KFTSiOsjAeAbmEyLaQVfaCRQoPPBJIAnDL2Idyw=', '2024-12-14 09:28:19.392315', 0, 'fx0883', '', '', 'fx0883@qq.com', 0, 1, '2024-12-08 15:58:02.147338', NULL, NULL, 'images/avatar\\fx0883_6e6a652a.png', 0, NULL, '2024-12-08 15:58:02.412728', '2024-12-13 10:46:29.866055', 139, '2024-12-14 09:28:19.393869', NULL, '~', 1, NULL, NULL, NULL, NULL);
INSERT INTO `accounts_historicaluser` VALUES (1, 'pbkdf2_sha256$720000$uxmocJg9Km2K8su1OJ4KLF$mgT2KFTSiOsjAeAbmEyLaQVfaCRQoPPBJIAnDL2Idyw=', '2024-12-14 10:35:36.633428', 0, 'fx0883', '', '', 'fx0883@qq.com', 0, 1, '2024-12-08 15:58:02.147338', NULL, NULL, 'images/avatar\\fx0883_6e6a652a.png', 0, NULL, '2024-12-08 15:58:02.412728', '2024-12-13 10:46:29.866055', 140, '2024-12-14 10:35:36.635143', NULL, '~', 1, NULL, NULL, NULL, NULL);
INSERT INTO `accounts_historicaluser` VALUES (1, 'pbkdf2_sha256$720000$uxmocJg9Km2K8su1OJ4KLF$mgT2KFTSiOsjAeAbmEyLaQVfaCRQoPPBJIAnDL2Idyw=', '2024-12-14 11:43:11.647421', 0, 'fx0883', '', '', 'fx0883@qq.com', 0, 1, '2024-12-08 15:58:02.147338', NULL, NULL, 'images/avatar\\fx0883_6e6a652a.png', 0, NULL, '2024-12-08 15:58:02.412728', '2024-12-13 10:46:29.866055', 141, '2024-12-14 11:43:11.649700', NULL, '~', 1, NULL, NULL, NULL, NULL);
INSERT INTO `accounts_historicaluser` VALUES (1, 'pbkdf2_sha256$720000$uxmocJg9Km2K8su1OJ4KLF$mgT2KFTSiOsjAeAbmEyLaQVfaCRQoPPBJIAnDL2Idyw=', '2024-12-14 12:12:10.789965', 0, 'fx0883', '', '', 'fx0883@qq.com', 0, 1, '2024-12-08 15:58:02.147338', NULL, NULL, 'images/avatar\\fx0883_6e6a652a.png', 0, NULL, '2024-12-08 15:58:02.412728', '2024-12-13 10:46:29.866055', 142, '2024-12-14 12:12:10.791496', NULL, '~', 1, NULL, NULL, NULL, NULL);
INSERT INTO `accounts_historicaluser` VALUES (1, 'pbkdf2_sha256$720000$uxmocJg9Km2K8su1OJ4KLF$mgT2KFTSiOsjAeAbmEyLaQVfaCRQoPPBJIAnDL2Idyw=', '2024-12-14 12:28:28.044350', 0, 'fx0883', '', '', 'fx0883@qq.com', 0, 1, '2024-12-08 15:58:02.147338', NULL, NULL, 'images/avatar\\fx0883_6e6a652a.png', 0, NULL, '2024-12-08 15:58:02.412728', '2024-12-13 10:46:29.866055', 143, '2024-12-14 12:28:28.046178', NULL, '~', 1, NULL, NULL, NULL, NULL);
INSERT INTO `accounts_historicaluser` VALUES (1, 'pbkdf2_sha256$720000$uxmocJg9Km2K8su1OJ4KLF$mgT2KFTSiOsjAeAbmEyLaQVfaCRQoPPBJIAnDL2Idyw=', '2024-12-14 12:30:48.694902', 0, 'fx0883', '', '', 'fx0883@qq.com', 0, 1, '2024-12-08 15:58:02.147338', NULL, NULL, 'images/avatar\\fx0883_6e6a652a.png', 0, NULL, '2024-12-08 15:58:02.412728', '2024-12-13 10:46:29.866055', 144, '2024-12-14 12:30:48.697144', NULL, '~', 1, NULL, NULL, NULL, NULL);
INSERT INTO `accounts_historicaluser` VALUES (1, 'pbkdf2_sha256$720000$uxmocJg9Km2K8su1OJ4KLF$mgT2KFTSiOsjAeAbmEyLaQVfaCRQoPPBJIAnDL2Idyw=', '2024-12-14 12:31:15.746150', 0, 'fx0883', '', '', 'fx0883@qq.com', 0, 1, '2024-12-08 15:58:02.147338', NULL, NULL, 'images/avatar\\fx0883_6e6a652a.png', 0, NULL, '2024-12-08 15:58:02.412728', '2024-12-13 10:46:29.866055', 145, '2024-12-14 12:31:15.747815', NULL, '~', 1, NULL, NULL, NULL, NULL);
INSERT INTO `accounts_historicaluser` VALUES (1, 'pbkdf2_sha256$720000$uxmocJg9Km2K8su1OJ4KLF$mgT2KFTSiOsjAeAbmEyLaQVfaCRQoPPBJIAnDL2Idyw=', '2024-12-14 12:39:03.719128', 0, 'fx0883', '', '', 'fx0883@qq.com', 0, 1, '2024-12-08 15:58:02.147338', NULL, NULL, 'images/avatar\\fx0883_6e6a652a.png', 0, NULL, '2024-12-08 15:58:02.412728', '2024-12-13 10:46:29.866055', 146, '2024-12-14 12:39:03.720728', NULL, '~', 1, NULL, NULL, NULL, NULL);
INSERT INTO `accounts_historicaluser` VALUES (1, 'pbkdf2_sha256$720000$uxmocJg9Km2K8su1OJ4KLF$mgT2KFTSiOsjAeAbmEyLaQVfaCRQoPPBJIAnDL2Idyw=', '2024-12-14 12:41:30.914019', 0, 'fx0883', '', '', 'fx0883@qq.com', 0, 1, '2024-12-08 15:58:02.147338', NULL, NULL, 'images/avatar\\fx0883_6e6a652a.png', 0, NULL, '2024-12-08 15:58:02.412728', '2024-12-13 10:46:29.866055', 147, '2024-12-14 12:41:30.915612', NULL, '~', 1, NULL, NULL, NULL, NULL);
INSERT INTO `accounts_historicaluser` VALUES (1, 'pbkdf2_sha256$720000$uxmocJg9Km2K8su1OJ4KLF$mgT2KFTSiOsjAeAbmEyLaQVfaCRQoPPBJIAnDL2Idyw=', '2024-12-14 12:42:05.228440', 0, 'fx0883', '', '', 'fx0883@qq.com', 0, 1, '2024-12-08 15:58:02.147338', NULL, NULL, 'images/avatar\\fx0883_6e6a652a.png', 0, NULL, '2024-12-08 15:58:02.412728', '2024-12-13 10:46:29.866055', 148, '2024-12-14 12:42:05.229699', NULL, '~', 1, NULL, NULL, NULL, NULL);
INSERT INTO `accounts_historicaluser` VALUES (1, 'pbkdf2_sha256$720000$uxmocJg9Km2K8su1OJ4KLF$mgT2KFTSiOsjAeAbmEyLaQVfaCRQoPPBJIAnDL2Idyw=', '2024-12-14 13:43:35.647564', 0, 'fx0883', '', '', 'fx0883@qq.com', 0, 1, '2024-12-08 15:58:02.147338', NULL, NULL, 'images/avatar\\fx0883_6e6a652a.png', 0, NULL, '2024-12-08 15:58:02.412728', '2024-12-13 10:46:29.866055', 149, '2024-12-14 13:43:35.664317', NULL, '~', 1, NULL, NULL, NULL, NULL);
INSERT INTO `accounts_historicaluser` VALUES (1, 'pbkdf2_sha256$720000$uxmocJg9Km2K8su1OJ4KLF$mgT2KFTSiOsjAeAbmEyLaQVfaCRQoPPBJIAnDL2Idyw=', '2024-12-15 09:36:41.361350', 0, 'fx0883', '', '', 'fx0883@qq.com', 0, 1, '2024-12-08 15:58:02.147338', NULL, NULL, 'images/avatar\\fx0883_6e6a652a.png', 0, NULL, '2024-12-08 15:58:02.412728', '2024-12-13 10:46:29.866055', 150, '2024-12-15 09:36:41.363396', NULL, '~', 1, NULL, NULL, NULL, NULL);
INSERT INTO `accounts_historicaluser` VALUES (1, 'pbkdf2_sha256$720000$uxmocJg9Km2K8su1OJ4KLF$mgT2KFTSiOsjAeAbmEyLaQVfaCRQoPPBJIAnDL2Idyw=', '2024-12-15 10:41:47.614746', 0, 'fx0883', '', '', 'fx0883@qq.com', 0, 1, '2024-12-08 15:58:02.147338', NULL, NULL, 'images/avatar\\fx0883_6e6a652a.png', 0, NULL, '2024-12-08 15:58:02.412728', '2024-12-13 10:46:29.866055', 151, '2024-12-15 10:41:47.630673', NULL, '~', 1, NULL, NULL, NULL, NULL);
INSERT INTO `accounts_historicaluser` VALUES (1, 'pbkdf2_sha256$720000$uxmocJg9Km2K8su1OJ4KLF$mgT2KFTSiOsjAeAbmEyLaQVfaCRQoPPBJIAnDL2Idyw=', '2024-12-15 12:11:04.545101', 0, 'fx0883', '', '', 'fx0883@qq.com', 0, 1, '2024-12-08 15:58:02.147338', NULL, NULL, 'images/avatar\\fx0883_6e6a652a.png', 0, NULL, '2024-12-08 15:58:02.412728', '2024-12-13 10:46:29.866055', 152, '2024-12-15 12:11:04.554359', NULL, '~', 1, NULL, NULL, NULL, NULL);
INSERT INTO `accounts_historicaluser` VALUES (1, 'pbkdf2_sha256$720000$uxmocJg9Km2K8su1OJ4KLF$mgT2KFTSiOsjAeAbmEyLaQVfaCRQoPPBJIAnDL2Idyw=', '2024-12-15 14:21:35.040469', 0, 'fx0883', '', '', 'fx0883@qq.com', 0, 1, '2024-12-08 15:58:02.147338', NULL, NULL, 'images/avatar\\fx0883_6e6a652a.png', 0, NULL, '2024-12-08 15:58:02.412728', '2024-12-13 10:46:29.866055', 153, '2024-12-15 14:21:35.043400', NULL, '~', 1, NULL, NULL, NULL, NULL);
INSERT INTO `accounts_historicaluser` VALUES (1, 'pbkdf2_sha256$720000$uxmocJg9Km2K8su1OJ4KLF$mgT2KFTSiOsjAeAbmEyLaQVfaCRQoPPBJIAnDL2Idyw=', '2024-12-16 13:54:05.826926', 0, 'fx0883', '', '', 'fx0883@qq.com', 0, 1, '2024-12-08 15:58:02.147338', NULL, NULL, 'images/avatar\\fx0883_6e6a652a.png', 0, NULL, '2024-12-08 15:58:02.412728', '2024-12-13 10:46:29.866055', 154, '2024-12-16 13:54:05.830910', NULL, '~', 1, NULL, NULL, NULL, NULL);
INSERT INTO `accounts_historicaluser` VALUES (1, 'pbkdf2_sha256$720000$uxmocJg9Km2K8su1OJ4KLF$mgT2KFTSiOsjAeAbmEyLaQVfaCRQoPPBJIAnDL2Idyw=', '2024-12-16 15:45:54.333539', 0, 'fx0883', '', '', 'fx0883@qq.com', 0, 1, '2024-12-08 15:58:02.147338', NULL, NULL, 'images/avatar\\fx0883_6e6a652a.png', 0, NULL, '2024-12-08 15:58:02.412728', '2024-12-13 10:46:29.866055', 155, '2024-12-16 15:45:54.336564', NULL, '~', 1, NULL, NULL, NULL, NULL);
INSERT INTO `accounts_historicaluser` VALUES (1, 'pbkdf2_sha256$720000$uxmocJg9Km2K8su1OJ4KLF$mgT2KFTSiOsjAeAbmEyLaQVfaCRQoPPBJIAnDL2Idyw=', '2024-12-17 03:15:07.717669', 0, 'fx0883', '', '', 'fx0883@qq.com', 0, 1, '2024-12-08 15:58:02.147338', NULL, NULL, 'images/avatar\\fx0883_6e6a652a.png', 0, NULL, '2024-12-08 15:58:02.412728', '2024-12-13 10:46:29.866055', 156, '2024-12-17 03:15:07.720110', NULL, '~', 1, NULL, NULL, NULL, NULL);
INSERT INTO `accounts_historicaluser` VALUES (1, 'pbkdf2_sha256$720000$uxmocJg9Km2K8su1OJ4KLF$mgT2KFTSiOsjAeAbmEyLaQVfaCRQoPPBJIAnDL2Idyw=', '2024-12-17 04:28:14.823599', 0, 'fx0883', '', '', 'fx0883@qq.com', 0, 1, '2024-12-08 15:58:02.147338', NULL, NULL, 'images/avatar\\fx0883_6e6a652a.png', 0, NULL, '2024-12-08 15:58:02.412728', '2024-12-13 10:46:29.866055', 157, '2024-12-17 04:28:14.825369', NULL, '~', 1, NULL, NULL, NULL, NULL);
INSERT INTO `accounts_historicaluser` VALUES (1, 'pbkdf2_sha256$720000$uxmocJg9Km2K8su1OJ4KLF$mgT2KFTSiOsjAeAbmEyLaQVfaCRQoPPBJIAnDL2Idyw=', '2024-12-17 04:28:50.996405', 0, 'fx0883', '', '', 'fx0883@qq.com', 0, 1, '2024-12-08 15:58:02.147338', NULL, NULL, 'images/avatar\\fx0883_6e6a652a.png', 0, NULL, '2024-12-08 15:58:02.412728', '2024-12-13 10:46:29.866055', 158, '2024-12-17 04:28:50.997648', NULL, '~', 1, NULL, NULL, NULL, NULL);
INSERT INTO `accounts_historicaluser` VALUES (1, 'pbkdf2_sha256$720000$uxmocJg9Km2K8su1OJ4KLF$mgT2KFTSiOsjAeAbmEyLaQVfaCRQoPPBJIAnDL2Idyw=', '2024-12-17 04:28:59.146269', 0, 'fx0883', '', '', 'fx0883@qq.com', 0, 1, '2024-12-08 15:58:02.147338', NULL, NULL, 'images/avatar\\fx0883_6e6a652a.png', 0, NULL, '2024-12-08 15:58:02.412728', '2024-12-13 10:46:29.866055', 159, '2024-12-17 04:28:59.148282', NULL, '~', 1, NULL, NULL, NULL, NULL);
INSERT INTO `accounts_historicaluser` VALUES (1, 'pbkdf2_sha256$720000$uxmocJg9Km2K8su1OJ4KLF$mgT2KFTSiOsjAeAbmEyLaQVfaCRQoPPBJIAnDL2Idyw=', '2024-12-17 04:29:07.006288', 0, 'fx0883', '', '', 'fx0883@qq.com', 0, 1, '2024-12-08 15:58:02.147338', NULL, NULL, 'images/avatar\\fx0883_6e6a652a.png', 0, NULL, '2024-12-08 15:58:02.412728', '2024-12-13 10:46:29.866055', 160, '2024-12-17 04:29:07.007400', NULL, '~', 1, NULL, NULL, NULL, NULL);
INSERT INTO `accounts_historicaluser` VALUES (1, 'pbkdf2_sha256$720000$uxmocJg9Km2K8su1OJ4KLF$mgT2KFTSiOsjAeAbmEyLaQVfaCRQoPPBJIAnDL2Idyw=', '2024-12-17 05:05:48.941881', 0, 'fx0883', '', '', 'fx0883@qq.com', 0, 1, '2024-12-08 15:58:02.147338', NULL, NULL, 'images/avatar\\fx0883_6e6a652a.png', 0, NULL, '2024-12-08 15:58:02.412728', '2024-12-13 10:46:29.866055', 161, '2024-12-17 05:05:48.943778', NULL, '~', 1, NULL, NULL, NULL, NULL);
INSERT INTO `accounts_historicaluser` VALUES (1, 'pbkdf2_sha256$720000$uxmocJg9Km2K8su1OJ4KLF$mgT2KFTSiOsjAeAbmEyLaQVfaCRQoPPBJIAnDL2Idyw=', '2024-12-17 05:06:19.593522', 0, 'fx0883', '', '', 'fx0883@qq.com', 0, 1, '2024-12-08 15:58:02.147338', NULL, NULL, 'images/avatar\\fx0883_6e6a652a.png', 0, NULL, '2024-12-08 15:58:02.412728', '2024-12-13 10:46:29.866055', 162, '2024-12-17 05:06:19.594736', NULL, '~', 1, NULL, NULL, NULL, NULL);
INSERT INTO `accounts_historicaluser` VALUES (1, 'pbkdf2_sha256$720000$uxmocJg9Km2K8su1OJ4KLF$mgT2KFTSiOsjAeAbmEyLaQVfaCRQoPPBJIAnDL2Idyw=', '2024-12-17 05:08:39.221561', 0, 'fx0883', '', '', 'fx0883@qq.com', 0, 1, '2024-12-08 15:58:02.147338', NULL, NULL, 'images/avatar\\fx0883_6e6a652a.png', 0, NULL, '2024-12-08 15:58:02.412728', '2024-12-13 10:46:29.866055', 163, '2024-12-17 05:08:39.223317', NULL, '~', 1, NULL, NULL, NULL, NULL);
INSERT INTO `accounts_historicaluser` VALUES (1, 'pbkdf2_sha256$720000$uxmocJg9Km2K8su1OJ4KLF$mgT2KFTSiOsjAeAbmEyLaQVfaCRQoPPBJIAnDL2Idyw=', '2024-12-17 05:08:56.352681', 0, 'fx0883', '', '', 'fx0883@qq.com', 0, 1, '2024-12-08 15:58:02.147338', NULL, NULL, 'images/avatar\\fx0883_6e6a652a.png', 0, NULL, '2024-12-08 15:58:02.412728', '2024-12-13 10:46:29.866055', 164, '2024-12-17 05:08:56.354029', NULL, '~', 1, NULL, NULL, NULL, NULL);
INSERT INTO `accounts_historicaluser` VALUES (1, 'pbkdf2_sha256$720000$uxmocJg9Km2K8su1OJ4KLF$mgT2KFTSiOsjAeAbmEyLaQVfaCRQoPPBJIAnDL2Idyw=', '2024-12-17 06:02:13.289442', 0, 'fx0883', '', '', 'fx0883@qq.com', 0, 1, '2024-12-08 15:58:02.147338', NULL, NULL, 'images/avatar\\fx0883_6e6a652a.png', 0, NULL, '2024-12-08 15:58:02.412728', '2024-12-13 10:46:29.866055', 165, '2024-12-17 06:02:13.291067', NULL, '~', 1, NULL, NULL, NULL, NULL);
INSERT INTO `accounts_historicaluser` VALUES (1, 'pbkdf2_sha256$720000$uxmocJg9Km2K8su1OJ4KLF$mgT2KFTSiOsjAeAbmEyLaQVfaCRQoPPBJIAnDL2Idyw=', '2024-12-17 07:52:18.685040', 0, 'fx0883', '', '', 'fx0883@qq.com', 0, 1, '2024-12-08 15:58:02.147338', NULL, NULL, 'images/avatar\\fx0883_6e6a652a.png', 0, NULL, '2024-12-08 15:58:02.412728', '2024-12-13 10:46:29.866055', 166, '2024-12-17 07:52:18.687632', NULL, '~', 1, NULL, NULL, NULL, NULL);
INSERT INTO `accounts_historicaluser` VALUES (1, 'pbkdf2_sha256$720000$uxmocJg9Km2K8su1OJ4KLF$mgT2KFTSiOsjAeAbmEyLaQVfaCRQoPPBJIAnDL2Idyw=', '2024-12-17 12:07:30.970122', 0, 'fx0883', '', '', 'fx0883@qq.com', 0, 1, '2024-12-08 15:58:02.147338', NULL, NULL, 'images/avatar\\fx0883_6e6a652a.png', 0, NULL, '2024-12-08 15:58:02.412728', '2024-12-13 10:46:29.866055', 167, '2024-12-17 12:07:30.973358', NULL, '~', 1, NULL, NULL, NULL, NULL);
INSERT INTO `accounts_historicaluser` VALUES (1, 'pbkdf2_sha256$720000$vUUQdaihVKv2PMypQWkYpU$2flJAMvCHrZllmDctO3zTkUxjM3w4e82uUqTQZSvDVY=', '2024-12-17 12:07:30.970122', 0, 'fx0883', '', '', 'fx0883@qq.com', 0, 1, '2024-12-08 15:58:02.147338', NULL, NULL, 'images/avatar\\fx0883_6e6a652a.png', 0, NULL, '2024-12-08 15:58:02.412728', '2024-12-17 12:31:10.097472', 168, '2024-12-17 12:31:10.100463', NULL, '~', 1, NULL, NULL, NULL, NULL);
INSERT INTO `accounts_historicaluser` VALUES (1, 'pbkdf2_sha256$720000$ZKCJl6I6yLaiLhmHzp7wA9$1DKmrM/2AF5jcATk6MsIos/JOdwUtYZ+Mv38yrJYBy4=', '2024-12-17 12:07:30.970122', 0, 'fx0883', '', '', 'fx0883@qq.com', 0, 1, '2024-12-08 15:58:02.147338', NULL, NULL, 'images/avatar\\fx0883_6e6a652a.png', 0, NULL, '2024-12-08 15:58:02.412728', '2024-12-17 12:34:25.726285', 169, '2024-12-17 12:34:25.729161', NULL, '~', 1, NULL, NULL, NULL, NULL);
INSERT INTO `accounts_historicaluser` VALUES (1, 'pbkdf2_sha256$720000$VHuNdF5cclHCZQt4M0tZvm$66t7j2BWjmuUdpCOTcK7XKXnkvLQZHMe8ySYNS2i/Bk=', '2024-12-17 12:07:30.970122', 0, 'fx0883', '', '', 'fx0883@qq.com', 0, 1, '2024-12-08 15:58:02.147338', NULL, NULL, 'images/avatar\\fx0883_6e6a652a.png', 0, NULL, '2024-12-08 15:58:02.412728', '2024-12-17 12:41:44.930867', 170, '2024-12-17 12:41:44.933811', NULL, '~', NULL, NULL, NULL, NULL, NULL);
INSERT INTO `accounts_historicaluser` VALUES (1, 'pbkdf2_sha256$720000$REcUYMiEXb4qRgbUgoSvcR$hIw88cGfon/Z4bmPJbiPWUvYnenGQ2ENnYLgs+c/QTQ=', '2024-12-17 12:07:30.970122', 0, 'fx0883', '', '', 'fx0883@qq.com', 0, 1, '2024-12-08 15:58:02.147338', NULL, NULL, 'images/avatar\\fx0883_6e6a652a.png', 0, NULL, '2024-12-08 15:58:02.412728', '2024-12-17 12:43:39.779122', 171, '2024-12-17 12:43:39.781821', NULL, '~', NULL, NULL, NULL, NULL, NULL);
INSERT INTO `accounts_historicaluser` VALUES (1, 'pbkdf2_sha256$720000$REcUYMiEXb4qRgbUgoSvcR$hIw88cGfon/Z4bmPJbiPWUvYnenGQ2ENnYLgs+c/QTQ=', '2024-12-17 13:04:24.090220', 0, 'fx0883', '', '', 'fx0883@qq.com', 0, 1, '2024-12-08 15:58:02.147338', NULL, NULL, 'images/avatar\\fx0883_6e6a652a.png', 0, NULL, '2024-12-08 15:58:02.412728', '2024-12-17 12:43:39.779122', 172, '2024-12-17 13:04:24.091508', NULL, '~', 1, NULL, NULL, NULL, NULL);
INSERT INTO `accounts_historicaluser` VALUES (1, 'pbkdf2_sha256$720000$REcUYMiEXb4qRgbUgoSvcR$hIw88cGfon/Z4bmPJbiPWUvYnenGQ2ENnYLgs+c/QTQ=', '2024-12-17 13:43:40.896202', 0, 'fx0883', '', '', 'fx0883@qq.com', 0, 1, '2024-12-08 15:58:02.147338', NULL, NULL, 'images/avatar\\fx0883_6e6a652a.png', 0, NULL, '2024-12-08 15:58:02.412728', '2024-12-17 12:43:39.779122', 173, '2024-12-17 13:43:40.898118', NULL, '~', 1, NULL, NULL, NULL, NULL);
INSERT INTO `accounts_historicaluser` VALUES (1, 'pbkdf2_sha256$720000$REcUYMiEXb4qRgbUgoSvcR$hIw88cGfon/Z4bmPJbiPWUvYnenGQ2ENnYLgs+c/QTQ=', '2024-12-18 02:46:31.290414', 0, 'fx0883', '', '', 'fx0883@qq.com', 0, 1, '2024-12-08 15:58:02.147338', NULL, NULL, 'images/avatar\\fx0883_6e6a652a.png', 0, NULL, '2024-12-08 15:58:02.412728', '2024-12-17 12:43:39.779122', 174, '2024-12-18 02:46:31.291889', NULL, '~', 1, NULL, NULL, NULL, NULL);
INSERT INTO `accounts_historicaluser` VALUES (1, 'pbkdf2_sha256$720000$REcUYMiEXb4qRgbUgoSvcR$hIw88cGfon/Z4bmPJbiPWUvYnenGQ2ENnYLgs+c/QTQ=', '2024-12-18 02:58:46.541645', 0, 'fx0883', '', '', 'fx0883@qq.com', 0, 1, '2024-12-08 15:58:02.147338', NULL, NULL, 'images/avatar\\fx0883_6e6a652a.png', 0, NULL, '2024-12-08 15:58:02.412728', '2024-12-17 12:43:39.779122', 175, '2024-12-18 02:58:46.543596', NULL, '~', 1, NULL, NULL, NULL, NULL);
INSERT INTO `accounts_historicaluser` VALUES (7, 'pbkdf2_sha256$720000$ge64zbU5QHlxMyDSUndE87$lQMNu+bEHSIsyuWz+QwbNL3Cvv6558lKUnkCTtewkjc=', NULL, 0, 'fx0882', '', '', 'fx0883@qq.com', 0, 1, '2024-12-18 05:43:19.995049', NULL, NULL, '', 0, NULL, '2024-12-18 05:43:20.425625', '2024-12-18 05:43:20.425637', 176, '2024-12-18 05:43:20.427436', NULL, '+', NULL, NULL, NULL, NULL, NULL);
INSERT INTO `accounts_historicaluser` VALUES (7, 'pbkdf2_sha256$720000$ge64zbU5QHlxMyDSUndE87$lQMNu+bEHSIsyuWz+QwbNL3Cvv6558lKUnkCTtewkjc=', '2024-12-18 05:43:30.534441', 0, 'fx0882', '', '', 'fx0883@qq.com', 0, 1, '2024-12-18 05:43:19.995049', NULL, NULL, '', 0, NULL, '2024-12-18 05:43:20.425625', '2024-12-18 05:43:20.425637', 177, '2024-12-18 05:43:30.536499', NULL, '~', 7, NULL, NULL, NULL, NULL);
INSERT INTO `accounts_historicaluser` VALUES (7, 'pbkdf2_sha256$720000$ge64zbU5QHlxMyDSUndE87$lQMNu+bEHSIsyuWz+QwbNL3Cvv6558lKUnkCTtewkjc=', '2024-12-18 05:43:30.534441', 0, 'fx0882', '', '', 'fx0883@qq.com', 0, 1, '2024-12-18 05:43:19.995049', NULL, NULL, 'images/avatar/fx0882_445f0ee4.png', 0, NULL, '2024-12-18 05:43:20.425625', '2024-12-18 05:45:03.433758', 178, '2024-12-18 05:45:03.436063', NULL, '~', 7, NULL, NULL, NULL, NULL);
INSERT INTO `accounts_historicaluser` VALUES (8, 'pbkdf2_sha256$720000$xzBvksQTrYE3ehSAqj4cUL$DeE8/KN3SUmmQ8rdpQ74SlPcvh92cNGQWkQd5GPKYpE=', NULL, 0, '123123', '', '', 'fx08832@qq.co', 0, 1, '2024-12-18 05:45:33.758654', NULL, NULL, '', 0, NULL, '2024-12-18 05:45:34.171250', '2024-12-18 05:45:34.171263', 179, '2024-12-18 05:45:34.173321', NULL, '+', NULL, NULL, NULL, NULL, NULL);
INSERT INTO `accounts_historicaluser` VALUES (9, 'pbkdf2_sha256$720000$xcwVRSZQNa8uaEcFxZjbzT$ZRHhcqTSelMmq8Yh0oWW9CUgfqcUsrqWYRywbP/Bi14=', NULL, 0, '111@', '', '', 'fx0883@qq.com', 0, 1, '2024-12-18 05:48:13.617520', NULL, NULL, '', 0, NULL, '2024-12-18 05:48:14.049623', '2024-12-18 05:48:14.049636', 180, '2024-12-18 05:48:14.053716', NULL, '+', NULL, NULL, NULL, NULL, NULL);
INSERT INTO `accounts_historicaluser` VALUES (10, 'pbkdf2_sha256$720000$j1hkSgOytZgo7PdpMVWUFh$P6sDs26TMGG2jtYNKxZMTH6UBfBdg1zB1pgTmka+CGs=', NULL, 0, 'fx08832', '', '', 'fx0883@qq.com', 0, 1, '2024-12-18 06:16:10.602056', NULL, NULL, '', 0, NULL, '2024-12-18 06:16:11.015373', '2024-12-18 06:16:11.015388', 181, '2024-12-18 06:16:11.017850', NULL, '+', NULL, NULL, NULL, NULL, NULL);
INSERT INTO `accounts_historicaluser` VALUES (11, 'pbkdf2_sha256$720000$4cphpIlO13k46JMSgIDLQC$v67M2dZDKQFKmTMr6Rl65BWvJnWDtSy9ERqPuzsjIas=', NULL, 0, 'fx08822', '', '', 'fx0883@qq.com', 0, 1, '2024-12-18 06:16:32.874110', NULL, NULL, '', 0, NULL, '2024-12-18 06:16:33.282082', '2024-12-18 06:16:33.282095', 182, '2024-12-18 06:16:33.284319', NULL, '+', NULL, NULL, NULL, NULL, NULL);
INSERT INTO `accounts_historicaluser` VALUES (1, 'pbkdf2_sha256$720000$REcUYMiEXb4qRgbUgoSvcR$hIw88cGfon/Z4bmPJbiPWUvYnenGQ2ENnYLgs+c/QTQ=', '2024-12-18 06:50:39.557174', 0, 'fx0883', '', '', 'fx0883@qq.com', 0, 1, '2024-12-08 15:58:02.147338', NULL, NULL, 'images/avatar\\fx0883_6e6a652a.png', 0, NULL, '2024-12-08 15:58:02.412728', '2024-12-17 12:43:39.779122', 183, '2024-12-18 06:50:39.559292', NULL, '~', 1, NULL, NULL, NULL, NULL);
INSERT INTO `accounts_historicaluser` VALUES (1, 'pbkdf2_sha256$720000$REcUYMiEXb4qRgbUgoSvcR$hIw88cGfon/Z4bmPJbiPWUvYnenGQ2ENnYLgs+c/QTQ=', '2024-12-18 06:50:39.557174', 0, 'fx0883', '', '', 'fx0883@qq.com', 0, 1, '2024-12-08 15:58:02.147338', NULL, NULL, 'images/avatar\\fx0883_6e6a652a.png', 0, NULL, '2024-12-08 15:58:02.412728', '2024-12-18 06:51:04.476659', 184, '2024-12-18 06:51:04.479277', NULL, '~', 1, '111', NULL, NULL, NULL);
INSERT INTO `accounts_historicaluser` VALUES (1, 'pbkdf2_sha256$720000$REcUYMiEXb4qRgbUgoSvcR$hIw88cGfon/Z4bmPJbiPWUvYnenGQ2ENnYLgs+c/QTQ=', '2024-12-18 06:50:39.557174', 0, 'fx0883', '', '', 'fx0883@qq.com', 0, 1, '2024-12-08 15:58:02.147338', NULL, NULL, 'images/avatar\\fx0883_6e6a652a.png', 0, NULL, '2024-12-08 15:58:02.412728', '2024-12-18 06:54:49.908690', 185, '2024-12-18 06:54:49.911220', NULL, '~', 1, '222', NULL, NULL, NULL);
INSERT INTO `accounts_historicaluser` VALUES (1, 'pbkdf2_sha256$720000$REcUYMiEXb4qRgbUgoSvcR$hIw88cGfon/Z4bmPJbiPWUvYnenGQ2ENnYLgs+c/QTQ=', '2024-12-18 06:54:52.921722', 0, 'fx0883', '', '', 'fx0883@qq.com', 0, 1, '2024-12-08 15:58:02.147338', NULL, NULL, 'images/avatar\\fx0883_6e6a652a.png', 0, NULL, '2024-12-08 15:58:02.412728', '2024-12-18 06:54:49.908690', 186, '2024-12-18 06:54:52.923695', NULL, '~', 1, '222', NULL, NULL, NULL);
INSERT INTO `accounts_historicaluser` VALUES (1, 'pbkdf2_sha256$720000$REcUYMiEXb4qRgbUgoSvcR$hIw88cGfon/Z4bmPJbiPWUvYnenGQ2ENnYLgs+c/QTQ=', '2024-12-18 06:54:52.921722', 0, 'fx0883', '', '', 'fx0883@qq.com', 0, 1, '2024-12-08 15:58:02.147338', NULL, NULL, 'images/avatar\\fx0883_6e6a652a.png', 0, NULL, '2024-12-08 15:58:02.412728', '2024-12-18 06:55:12.893139', 187, '2024-12-18 06:55:12.896894', NULL, '~', 1, 'nihao d a sdf asd fas df', NULL, NULL, NULL);
INSERT INTO `accounts_historicaluser` VALUES (1, 'pbkdf2_sha256$720000$REcUYMiEXb4qRgbUgoSvcR$hIw88cGfon/Z4bmPJbiPWUvYnenGQ2ENnYLgs+c/QTQ=', '2024-12-20 06:52:15.863963', 0, 'fx0883', '', '', 'fx0883@qq.com', 0, 1, '2024-12-08 15:58:02.147338', NULL, NULL, 'images/avatar\\fx0883_6e6a652a.png', 0, NULL, '2024-12-08 15:58:02.412728', '2024-12-18 06:55:12.893139', 188, '2024-12-20 06:52:15.868733', NULL, '~', 1, 'nihao d a sdf asd fas df', NULL, NULL, NULL);
INSERT INTO `accounts_historicaluser` VALUES (1, 'pbkdf2_sha256$720000$REcUYMiEXb4qRgbUgoSvcR$hIw88cGfon/Z4bmPJbiPWUvYnenGQ2ENnYLgs+c/QTQ=', '2024-12-20 08:15:53.679539', 0, 'fx0883', '', '', 'fx0883@qq.com', 0, 1, '2024-12-08 15:58:02.147338', NULL, NULL, 'images/avatar\\fx0883_6e6a652a.png', 0, NULL, '2024-12-08 15:58:02.412728', '2024-12-18 06:55:12.893139', 189, '2024-12-20 08:15:53.682981', NULL, '~', 1, 'nihao d a sdf asd fas df', NULL, NULL, NULL);
INSERT INTO `accounts_historicaluser` VALUES (4, 'pbkdf2_sha256$720000$Zy0ZM58q3UEaoxexTRDGm6$VtGsqFxMA9rjCPRAvOCHjdJb4irC/QTxogaL8x3o3ig=', '2024-12-22 05:11:11.412956', 0, 'johndoe', 'John', 'Doe', 'john@example.com', 0, 1, '2024-12-09 08:18:36.130906', NULL, NULL, '', 0, NULL, '2024-12-09 08:18:36.303508', '2024-12-09 08:18:36.303508', 190, '2024-12-22 05:11:11.416756', NULL, '~', 4, NULL, NULL, NULL, NULL);
INSERT INTO `accounts_historicaluser` VALUES (12, '!fbhgjeamDOc6BOQZGW0azvuJCxA12MWMV44y2eWH', NULL, 0, 'wx_8051231c', '', '', '', 0, 1, '2024-12-22 05:44:01.082143', NULL, NULL, '', 0, NULL, '2024-12-22 05:44:01.082452', '2024-12-22 05:44:01.082460', 191, '2024-12-22 05:44:01.089364', NULL, '+', NULL, NULL, 'oWbi-4rKnjp8Go84CrPTDeLdSL4o', NULL, 'o81bP0yWQI2yTDcJw0K_FEixBiJ0');
INSERT INTO `accounts_historicaluser` VALUES (12, '!fbhgjeamDOc6BOQZGW0azvuJCxA12MWMV44y2eWH', NULL, 0, 'wx_8051231c', '', '', '', 0, 1, '2024-12-22 05:44:01.082143', NULL, NULL, '', 0, NULL, '2024-12-22 05:44:01.082452', '2024-12-22 05:44:01.092010', 192, '2024-12-22 05:44:01.095999', NULL, '~', NULL, NULL, 'oWbi-4rKnjp8Go84CrPTDeLdSL4o', 'L8tx/0B5fw+mYPXrtvPLUQ==', 'o81bP0yWQI2yTDcJw0K_FEixBiJ0');
INSERT INTO `accounts_historicaluser` VALUES (12, '!fbhgjeamDOc6BOQZGW0azvuJCxA12MWMV44y2eWH', NULL, 0, 'wx_8051231c', '', '', '', 0, 1, '2024-12-22 05:44:01.082143', NULL, NULL, '', 0, NULL, '2024-12-22 05:44:01.082452', '2024-12-22 05:45:30.388540', 193, '2024-12-22 05:45:30.390908', NULL, '~', NULL, NULL, 'oWbi-4rKnjp8Go84CrPTDeLdSL4o', 'L8tx/0B5fw+mYPXrtvPLUQ==', 'o81bP0yWQI2yTDcJw0K_FEixBiJ0');
INSERT INTO `accounts_historicaluser` VALUES (12, '!fbhgjeamDOc6BOQZGW0azvuJCxA12MWMV44y2eWH', NULL, 0, 'wx_8051231c', '', '', '', 0, 1, '2024-12-22 05:44:01.082143', NULL, NULL, '', 0, NULL, '2024-12-22 05:44:01.082452', '2024-12-22 05:45:47.398932', 194, '2024-12-22 05:45:47.401636', NULL, '~', NULL, NULL, 'oWbi-4rKnjp8Go84CrPTDeLdSL4o', 'L8tx/0B5fw+mYPXrtvPLUQ==', 'o81bP0yWQI2yTDcJw0K_FEixBiJ0');
INSERT INTO `accounts_historicaluser` VALUES (2, 'pbkdf2_sha256$720000$9Wi6vHS8F0kt7bJH9RBWLt$0M56ogXXJBkxnvN36iQWgFc+vuT4pVKSit+EbDucF2U=', '2024-12-22 05:46:46.553685', 1, 'admin', '', '', 'admin@123.com', 1, 1, '2024-12-09 03:36:03.989563', NULL, NULL, '', 0, NULL, '2024-12-09 03:36:04.146217', '2024-12-09 03:36:04.146217', 195, '2024-12-22 05:46:46.554976', NULL, '~', 2, NULL, NULL, NULL, NULL);
INSERT INTO `accounts_historicaluser` VALUES (12, '!fbhgjeamDOc6BOQZGW0azvuJCxA12MWMV44y2eWH', NULL, 0, 'wx_8051231c', '', '', '', 0, 1, '2024-12-22 05:44:01.082143', NULL, NULL, '', 0, NULL, '2024-12-22 05:44:01.082452', '2024-12-22 05:45:47.398932', 196, '2024-12-22 05:47:17.024552', NULL, '-', 2, NULL, 'oWbi-4rKnjp8Go84CrPTDeLdSL4o', 'L8tx/0B5fw+mYPXrtvPLUQ==', 'o81bP0yWQI2yTDcJw0K_FEixBiJ0');
INSERT INTO `accounts_historicaluser` VALUES (13, '!dhjDgfShPsgwJ7KYGVWCHFMldwpYeqonc4sajlP8', NULL, 0, 'wx_2405cc07', '', '', '', 0, 1, '2024-12-22 07:35:13.626697', NULL, NULL, '', 0, NULL, '2024-12-22 07:35:13.627131', '2024-12-22 07:35:13.627143', 197, '2024-12-22 07:35:13.630547', NULL, '+', NULL, NULL, 'oWbi-4rKnjp8Go84CrPTDeLdSL4o', NULL, 'o81bP0yWQI2yTDcJw0K_FEixBiJ0');
INSERT INTO `accounts_historicaluser` VALUES (13, '!dhjDgfShPsgwJ7KYGVWCHFMldwpYeqonc4sajlP8', NULL, 0, 'wx_2405cc07', '', '', '', 0, 1, '2024-12-22 07:35:13.626697', NULL, NULL, '', 0, NULL, '2024-12-22 07:35:13.627131', '2024-12-22 07:35:13.633329', 198, '2024-12-22 07:35:13.635167', NULL, '~', NULL, NULL, 'oWbi-4rKnjp8Go84CrPTDeLdSL4o', 'L8tx/0B5fw+mYPXrtvPLUQ==', 'o81bP0yWQI2yTDcJw0K_FEixBiJ0');
INSERT INTO `accounts_historicaluser` VALUES (13, '!dhjDgfShPsgwJ7KYGVWCHFMldwpYeqonc4sajlP8', NULL, 0, 'wx_2405cc07', '', '', '', 0, 1, '2024-12-22 07:35:13.626697', NULL, NULL, '', 0, NULL, '2024-12-22 07:35:13.627131', '2024-12-22 07:35:26.939999', 199, '2024-12-22 07:35:26.942248', NULL, '~', NULL, NULL, 'oWbi-4rKnjp8Go84CrPTDeLdSL4o', 'L8tx/0B5fw+mYPXrtvPLUQ==', 'o81bP0yWQI2yTDcJw0K_FEixBiJ0');
INSERT INTO `accounts_historicaluser` VALUES (13, '!dhjDgfShPsgwJ7KYGVWCHFMldwpYeqonc4sajlP8', NULL, 0, 'wx_2405cc07', '', '', '', 0, 1, '2024-12-22 07:35:13.626697', NULL, NULL, '', 0, NULL, '2024-12-22 07:35:13.627131', '2024-12-22 07:35:45.726035', 200, '2024-12-22 07:35:45.729177', NULL, '~', NULL, NULL, 'oWbi-4rKnjp8Go84CrPTDeLdSL4o', 'L8tx/0B5fw+mYPXrtvPLUQ==', 'o81bP0yWQI2yTDcJw0K_FEixBiJ0');
INSERT INTO `accounts_historicaluser` VALUES (13, '!dhjDgfShPsgwJ7KYGVWCHFMldwpYeqonc4sajlP8', NULL, 0, 'wx_2405cc07', '', '', '', 0, 1, '2024-12-22 07:35:13.626697', NULL, NULL, '', 0, NULL, '2024-12-22 07:35:13.627131', '2024-12-22 07:36:45.948036', 201, '2024-12-22 07:36:45.949951', NULL, '~', NULL, NULL, 'oWbi-4rKnjp8Go84CrPTDeLdSL4o', 'L8tx/0B5fw+mYPXrtvPLUQ==', 'o81bP0yWQI2yTDcJw0K_FEixBiJ0');
INSERT INTO `accounts_historicaluser` VALUES (13, '!dhjDgfShPsgwJ7KYGVWCHFMldwpYeqonc4sajlP8', NULL, 0, 'wx_2405cc07', '', '', '', 0, 1, '2024-12-22 07:35:13.626697', NULL, NULL, '', 0, NULL, '2024-12-22 07:35:13.627131', '2024-12-22 07:38:31.721832', 202, '2024-12-22 07:38:31.727708', NULL, '~', NULL, NULL, 'oWbi-4rKnjp8Go84CrPTDeLdSL4o', 'L8tx/0B5fw+mYPXrtvPLUQ==', 'o81bP0yWQI2yTDcJw0K_FEixBiJ0');
INSERT INTO `accounts_historicaluser` VALUES (1, 'pbkdf2_sha256$720000$REcUYMiEXb4qRgbUgoSvcR$hIw88cGfon/Z4bmPJbiPWUvYnenGQ2ENnYLgs+c/QTQ=', '2024-12-22 10:46:16.882679', 0, 'fx0883', '', '', 'fx0883@qq.com', 0, 1, '2024-12-08 15:58:02.147338', NULL, NULL, 'images/avatar\\fx0883_6e6a652a.png', 0, NULL, '2024-12-08 15:58:02.412728', '2024-12-18 06:55:12.893139', 203, '2024-12-22 10:46:16.884653', NULL, '~', 1, 'nihao d a sdf asd fas df', NULL, NULL, NULL);
INSERT INTO `accounts_historicaluser` VALUES (1, 'pbkdf2_sha256$720000$REcUYMiEXb4qRgbUgoSvcR$hIw88cGfon/Z4bmPJbiPWUvYnenGQ2ENnYLgs+c/QTQ=', '2024-12-22 10:46:27.034255', 0, 'fx0883', '', '', 'fx0883@qq.com', 0, 1, '2024-12-08 15:58:02.147338', NULL, NULL, 'images/avatar\\fx0883_6e6a652a.png', 0, NULL, '2024-12-08 15:58:02.412728', '2024-12-18 06:55:12.893139', 204, '2024-12-22 10:46:27.035665', NULL, '~', 1, 'nihao d a sdf asd fas df', NULL, NULL, NULL);
INSERT INTO `accounts_historicaluser` VALUES (1, 'pbkdf2_sha256$720000$REcUYMiEXb4qRgbUgoSvcR$hIw88cGfon/Z4bmPJbiPWUvYnenGQ2ENnYLgs+c/QTQ=', '2024-12-22 10:46:33.963790', 0, 'fx0883', '', '', 'fx0883@qq.com', 0, 1, '2024-12-08 15:58:02.147338', NULL, NULL, 'images/avatar\\fx0883_6e6a652a.png', 0, NULL, '2024-12-08 15:58:02.412728', '2024-12-18 06:55:12.893139', 205, '2024-12-22 10:46:33.965425', NULL, '~', 1, 'nihao d a sdf asd fas df', NULL, NULL, NULL);
INSERT INTO `accounts_historicaluser` VALUES (1, 'pbkdf2_sha256$720000$REcUYMiEXb4qRgbUgoSvcR$hIw88cGfon/Z4bmPJbiPWUvYnenGQ2ENnYLgs+c/QTQ=', '2024-12-22 10:46:34.322762', 0, 'fx0883', '', '', 'fx0883@qq.com', 0, 1, '2024-12-08 15:58:02.147338', NULL, NULL, 'images/avatar\\fx0883_6e6a652a.png', 0, NULL, '2024-12-08 15:58:02.412728', '2024-12-18 06:55:12.893139', 206, '2024-12-22 10:46:34.324320', NULL, '~', 1, 'nihao d a sdf asd fas df', NULL, NULL, NULL);
INSERT INTO `accounts_historicaluser` VALUES (1, 'pbkdf2_sha256$720000$REcUYMiEXb4qRgbUgoSvcR$hIw88cGfon/Z4bmPJbiPWUvYnenGQ2ENnYLgs+c/QTQ=', '2024-12-22 11:08:59.163249', 0, 'fx0883', '', '', 'fx0883@qq.com', 0, 1, '2024-12-08 15:58:02.147338', NULL, NULL, 'images/avatar\\fx0883_6e6a652a.png', 0, NULL, '2024-12-08 15:58:02.412728', '2024-12-18 06:55:12.893139', 207, '2024-12-22 11:08:59.164592', NULL, '~', 1, 'nihao d a sdf asd fas df', NULL, NULL, NULL);
INSERT INTO `accounts_historicaluser` VALUES (1, 'pbkdf2_sha256$720000$REcUYMiEXb4qRgbUgoSvcR$hIw88cGfon/Z4bmPJbiPWUvYnenGQ2ENnYLgs+c/QTQ=', '2024-12-22 11:10:57.581038', 0, 'fx0883', '', '', 'fx0883@qq.com', 0, 1, '2024-12-08 15:58:02.147338', NULL, NULL, 'images/avatar\\fx0883_6e6a652a.png', 0, NULL, '2024-12-08 15:58:02.412728', '2024-12-18 06:55:12.893139', 208, '2024-12-22 11:10:57.582781', NULL, '~', 1, 'nihao d a sdf asd fas df', NULL, NULL, NULL);
INSERT INTO `accounts_historicaluser` VALUES (1, 'pbkdf2_sha256$720000$REcUYMiEXb4qRgbUgoSvcR$hIw88cGfon/Z4bmPJbiPWUvYnenGQ2ENnYLgs+c/QTQ=', '2024-12-22 11:16:39.643209', 0, 'fx0883', '', '', 'fx0883@qq.com', 0, 1, '2024-12-08 15:58:02.147338', NULL, NULL, 'images/avatar\\fx0883_6e6a652a.png', 0, NULL, '2024-12-08 15:58:02.412728', '2024-12-18 06:55:12.893139', 209, '2024-12-22 11:16:39.644452', NULL, '~', 1, 'nihao d a sdf asd fas df', NULL, NULL, NULL);
INSERT INTO `accounts_historicaluser` VALUES (1, 'pbkdf2_sha256$720000$REcUYMiEXb4qRgbUgoSvcR$hIw88cGfon/Z4bmPJbiPWUvYnenGQ2ENnYLgs+c/QTQ=', '2024-12-22 11:21:05.306569', 0, 'fx0883', '', '', 'fx0883@qq.com', 0, 1, '2024-12-08 15:58:02.147338', NULL, NULL, 'images/avatar\\fx0883_6e6a652a.png', 0, NULL, '2024-12-08 15:58:02.412728', '2024-12-18 06:55:12.893139', 210, '2024-12-22 11:21:05.308143', NULL, '~', 1, 'nihao d a sdf asd fas df', NULL, NULL, NULL);
INSERT INTO `accounts_historicaluser` VALUES (1, 'pbkdf2_sha256$720000$REcUYMiEXb4qRgbUgoSvcR$hIw88cGfon/Z4bmPJbiPWUvYnenGQ2ENnYLgs+c/QTQ=', '2024-12-22 11:21:12.147403', 0, 'fx0883', '', '', 'fx0883@qq.com', 0, 1, '2024-12-08 15:58:02.147338', NULL, NULL, 'images/avatar\\fx0883_6e6a652a.png', 0, NULL, '2024-12-08 15:58:02.412728', '2024-12-18 06:55:12.893139', 211, '2024-12-22 11:21:12.149277', NULL, '~', 1, 'nihao d a sdf asd fas df', NULL, NULL, NULL);
INSERT INTO `accounts_historicaluser` VALUES (13, '!dhjDgfShPsgwJ7KYGVWCHFMldwpYeqonc4sajlP8', NULL, 0, 'wx_2405cc07', '', '', '', 0, 1, '2024-12-22 07:35:13.626697', NULL, NULL, '', 0, NULL, '2024-12-22 07:35:13.627131', '2024-12-22 11:23:28.640924', 212, '2024-12-22 11:23:28.643152', NULL, '~', NULL, NULL, 'oWbi-4rKnjp8Go84CrPTDeLdSL4o', 'L8tx/0B5fw+mYPXrtvPLUQ==', 'o81bP0yWQI2yTDcJw0K_FEixBiJ0');
INSERT INTO `accounts_historicaluser` VALUES (13, '!dhjDgfShPsgwJ7KYGVWCHFMldwpYeqonc4sajlP8', NULL, 0, 'wx_2405cc07', '', '', '', 0, 1, '2024-12-22 07:35:13.626697', NULL, NULL, '', 0, NULL, '2024-12-22 07:35:13.627131', '2024-12-22 12:44:59.754862', 213, '2024-12-22 12:44:59.757098', NULL, '~', 13, '23123123', 'oWbi-4rKnjp8Go84CrPTDeLdSL4o', 'L8tx/0B5fw+mYPXrtvPLUQ==', 'o81bP0yWQI2yTDcJw0K_FEixBiJ0');
INSERT INTO `accounts_historicaluser` VALUES (13, '!dhjDgfShPsgwJ7KYGVWCHFMldwpYeqonc4sajlP8', NULL, 0, 'wx_2405cc07', '', '', '', 0, 1, '2024-12-22 07:35:13.626697', NULL, NULL, 'images/avatar/wx_2405cc07_0903bba8.png', 0, NULL, '2024-12-22 07:35:13.627131', '2024-12-22 12:45:08.773709', 214, '2024-12-22 12:45:08.776626', NULL, '~', 13, '23123123', 'oWbi-4rKnjp8Go84CrPTDeLdSL4o', 'L8tx/0B5fw+mYPXrtvPLUQ==', 'o81bP0yWQI2yTDcJw0K_FEixBiJ0');
INSERT INTO `accounts_historicaluser` VALUES (13, '!dhjDgfShPsgwJ7KYGVWCHFMldwpYeqonc4sajlP8', NULL, 0, 'wx_2405cc07', '', '', '', 0, 1, '2024-12-22 07:35:13.626697', NULL, NULL, 'images/avatar/wx_2405cc07_0903bba8.png', 0, NULL, '2024-12-22 07:35:13.627131', '2024-12-22 12:45:55.885102', 215, '2024-12-22 12:45:55.889196', NULL, '~', NULL, '23123123', 'oWbi-4rKnjp8Go84CrPTDeLdSL4o', 'WT+gKVyj4f+aKH14BU/zeQ==', 'o81bP0yWQI2yTDcJw0K_FEixBiJ0');
INSERT INTO `accounts_historicaluser` VALUES (13, '!dhjDgfShPsgwJ7KYGVWCHFMldwpYeqonc4sajlP8', NULL, 0, 'wx_2405cc07', '', '', '', 0, 1, '2024-12-22 07:35:13.626697', NULL, NULL, 'images/avatar/wx_2405cc07_0903bba8.png', 0, NULL, '2024-12-22 07:35:13.627131', '2024-12-22 13:00:39.962493', 216, '2024-12-22 13:00:39.965568', NULL, '~', NULL, '23123123', 'oWbi-4rKnjp8Go84CrPTDeLdSL4o', 'WT+gKVyj4f+aKH14BU/zeQ==', 'o81bP0yWQI2yTDcJw0K_FEixBiJ0');
INSERT INTO `accounts_historicaluser` VALUES (13, '!dhjDgfShPsgwJ7KYGVWCHFMldwpYeqonc4sajlP8', NULL, 0, 'wx_2405cc07', '', '', '', 0, 1, '2024-12-22 07:35:13.626697', NULL, NULL, 'images/avatar/wx_2405cc07_0903bba8.png', 0, NULL, '2024-12-22 07:35:13.627131', '2024-12-22 13:02:54.620940', 217, '2024-12-22 13:02:54.623633', NULL, '~', NULL, '23123123', 'oWbi-4rKnjp8Go84CrPTDeLdSL4o', 'WT+gKVyj4f+aKH14BU/zeQ==', 'o81bP0yWQI2yTDcJw0K_FEixBiJ0');
INSERT INTO `accounts_historicaluser` VALUES (13, '!dhjDgfShPsgwJ7KYGVWCHFMldwpYeqonc4sajlP8', NULL, 0, 'wx_2405cc07', '', '', '', 0, 1, '2024-12-22 07:35:13.626697', NULL, NULL, 'images/avatar/wx_2405cc07_0903bba8.png', 0, NULL, '2024-12-22 07:35:13.627131', '2024-12-22 13:05:14.759837', 218, '2024-12-22 13:05:14.768525', NULL, '~', NULL, '23123123', 'oWbi-4rKnjp8Go84CrPTDeLdSL4o', 'WT+gKVyj4f+aKH14BU/zeQ==', 'o81bP0yWQI2yTDcJw0K_FEixBiJ0');
INSERT INTO `accounts_historicaluser` VALUES (13, '!dhjDgfShPsgwJ7KYGVWCHFMldwpYeqonc4sajlP8', NULL, 0, 'wx_2405cc07', '', '', '', 0, 1, '2024-12-22 07:35:13.626697', NULL, NULL, 'images/avatar/wx_2405cc07_0903bba8.png', 0, NULL, '2024-12-22 07:35:13.627131', '2024-12-22 13:58:41.404399', 219, '2024-12-22 13:58:41.407074', NULL, '~', NULL, '23123123', 'oWbi-4rKnjp8Go84CrPTDeLdSL4o', 'WT+gKVyj4f+aKH14BU/zeQ==', 'o81bP0yWQI2yTDcJw0K_FEixBiJ0');
INSERT INTO `accounts_historicaluser` VALUES (13, '!dhjDgfShPsgwJ7KYGVWCHFMldwpYeqonc4sajlP8', NULL, 0, 'wx_2405cc07', '', '', '', 0, 1, '2024-12-22 07:35:13.626697', NULL, NULL, 'images/avatar/wx_2405cc07_0903bba8.png', 0, NULL, '2024-12-22 07:35:13.627131', '2024-12-23 04:27:15.596156', 220, '2024-12-23 04:27:15.600595', NULL, '~', NULL, '23123123', 'oWbi-4rKnjp8Go84CrPTDeLdSL4o', 'vqqxvSVE/rDgk5+esM+C5g==', 'o81bP0yWQI2yTDcJw0K_FEixBiJ0');
INSERT INTO `accounts_historicaluser` VALUES (13, '!dhjDgfShPsgwJ7KYGVWCHFMldwpYeqonc4sajlP8', NULL, 0, 'wx_2405cc07', '', '', '', 0, 1, '2024-12-22 07:35:13.626697', NULL, NULL, 'images/avatar/wx_2405cc07_0903bba8.png', 0, NULL, '2024-12-22 07:35:13.627131', '2024-12-23 05:57:28.508461', 221, '2024-12-23 05:57:28.510548', NULL, '~', NULL, '23123123', 'oWbi-4rKnjp8Go84CrPTDeLdSL4o', 'vqqxvSVE/rDgk5+esM+C5g==', 'o81bP0yWQI2yTDcJw0K_FEixBiJ0');

-- ----------------------------
-- Table structure for accounts_historicaluserdevice
-- ----------------------------
DROP TABLE IF EXISTS `accounts_historicaluserdevice`;
CREATE TABLE `accounts_historicaluserdevice`  (
  `id` bigint NOT NULL,
  `device_id` varchar(100) CHARACTER SET utf8mb4 COLLATE utf8mb4_0900_ai_ci NOT NULL,
  `device_name` varchar(100) CHARACTER SET utf8mb4 COLLATE utf8mb4_0900_ai_ci NOT NULL,
  `device_type` varchar(50) CHARACTER SET utf8mb4 COLLATE utf8mb4_0900_ai_ci NOT NULL,
  `last_sync_time` datetime(6) NULL DEFAULT NULL,
  `is_active` tinyint(1) NOT NULL,
  `created_at` datetime(6) NOT NULL,
  `updated_at` datetime(6) NOT NULL,
  `history_id` int NOT NULL AUTO_INCREMENT,
  `history_date` datetime(6) NOT NULL,
  `history_change_reason` varchar(100) CHARACTER SET utf8mb4 COLLATE utf8mb4_0900_ai_ci NULL DEFAULT NULL,
  `history_type` varchar(1) CHARACTER SET utf8mb4 COLLATE utf8mb4_0900_ai_ci NOT NULL,
  `history_user_id` bigint NULL DEFAULT NULL,
  `user_id` bigint NULL DEFAULT NULL,
  PRIMARY KEY (`history_id`) USING BTREE,
  INDEX `accounts_historicalu_history_user_id_2ef58fa6_fk_accounts_`(`history_user_id` ASC) USING BTREE,
  INDEX `accounts_historicaluserdevice_id_45f218b7`(`id` ASC) USING BTREE,
  INDEX `accounts_historicaluserdevice_device_id_aa800ae5`(`device_id` ASC) USING BTREE,
  INDEX `accounts_historicaluserdevice_history_date_3f31d7a6`(`history_date` ASC) USING BTREE,
  INDEX `accounts_historicaluserdevice_user_id_8988ccdf`(`user_id` ASC) USING BTREE,
  CONSTRAINT `accounts_historicalu_history_user_id_2ef58fa6_fk_accounts_` FOREIGN KEY (`history_user_id`) REFERENCES `accounts_user` (`id`) ON DELETE RESTRICT ON UPDATE RESTRICT
) ENGINE = InnoDB AUTO_INCREMENT = 3 CHARACTER SET = utf8mb4 COLLATE = utf8mb4_0900_ai_ci ROW_FORMAT = DYNAMIC;

-- ----------------------------
-- Records of accounts_historicaluserdevice
-- ----------------------------
INSERT INTO `accounts_historicaluserdevice` VALUES (1, '1', 'device_name', 'device_type', '2024-12-09 12:57:43.118063', 1, '2024-12-09 12:57:43.118063', '2024-12-09 12:57:43.118063', 1, '2024-12-09 12:57:43.122154', NULL, '+', 4, 4);
INSERT INTO `accounts_historicaluserdevice` VALUES (1, '1', 'device_name111111111111111', 'device_type', '2024-12-09 12:00:00.000000', 1, '2024-12-09 12:57:43.118063', '2024-12-09 12:58:16.274892', 2, '2024-12-09 12:58:16.278157', NULL, '~', 4, 1);

-- ----------------------------
-- Table structure for accounts_historicaluserfeedback
-- ----------------------------
DROP TABLE IF EXISTS `accounts_historicaluserfeedback`;
CREATE TABLE `accounts_historicaluserfeedback`  (
  `id` bigint NOT NULL,
  `type` varchar(20) CHARACTER SET utf8mb4 COLLATE utf8mb4_0900_ai_ci NOT NULL,
  `title` varchar(200) CHARACTER SET utf8mb4 COLLATE utf8mb4_0900_ai_ci NOT NULL,
  `content` longtext CHARACTER SET utf8mb4 COLLATE utf8mb4_0900_ai_ci NOT NULL,
  `status` varchar(20) CHARACTER SET utf8mb4 COLLATE utf8mb4_0900_ai_ci NOT NULL,
  `response` longtext CHARACTER SET utf8mb4 COLLATE utf8mb4_0900_ai_ci NULL,
  `created_at` datetime(6) NOT NULL,
  `updated_at` datetime(6) NOT NULL,
  `history_id` int NOT NULL AUTO_INCREMENT,
  `history_date` datetime(6) NOT NULL,
  `history_change_reason` varchar(100) CHARACTER SET utf8mb4 COLLATE utf8mb4_0900_ai_ci NULL DEFAULT NULL,
  `history_type` varchar(1) CHARACTER SET utf8mb4 COLLATE utf8mb4_0900_ai_ci NOT NULL,
  `history_user_id` bigint NULL DEFAULT NULL,
  `user_id` bigint NULL DEFAULT NULL,
  `contact_info` varchar(100) CHARACTER SET utf8mb4 COLLATE utf8mb4_0900_ai_ci NULL DEFAULT NULL,
  PRIMARY KEY (`history_id`) USING BTREE,
  INDEX `accounts_historicalu_history_user_id_e8e5937c_fk_accounts_`(`history_user_id` ASC) USING BTREE,
  INDEX `accounts_historicaluserfeedback_id_42540e66`(`id` ASC) USING BTREE,
  INDEX `accounts_historicaluserfeedback_history_date_2b4eaf13`(`history_date` ASC) USING BTREE,
  INDEX `accounts_historicaluserfeedback_user_id_92cce853`(`user_id` ASC) USING BTREE,
  CONSTRAINT `accounts_historicalu_history_user_id_e8e5937c_fk_accounts_` FOREIGN KEY (`history_user_id`) REFERENCES `accounts_user` (`id`) ON DELETE RESTRICT ON UPDATE RESTRICT
) ENGINE = InnoDB AUTO_INCREMENT = 14 CHARACTER SET = utf8mb4 COLLATE = utf8mb4_0900_ai_ci ROW_FORMAT = DYNAMIC;

-- ----------------------------
-- Records of accounts_historicaluserfeedback
-- ----------------------------
INSERT INTO `accounts_historicaluserfeedback` VALUES (1, '11string', 's1tring', 'string', 'pending', NULL, '2024-12-09 12:57:05.419654', '2024-12-09 12:57:05.419654', 1, '2024-12-09 12:57:05.423497', NULL, '+', 4, 4, NULL);
INSERT INTO `accounts_historicaluserfeedback` VALUES (2, 'string', 'string', 'string', 'pending', NULL, '2024-12-17 07:53:37.340611', '2024-12-17 07:53:37.340626', 2, '2024-12-17 07:53:37.343031', NULL, '+', 1, 1, NULL);
INSERT INTO `accounts_historicaluserfeedback` VALUES (3, 'string', 'string', 'string', 'pending', NULL, '2024-12-17 07:53:43.391482', '2024-12-17 07:53:43.391501', 3, '2024-12-17 07:53:43.394120', NULL, '+', 1, 1, NULL);
INSERT INTO `accounts_historicaluserfeedback` VALUES (4, 'string', 'string', 'string', 'pending', NULL, '2024-12-17 07:53:48.282231', '2024-12-17 07:53:48.282244', 4, '2024-12-17 07:53:48.284153', NULL, '+', 1, 1, NULL);
INSERT INTO `accounts_historicaluserfeedback` VALUES (5, 'string', 'string', 'string', 'pending', NULL, '2024-12-17 08:00:40.201851', '2024-12-17 08:00:40.201871', 5, '2024-12-17 08:00:40.203932', NULL, '+', 1, 1, NULL);
INSERT INTO `accounts_historicaluserfeedback` VALUES (6, 'string', 'string', 'string', 'pending', NULL, '2024-12-17 08:00:48.518355', '2024-12-17 08:00:48.518378', 6, '2024-12-17 08:00:48.520753', NULL, '+', 1, 1, 'string');
INSERT INTO `accounts_historicaluserfeedback` VALUES (7, 'feature_request', '11', '111', 'pending', NULL, '2024-12-17 08:04:50.214176', '2024-12-17 08:04:50.214200', 7, '2024-12-17 08:04:50.216430', NULL, '+', 1, 1, '111');
INSERT INTO `accounts_historicaluserfeedback` VALUES (8, 'other', '11', '123123', 'pending', NULL, '2024-12-17 08:06:22.484813', '2024-12-17 08:06:22.484836', 8, '2024-12-17 08:06:22.486958', NULL, '+', 1, 1, '12313');
INSERT INTO `accounts_historicaluserfeedback` VALUES (9, 'feature_request', '1213', '123123', 'pending', NULL, '2024-12-17 08:07:39.918913', '2024-12-17 08:07:39.918933', 9, '2024-12-17 08:07:39.921261', NULL, '+', 1, 1, '123123');
INSERT INTO `accounts_historicaluserfeedback` VALUES (10, '', '11', '11', 'pending', NULL, '2024-12-17 12:06:16.672681', '2024-12-17 12:06:16.672707', 10, '2024-12-17 12:06:16.677736', NULL, '+', 1, 1, '11');
INSERT INTO `accounts_historicaluserfeedback` VALUES (11, '', '1231', '23123', 'pending', NULL, '2024-12-17 12:06:40.386362', '2024-12-17 12:06:40.386384', 11, '2024-12-17 12:06:40.388590', NULL, '+', 1, 1, '');
INSERT INTO `accounts_historicaluserfeedback` VALUES (12, '', '1', '12', 'pending', NULL, '2024-12-18 05:42:21.717707', '2024-12-18 05:42:21.717728', 12, '2024-12-18 05:42:21.719822', NULL, '+', 1, 1, '');
INSERT INTO `accounts_historicaluserfeedback` VALUES (13, '', '12', '123123', 'pending', NULL, '2024-12-22 12:40:33.523814', '2024-12-22 12:40:33.523831', 13, '2024-12-22 12:40:33.526098', NULL, '+', 1, 1, '');

-- ----------------------------
-- Table structure for accounts_historicaluserprofile
-- ----------------------------
DROP TABLE IF EXISTS `accounts_historicaluserprofile`;
CREATE TABLE `accounts_historicaluserprofile`  (
  `id` bigint NOT NULL,
  `theme` varchar(20) CHARACTER SET utf8mb4 COLLATE utf8mb4_0900_ai_ci NOT NULL,
  `notification_preferences` json NOT NULL,
  `timezone` varchar(50) CHARACTER SET utf8mb4 COLLATE utf8mb4_0900_ai_ci NOT NULL,
  `language` varchar(10) CHARACTER SET utf8mb4 COLLATE utf8mb4_0900_ai_ci NOT NULL,
  `created_at` datetime(6) NOT NULL,
  `updated_at` datetime(6) NOT NULL,
  `history_id` int NOT NULL AUTO_INCREMENT,
  `history_date` datetime(6) NOT NULL,
  `history_change_reason` varchar(100) CHARACTER SET utf8mb4 COLLATE utf8mb4_0900_ai_ci NULL DEFAULT NULL,
  `history_type` varchar(1) CHARACTER SET utf8mb4 COLLATE utf8mb4_0900_ai_ci NOT NULL,
  `history_user_id` bigint NULL DEFAULT NULL,
  `user_id` bigint NULL DEFAULT NULL,
  PRIMARY KEY (`history_id`) USING BTREE,
  INDEX `accounts_historicalu_history_user_id_c825aedf_fk_accounts_`(`history_user_id` ASC) USING BTREE,
  INDEX `accounts_historicaluserprofile_id_10638df2`(`id` ASC) USING BTREE,
  INDEX `accounts_historicaluserprofile_history_date_8a31e348`(`history_date` ASC) USING BTREE,
  INDEX `accounts_historicaluserprofile_user_id_5132a9c1`(`user_id` ASC) USING BTREE,
  CONSTRAINT `accounts_historicalu_history_user_id_c825aedf_fk_accounts_` FOREIGN KEY (`history_user_id`) REFERENCES `accounts_user` (`id`) ON DELETE RESTRICT ON UPDATE RESTRICT
) ENGINE = InnoDB AUTO_INCREMENT = 9 CHARACTER SET = utf8mb4 COLLATE = utf8mb4_0900_ai_ci ROW_FORMAT = DYNAMIC;

-- ----------------------------
-- Records of accounts_historicaluserprofile
-- ----------------------------
INSERT INTO `accounts_historicaluserprofile` VALUES (1, 'light', '{}', 'Asia/Shanghai', 'zh-hans', '2024-12-08 15:58:02.412728', '2024-12-08 15:58:02.412728', 1, '2024-12-08 15:58:02.412728', NULL, '+', NULL, 1);
INSERT INTO `accounts_historicaluserprofile` VALUES (2, 'light', '{}', 'Asia/Shanghai', 'zh-hans', '2024-12-09 08:18:36.307507', '2024-12-09 08:18:36.307507', 2, '2024-12-09 08:18:36.308506', NULL, '+', 1, 4);
INSERT INTO `accounts_historicaluserprofile` VALUES (3, 'light', '{}', 'Asia/Shanghai', 'zh-hans', '2024-12-09 15:16:36.347315', '2024-12-09 15:16:36.347315', 3, '2024-12-09 15:16:36.348764', NULL, '+', 1, 5);
INSERT INTO `accounts_historicaluserprofile` VALUES (4, 'light', '{}', 'Asia/Shanghai', 'zh-hans', '2024-12-18 05:43:20.429156', '2024-12-18 05:43:20.429164', 4, '2024-12-18 05:43:20.439880', NULL, '+', NULL, 7);
INSERT INTO `accounts_historicaluserprofile` VALUES (5, 'light', '{}', 'Asia/Shanghai', 'zh-hans', '2024-12-18 05:45:34.175413', '2024-12-18 05:45:34.175424', 5, '2024-12-18 05:45:34.176750', NULL, '+', NULL, 8);
INSERT INTO `accounts_historicaluserprofile` VALUES (6, 'light', '{}', 'Asia/Shanghai', 'zh-hans', '2024-12-18 05:48:14.056861', '2024-12-18 05:48:14.056875', 6, '2024-12-18 05:48:14.058059', NULL, '+', NULL, 9);
INSERT INTO `accounts_historicaluserprofile` VALUES (7, 'light', '{}', 'Asia/Shanghai', 'zh-hans', '2024-12-18 06:16:11.020423', '2024-12-18 06:16:11.020432', 7, '2024-12-18 06:16:11.021713', NULL, '+', NULL, 10);
INSERT INTO `accounts_historicaluserprofile` VALUES (8, 'light', '{}', 'Asia/Shanghai', 'zh-hans', '2024-12-18 06:16:33.286186', '2024-12-18 06:16:33.286196', 8, '2024-12-18 06:16:33.287197', NULL, '+', NULL, 11);

-- ----------------------------
-- Table structure for accounts_historicalverificationcode
-- ----------------------------
DROP TABLE IF EXISTS `accounts_historicalverificationcode`;
CREATE TABLE `accounts_historicalverificationcode`  (
  `id` bigint NOT NULL,
  `code` longtext CHARACTER SET utf8mb4 COLLATE utf8mb4_0900_ai_ci NOT NULL,
  `purpose` varchar(20) CHARACTER SET utf8mb4 COLLATE utf8mb4_0900_ai_ci NOT NULL,
  `is_used` tinyint(1) NOT NULL,
  `expires_at` datetime(6) NOT NULL,
  `created_at` datetime(6) NOT NULL,
  `history_id` int NOT NULL AUTO_INCREMENT,
  `history_date` datetime(6) NOT NULL,
  `history_change_reason` varchar(100) CHARACTER SET utf8mb4 COLLATE utf8mb4_0900_ai_ci NULL DEFAULT NULL,
  `history_type` varchar(1) CHARACTER SET utf8mb4 COLLATE utf8mb4_0900_ai_ci NOT NULL,
  `history_user_id` bigint NULL DEFAULT NULL,
  `user_id` bigint NULL DEFAULT NULL,
  PRIMARY KEY (`history_id`) USING BTREE,
  INDEX `accounts_historicalv_history_user_id_907ba5a8_fk_accounts_`(`history_user_id` ASC) USING BTREE,
  INDEX `accounts_historicalverificationcode_id_aecb13dc`(`id` ASC) USING BTREE,
  INDEX `accounts_historicalverificationcode_history_date_5bbd1b5b`(`history_date` ASC) USING BTREE,
  INDEX `accounts_historicalverificationcode_user_id_59c0c742`(`user_id` ASC) USING BTREE,
  CONSTRAINT `accounts_historicalv_history_user_id_907ba5a8_fk_accounts_` FOREIGN KEY (`history_user_id`) REFERENCES `accounts_user` (`id`) ON DELETE RESTRICT ON UPDATE RESTRICT
) ENGINE = InnoDB AUTO_INCREMENT = 20 CHARACTER SET = utf8mb4 COLLATE = utf8mb4_0900_ai_ci ROW_FORMAT = DYNAMIC;

-- ----------------------------
-- Records of accounts_historicalverificationcode
-- ----------------------------
INSERT INTO `accounts_historicalverificationcode` VALUES (1, 'gAAAAABnVqoLgqruuGo3Te2RUwC5qCX4HOPerCUUYNIPCVT6HjdYqmOekOfaCnID6wJPIC-dEACy0_0alEYPq0H8E6IkwOudtg==', 'password_reset', 0, '2024-12-09 08:57:55.682662', '2024-12-09 08:27:55.689662', 1, '2024-12-09 08:27:55.692059', NULL, '+', 1, 1);
INSERT INTO `accounts_historicalverificationcode` VALUES (2, 'gAAAAABnVsV3-d11VuVxzDE7hDdhd931JLNLuvfUt8DRj_ehMhkRMmHYKwIcPo_IVt11lDmjSstIAZrq5y9vN0RwT8secNP_bg==', 'password_reset', 0, '2024-12-09 10:54:55.961213', '2024-12-09 10:24:55.988788', 2, '2024-12-09 10:24:55.991023', NULL, '+', 1, 1);
INSERT INTO `accounts_historicalverificationcode` VALUES (3, 'gAAAAABnVsWW8YJOOB6gRcold6208mMo1wLXsk-tLsK6MgtnpdO0MFp9rpxy-kwrpJBBL1011j6qxh_V0jMGmaaunL-Wjxpnvg==', 'password_reset', 0, '2024-12-09 10:55:26.228090', '2024-12-09 10:25:26.236609', 3, '2024-12-09 10:25:26.241210', NULL, '+', 1, 1);
INSERT INTO `accounts_historicalverificationcode` VALUES (4, 'gAAAAABnVsYJ5N14M0b1AR3oQ5PryKSf6Tbj7q3_M6UxbAXx8BmcL-tVag5VRTXujCLsTA5BM9qvY9EO6iRZFtYEHH_wOvDOIQ==', 'password_reset', 0, '2024-12-09 10:57:21.623849', '2024-12-09 10:27:21.631461', 4, '2024-12-09 10:27:21.633454', NULL, '+', 1, 1);
INSERT INTO `accounts_historicalverificationcode` VALUES (5, 'gAAAAABnVtOhZ6xpd94_b5ZnFT27Nv-bA6iKpAnV_n9LMygzn9vvYRYnCK_9JDnvWoZ0uL8Pjqv5F-ZePEkJJg4n23kOR694qw==', 'password_reset', 0, '2024-12-09 11:55:21.263359', '2024-12-09 11:25:21.279067', 5, '2024-12-09 11:25:21.281069', NULL, '+', 1, 1);
INSERT INTO `accounts_historicalverificationcode` VALUES (6, 'gAAAAABnVtQ15byTLsJwVN8ZsodMMvuRo4JUS4Fcqf7Jzy2caIQ88FpnqcAd-leC26n40oUoyhpka-N6yJdXUgjX3YKdTL9xZQ==', 'password_reset', 0, '2024-12-09 11:57:49.199546', '2024-12-09 11:27:49.210206', 6, '2024-12-09 11:27:49.216331', NULL, '+', 1, 1);
INSERT INTO `accounts_historicalverificationcode` VALUES (7, 'gAAAAABnVt3j6xBJqcUOHA3l7l7ym4eNWlZlySlRWV4scZ_8k9Xgvz3E05HiicDC0GgNR88ad9WhlAVXjU2L2HXwu8vGDEpKnQ==', 'password_reset', 0, '2024-12-09 12:39:07.464205', '2024-12-09 12:09:07.475833', 7, '2024-12-09 12:09:07.477838', NULL, '+', 1, 1);
INSERT INTO `accounts_historicalverificationcode` VALUES (8, 'gAAAAABnVt8ntg19LwioXJqBkVQF5WNf2yEMTXksGmA2FlkaquUKNCUPbGIOz1XRh2ZavdaKCU_mWKiV0_zfNangp_HNUzWOPA==', 'password_reset', 0, '2024-12-09 12:44:31.409596', '2024-12-09 12:14:31.418238', 8, '2024-12-09 12:14:31.420747', NULL, '+', NULL, 1);
INSERT INTO `accounts_historicalverificationcode` VALUES (8, 'gAAAAABnVt9nknOWs-WbOfJwOz6SF3DCTfBXqT3YwXNVGt60ISjKZ2KnW1-K4bErLr05sbvv0b2pX8k2jdNEr1ksNBPPhf00nw==', 'password_reset', 1, '2024-12-09 12:44:31.409596', '2024-12-09 12:14:31.418238', 9, '2024-12-09 12:15:35.338016', NULL, '~', NULL, 1);
INSERT INTO `accounts_historicalverificationcode` VALUES (7, 'gAAAAABnVt_wDHSbaL3keDN7I0socm_dCHe7QYsK1mZ2yejxYYBTIkcaxknETq9vMtF2xEnm4-lfOzt8oR0u3bh6v8O2tCGA_w==', 'password_reset', 1, '2024-12-09 12:39:07.464205', '2024-12-09 12:09:07.475833', 10, '2024-12-09 12:17:52.360281', NULL, '~', NULL, 1);
INSERT INTO `accounts_historicalverificationcode` VALUES (9, 'gAAAAABnYWqM3k02CtEh_u6OZ29k2E5MQaDpLDCS9Klnt3f5-PPEBSVhuRUdRODkuS9oSLTWgsMX1s478r4ECZmRQ7s6btG8Pg==', 'password_reset', 0, '2024-12-17 12:41:56.270521', '2024-12-17 12:11:56.301265', 11, '2024-12-17 12:11:56.304529', NULL, '+', 1, 1);
INSERT INTO `accounts_historicalverificationcode` VALUES (10, 'gAAAAABnYW5d0TmXhjAU4vbuaqBnqZ7v8ncYMVGvvNxTibPGsPmrR2D4hHVu68RaB6HxmOk1--4uywdt5fflbdKf0Sf9SkodCA==', 'password_reset', 0, '2024-12-17 12:58:13.492783', '2024-12-17 12:28:13.493274', 12, '2024-12-17 12:28:13.495701', NULL, '+', 1, 1);
INSERT INTO `accounts_historicalverificationcode` VALUES (10, 'gAAAAABnYW8O7ga-HmAjmGwjjUz2qu-Yj5qQnAShoNbTi-6bpi2lguHQ24WfOpGLh78qnjbRt2ooJ3P1IFWbfzkaIBAzL-1LDQ==', 'password_reset', 1, '2024-12-17 12:58:13.492783', '2024-12-17 12:28:13.493274', 13, '2024-12-17 12:31:10.111760', NULL, '~', 1, 1);
INSERT INTO `accounts_historicalverificationcode` VALUES (11, 'gAAAAABnYW-2TYC_69PSWJRF_dRaXdtMZ9vJ55kLBJ1KO7BTOE0kQAxC00tyF-GyA9QMZvi8kW7D8yTQ7A9aCRpizyHgfZt7yQ==', 'password_reset', 0, '2024-12-17 13:03:58.756450', '2024-12-17 12:33:58.757029', 14, '2024-12-17 12:33:58.759775', NULL, '+', 1, 1);
INSERT INTO `accounts_historicalverificationcode` VALUES (11, 'gAAAAABnYW_Rc6hKHBHVwoAidW4BKKR7CUy3aV8BZFjxqo1btf3v5OYNFncEWnDdpVEtU6WMr7OOe129yPafCrzBTM8lDuQs6Q==', 'password_reset', 1, '2024-12-17 13:03:58.756450', '2024-12-17 12:33:58.757029', 15, '2024-12-17 12:34:25.732674', NULL, '~', 1, 1);
INSERT INTO `accounts_historicalverificationcode` VALUES (12, 'gAAAAABnYXFkxdidWEkFbBOQB6E2ZqnH7ilDilLsnRcgyF1gE-RXrlRWfEsYc7YrFzeGoo0qhXCQ8cC-cYdNFsPcbfDFz9Whug==', 'password_reset', 0, '2024-12-17 13:11:08.113376', '2024-12-17 12:41:08.113952', 16, '2024-12-17 12:41:08.116085', NULL, '+', NULL, 1);
INSERT INTO `accounts_historicalverificationcode` VALUES (12, 'gAAAAABnYXGIHrcSV7IMBZ7ai36hsPFGHu2c4cT1Lghz6JQ6gJDZubfvW-k2SF5ZIWz8HLNR6bqtoVxy4JOvKLzskUMazXrjBw==', 'password_reset', 1, '2024-12-17 13:11:08.113376', '2024-12-17 12:41:08.113952', 17, '2024-12-17 12:41:44.937256', NULL, '~', NULL, 1);
INSERT INTO `accounts_historicalverificationcode` VALUES (13, 'gAAAAABnYXHrBAA39KibOm9B138ipGm0iONlOgoyYd79GxfaUBvEglNUaRKG6flPEXEl3zwJeerubd0yMdEOnPLoTK1WwMv-og==', 'password_reset', 0, '2024-12-17 13:13:23.029186', '2024-12-17 12:43:23.029655', 18, '2024-12-17 12:43:23.031712', NULL, '+', NULL, 1);
INSERT INTO `accounts_historicalverificationcode` VALUES (13, 'gAAAAABnYXH79xTpvzJ60GgJF2NkXRUnqTSzLIIS8u-9J-qKB2PWWzlJe5bWm1m5O7D5RWRjWBcgQnr-u7xfs7c9sQi4Y5fCjw==', 'password_reset', 1, '2024-12-17 13:13:23.029186', '2024-12-17 12:43:23.029655', 19, '2024-12-17 12:43:39.785828', NULL, '~', NULL, 1);

-- ----------------------------
-- Table structure for accounts_user
-- ----------------------------
DROP TABLE IF EXISTS `accounts_user`;
CREATE TABLE `accounts_user`  (
  `id` bigint NOT NULL AUTO_INCREMENT,
  `password` varchar(128) CHARACTER SET utf8mb4 COLLATE utf8mb4_0900_ai_ci NOT NULL,
  `last_login` datetime(6) NULL DEFAULT NULL,
  `is_superuser` tinyint(1) NOT NULL,
  `username` varchar(150) CHARACTER SET utf8mb4 COLLATE utf8mb4_0900_ai_ci NOT NULL,
  `first_name` varchar(150) CHARACTER SET utf8mb4 COLLATE utf8mb4_0900_ai_ci NOT NULL,
  `last_name` varchar(150) CHARACTER SET utf8mb4 COLLATE utf8mb4_0900_ai_ci NOT NULL,
  `email` varchar(254) CHARACTER SET utf8mb4 COLLATE utf8mb4_0900_ai_ci NOT NULL,
  `is_staff` tinyint(1) NOT NULL,
  `is_active` tinyint(1) NOT NULL,
  `date_joined` datetime(6) NOT NULL,
  `phone` varchar(11) CHARACTER SET utf8mb4 COLLATE utf8mb4_0900_ai_ci NULL DEFAULT NULL,
  `wechat_id` varchar(100) CHARACTER SET utf8mb4 COLLATE utf8mb4_0900_ai_ci NULL DEFAULT NULL,
  `avatar` varchar(100) CHARACTER SET utf8mb4 COLLATE utf8mb4_0900_ai_ci NULL DEFAULT NULL,
  `is_email_verified` tinyint(1) NOT NULL,
  `last_login_ip` char(39) CHARACTER SET utf8mb4 COLLATE utf8mb4_0900_ai_ci NULL DEFAULT NULL,
  `created_at` datetime(6) NOT NULL,
  `updated_at` datetime(6) NOT NULL,
  `nickname` varchar(50) CHARACTER SET utf8mb4 COLLATE utf8mb4_0900_ai_ci NULL DEFAULT NULL,
  `openid` varchar(100) CHARACTER SET utf8mb4 COLLATE utf8mb4_0900_ai_ci NULL DEFAULT NULL,
  `session_key` varchar(100) CHARACTER SET utf8mb4 COLLATE utf8mb4_0900_ai_ci NULL DEFAULT NULL,
  `unionid` varchar(100) CHARACTER SET utf8mb4 COLLATE utf8mb4_0900_ai_ci NULL DEFAULT NULL,
  PRIMARY KEY (`id`) USING BTREE,
  UNIQUE INDEX `username`(`username` ASC) USING BTREE,
  UNIQUE INDEX `phone`(`phone` ASC) USING BTREE,
  UNIQUE INDEX `wechat_id`(`wechat_id` ASC) USING BTREE,
  UNIQUE INDEX `openid`(`openid` ASC) USING BTREE,
  UNIQUE INDEX `unionid`(`unionid` ASC) USING BTREE
) ENGINE = InnoDB AUTO_INCREMENT = 14 CHARACTER SET = utf8mb4 COLLATE = utf8mb4_0900_ai_ci ROW_FORMAT = DYNAMIC;

-- ----------------------------
-- Records of accounts_user
-- ----------------------------
INSERT INTO `accounts_user` VALUES (1, 'pbkdf2_sha256$720000$REcUYMiEXb4qRgbUgoSvcR$hIw88cGfon/Z4bmPJbiPWUvYnenGQ2ENnYLgs+c/QTQ=', '2024-12-22 11:21:12.147403', 0, 'fx0883', '', '', 'fx0883@qq.com', 0, 1, '2024-12-08 15:58:02.147338', NULL, NULL, 'images/avatar\\fx0883_6e6a652a.png', 0, NULL, '2024-12-08 15:58:02.412728', '2024-12-18 06:55:12.893139', 'nihao d a sdf asd fas df', NULL, NULL, NULL);
INSERT INTO `accounts_user` VALUES (2, 'pbkdf2_sha256$720000$9Wi6vHS8F0kt7bJH9RBWLt$0M56ogXXJBkxnvN36iQWgFc+vuT4pVKSit+EbDucF2U=', '2024-12-22 05:46:46.553685', 1, 'admin', '', '', 'admin@123.com', 1, 1, '2024-12-09 03:36:03.989563', NULL, NULL, '', 0, NULL, '2024-12-09 03:36:04.146217', '2024-12-09 03:36:04.146217', NULL, NULL, NULL, NULL);
INSERT INTO `accounts_user` VALUES (4, 'pbkdf2_sha256$720000$Zy0ZM58q3UEaoxexTRDGm6$VtGsqFxMA9rjCPRAvOCHjdJb4irC/QTxogaL8x3o3ig=', '2024-12-22 05:11:11.412956', 0, 'johndoe', 'John', 'Doe', 'john@example.com', 0, 1, '2024-12-09 08:18:36.130906', NULL, NULL, '', 0, NULL, '2024-12-09 08:18:36.303508', '2024-12-09 08:18:36.303508', NULL, NULL, NULL, NULL);
INSERT INTO `accounts_user` VALUES (5, 'pbkdf2_sha256$720000$bW47acK4xiv2Rlqp3DQz47$c2bwi67J13kHnBeDFsOhRv547EKbGGKS1slfEdCrggY=', '2024-12-09 15:24:50.197887', 0, 'fx123', '', '', '', 0, 1, '2024-12-09 15:16:36.081430', NULL, NULL, '', 0, NULL, '2024-12-09 15:16:36.342307', '2024-12-09 15:16:36.342307', NULL, NULL, NULL, NULL);
INSERT INTO `accounts_user` VALUES (6, 'pbkdf2_sha256$720000$ARv0NhttHDh6M2nRdi0sh5$qdqHuXLubBX6s2ZRsh+rRUn2HDb4egYCun3geTbbNEQ=', '2024-12-11 14:36:11.452494', 1, 'admin123', '', '', 'admin123@qq.com', 1, 1, '2024-12-11 14:35:54.081909', NULL, NULL, '', 0, NULL, '2024-12-11 14:35:54.330845', '2024-12-11 14:35:54.330852', NULL, NULL, NULL, NULL);
INSERT INTO `accounts_user` VALUES (7, 'pbkdf2_sha256$720000$ge64zbU5QHlxMyDSUndE87$lQMNu+bEHSIsyuWz+QwbNL3Cvv6558lKUnkCTtewkjc=', '2024-12-18 05:43:30.534441', 0, 'fx0882', '', '', 'fx0883@qq.com', 0, 1, '2024-12-18 05:43:19.995049', NULL, NULL, 'images/avatar/fx0882_445f0ee4.png', 0, NULL, '2024-12-18 05:43:20.425625', '2024-12-18 05:45:03.433758', NULL, NULL, NULL, NULL);
INSERT INTO `accounts_user` VALUES (8, 'pbkdf2_sha256$720000$xzBvksQTrYE3ehSAqj4cUL$DeE8/KN3SUmmQ8rdpQ74SlPcvh92cNGQWkQd5GPKYpE=', NULL, 0, '123123', '', '', 'fx08832@qq.co', 0, 1, '2024-12-18 05:45:33.758654', NULL, NULL, '', 0, NULL, '2024-12-18 05:45:34.171250', '2024-12-18 05:45:34.171263', NULL, NULL, NULL, NULL);
INSERT INTO `accounts_user` VALUES (9, 'pbkdf2_sha256$720000$xcwVRSZQNa8uaEcFxZjbzT$ZRHhcqTSelMmq8Yh0oWW9CUgfqcUsrqWYRywbP/Bi14=', NULL, 0, '111@', '', '', 'fx0883@qq.com', 0, 1, '2024-12-18 05:48:13.617520', NULL, NULL, '', 0, NULL, '2024-12-18 05:48:14.049623', '2024-12-18 05:48:14.049636', NULL, NULL, NULL, NULL);
INSERT INTO `accounts_user` VALUES (10, 'pbkdf2_sha256$720000$j1hkSgOytZgo7PdpMVWUFh$P6sDs26TMGG2jtYNKxZMTH6UBfBdg1zB1pgTmka+CGs=', NULL, 0, 'fx08832', '', '', 'fx0883@qq.com', 0, 1, '2024-12-18 06:16:10.602056', NULL, NULL, '', 0, NULL, '2024-12-18 06:16:11.015373', '2024-12-18 06:16:11.015388', NULL, NULL, NULL, NULL);
INSERT INTO `accounts_user` VALUES (11, 'pbkdf2_sha256$720000$4cphpIlO13k46JMSgIDLQC$v67M2dZDKQFKmTMr6Rl65BWvJnWDtSy9ERqPuzsjIas=', NULL, 0, 'fx08822', '', '', 'fx0883@qq.com', 0, 1, '2024-12-18 06:16:32.874110', NULL, NULL, '', 0, NULL, '2024-12-18 06:16:33.282082', '2024-12-18 06:16:33.282095', NULL, NULL, NULL, NULL);
INSERT INTO `accounts_user` VALUES (13, '!dhjDgfShPsgwJ7KYGVWCHFMldwpYeqonc4sajlP8', NULL, 0, 'wx_2405cc07', '', '', '', 0, 1, '2024-12-22 07:35:13.626697', NULL, NULL, 'images/avatar/wx_2405cc07_0903bba8.png', 0, NULL, '2024-12-22 07:35:13.627131', '2024-12-23 05:57:28.508461', '23123123', 'oWbi-4rKnjp8Go84CrPTDeLdSL4o', 'vqqxvSVE/rDgk5+esM+C5g==', 'o81bP0yWQI2yTDcJw0K_FEixBiJ0');

-- ----------------------------
-- Table structure for accounts_user_groups
-- ----------------------------
DROP TABLE IF EXISTS `accounts_user_groups`;
CREATE TABLE `accounts_user_groups`  (
  `id` bigint NOT NULL AUTO_INCREMENT,
  `user_id` bigint NOT NULL,
  `group_id` int NOT NULL,
  PRIMARY KEY (`id`) USING BTREE,
  UNIQUE INDEX `accounts_user_groups_user_id_group_id_59c0b32f_uniq`(`user_id` ASC, `group_id` ASC) USING BTREE,
  INDEX `accounts_user_groups_group_id_bd11a704_fk_auth_group_id`(`group_id` ASC) USING BTREE,
  CONSTRAINT `accounts_user_groups_group_id_bd11a704_fk_auth_group_id` FOREIGN KEY (`group_id`) REFERENCES `auth_group` (`id`) ON DELETE RESTRICT ON UPDATE RESTRICT,
  CONSTRAINT `accounts_user_groups_user_id_52b62117_fk_accounts_user_id` FOREIGN KEY (`user_id`) REFERENCES `accounts_user` (`id`) ON DELETE RESTRICT ON UPDATE RESTRICT
) ENGINE = InnoDB AUTO_INCREMENT = 1 CHARACTER SET = utf8mb4 COLLATE = utf8mb4_0900_ai_ci ROW_FORMAT = DYNAMIC;

-- ----------------------------
-- Records of accounts_user_groups
-- ----------------------------

-- ----------------------------
-- Table structure for accounts_user_user_permissions
-- ----------------------------
DROP TABLE IF EXISTS `accounts_user_user_permissions`;
CREATE TABLE `accounts_user_user_permissions`  (
  `id` bigint NOT NULL AUTO_INCREMENT,
  `user_id` bigint NOT NULL,
  `permission_id` int NOT NULL,
  PRIMARY KEY (`id`) USING BTREE,
  UNIQUE INDEX `accounts_user_user_permi_user_id_permission_id_2ab516c2_uniq`(`user_id` ASC, `permission_id` ASC) USING BTREE,
  INDEX `accounts_user_user_p_permission_id_113bb443_fk_auth_perm`(`permission_id` ASC) USING BTREE,
  CONSTRAINT `accounts_user_user_p_permission_id_113bb443_fk_auth_perm` FOREIGN KEY (`permission_id`) REFERENCES `auth_permission` (`id`) ON DELETE RESTRICT ON UPDATE RESTRICT,
  CONSTRAINT `accounts_user_user_p_user_id_e4f0a161_fk_accounts_` FOREIGN KEY (`user_id`) REFERENCES `accounts_user` (`id`) ON DELETE RESTRICT ON UPDATE RESTRICT
) ENGINE = InnoDB AUTO_INCREMENT = 1 CHARACTER SET = utf8mb4 COLLATE = utf8mb4_0900_ai_ci ROW_FORMAT = DYNAMIC;

-- ----------------------------
-- Records of accounts_user_user_permissions
-- ----------------------------

-- ----------------------------
-- Table structure for accounts_userdevice
-- ----------------------------
DROP TABLE IF EXISTS `accounts_userdevice`;
CREATE TABLE `accounts_userdevice`  (
  `id` bigint NOT NULL AUTO_INCREMENT,
  `device_id` varchar(100) CHARACTER SET utf8mb4 COLLATE utf8mb4_0900_ai_ci NOT NULL,
  `device_name` varchar(100) CHARACTER SET utf8mb4 COLLATE utf8mb4_0900_ai_ci NOT NULL,
  `device_type` varchar(50) CHARACTER SET utf8mb4 COLLATE utf8mb4_0900_ai_ci NOT NULL,
  `last_sync_time` datetime(6) NULL DEFAULT NULL,
  `is_active` tinyint(1) NOT NULL,
  `created_at` datetime(6) NOT NULL,
  `updated_at` datetime(6) NOT NULL,
  `user_id` bigint NOT NULL,
  PRIMARY KEY (`id`) USING BTREE,
  UNIQUE INDEX `device_id`(`device_id` ASC) USING BTREE,
  INDEX `accounts_userdevice_user_id_2e91dbfd_fk_accounts_user_id`(`user_id` ASC) USING BTREE,
  CONSTRAINT `accounts_userdevice_user_id_2e91dbfd_fk_accounts_user_id` FOREIGN KEY (`user_id`) REFERENCES `accounts_user` (`id`) ON DELETE RESTRICT ON UPDATE RESTRICT
) ENGINE = InnoDB AUTO_INCREMENT = 2 CHARACTER SET = utf8mb4 COLLATE = utf8mb4_0900_ai_ci ROW_FORMAT = DYNAMIC;

-- ----------------------------
-- Records of accounts_userdevice
-- ----------------------------
INSERT INTO `accounts_userdevice` VALUES (1, '1', 'device_name111111111111111', 'device_type', '2024-12-09 12:00:00.000000', 1, '2024-12-09 12:57:43.118063', '2024-12-09 12:58:16.274892', 1);

-- ----------------------------
-- Table structure for accounts_userfeedback
-- ----------------------------
DROP TABLE IF EXISTS `accounts_userfeedback`;
CREATE TABLE `accounts_userfeedback`  (
  `id` bigint NOT NULL AUTO_INCREMENT,
  `type` varchar(20) CHARACTER SET utf8mb4 COLLATE utf8mb4_0900_ai_ci NOT NULL,
  `title` varchar(200) CHARACTER SET utf8mb4 COLLATE utf8mb4_0900_ai_ci NOT NULL,
  `content` longtext CHARACTER SET utf8mb4 COLLATE utf8mb4_0900_ai_ci NOT NULL,
  `status` varchar(20) CHARACTER SET utf8mb4 COLLATE utf8mb4_0900_ai_ci NOT NULL,
  `response` longtext CHARACTER SET utf8mb4 COLLATE utf8mb4_0900_ai_ci NULL,
  `created_at` datetime(6) NOT NULL,
  `updated_at` datetime(6) NOT NULL,
  `user_id` bigint NOT NULL,
  `contact_info` varchar(100) CHARACTER SET utf8mb4 COLLATE utf8mb4_0900_ai_ci NULL DEFAULT NULL,
  PRIMARY KEY (`id`) USING BTREE,
  INDEX `accounts_userfeedback_user_id_00952b3e_fk_accounts_user_id`(`user_id` ASC) USING BTREE,
  CONSTRAINT `accounts_userfeedback_user_id_00952b3e_fk_accounts_user_id` FOREIGN KEY (`user_id`) REFERENCES `accounts_user` (`id`) ON DELETE RESTRICT ON UPDATE RESTRICT
) ENGINE = InnoDB AUTO_INCREMENT = 14 CHARACTER SET = utf8mb4 COLLATE = utf8mb4_0900_ai_ci ROW_FORMAT = DYNAMIC;

-- ----------------------------
-- Records of accounts_userfeedback
-- ----------------------------
INSERT INTO `accounts_userfeedback` VALUES (7, 'feature_request', '11', '111', 'pending', NULL, '2024-12-17 08:04:50.214176', '2024-12-17 08:04:50.214200', 1, '111');
INSERT INTO `accounts_userfeedback` VALUES (8, 'other', '11', '123123', 'pending', NULL, '2024-12-17 08:06:22.484813', '2024-12-17 08:06:22.484836', 1, '12313');
INSERT INTO `accounts_userfeedback` VALUES (9, 'feature_request', '1213', '123123', 'pending', NULL, '2024-12-17 08:07:39.918913', '2024-12-17 08:07:39.918933', 1, '123123');
INSERT INTO `accounts_userfeedback` VALUES (10, '', '11', '11', 'pending', NULL, '2024-12-17 12:06:16.672681', '2024-12-17 12:06:16.672707', 1, '11');
INSERT INTO `accounts_userfeedback` VALUES (11, '', '1231', '23123', 'pending', NULL, '2024-12-17 12:06:40.386362', '2024-12-17 12:06:40.386384', 1, '');
INSERT INTO `accounts_userfeedback` VALUES (12, '', '1', '12', 'pending', NULL, '2024-12-18 05:42:21.717707', '2024-12-18 05:42:21.717728', 1, '');
INSERT INTO `accounts_userfeedback` VALUES (13, '', '12', '123123', 'pending', NULL, '2024-12-22 12:40:33.523814', '2024-12-22 12:40:33.523831', 1, '');

-- ----------------------------
-- Table structure for accounts_userprofile
-- ----------------------------
DROP TABLE IF EXISTS `accounts_userprofile`;
CREATE TABLE `accounts_userprofile`  (
  `id` bigint NOT NULL AUTO_INCREMENT,
  `theme` varchar(20) CHARACTER SET utf8mb4 COLLATE utf8mb4_0900_ai_ci NOT NULL,
  `notification_preferences` json NOT NULL,
  `timezone` varchar(50) CHARACTER SET utf8mb4 COLLATE utf8mb4_0900_ai_ci NOT NULL,
  `language` varchar(10) CHARACTER SET utf8mb4 COLLATE utf8mb4_0900_ai_ci NOT NULL,
  `created_at` datetime(6) NOT NULL,
  `updated_at` datetime(6) NOT NULL,
  `user_id` bigint NOT NULL,
  PRIMARY KEY (`id`) USING BTREE,
  UNIQUE INDEX `user_id`(`user_id` ASC) USING BTREE,
  CONSTRAINT `accounts_userprofile_user_id_92240672_fk_accounts_user_id` FOREIGN KEY (`user_id`) REFERENCES `accounts_user` (`id`) ON DELETE RESTRICT ON UPDATE RESTRICT
) ENGINE = InnoDB AUTO_INCREMENT = 9 CHARACTER SET = utf8mb4 COLLATE = utf8mb4_0900_ai_ci ROW_FORMAT = DYNAMIC;

-- ----------------------------
-- Records of accounts_userprofile
-- ----------------------------
INSERT INTO `accounts_userprofile` VALUES (1, 'light', '{}', 'Asia/Shanghai', 'zh-hans', '2024-12-08 15:58:02.412728', '2024-12-08 15:58:02.412728', 1);
INSERT INTO `accounts_userprofile` VALUES (2, 'light', '{}', 'Asia/Shanghai', 'zh-hans', '2024-12-09 08:18:36.307507', '2024-12-09 08:18:36.307507', 4);
INSERT INTO `accounts_userprofile` VALUES (3, 'light', '{}', 'Asia/Shanghai', 'zh-hans', '2024-12-09 15:16:36.347315', '2024-12-09 15:16:36.347315', 5);
INSERT INTO `accounts_userprofile` VALUES (4, 'light', '{}', 'Asia/Shanghai', 'zh-hans', '2024-12-18 05:43:20.429156', '2024-12-18 05:43:20.429164', 7);
INSERT INTO `accounts_userprofile` VALUES (5, 'light', '{}', 'Asia/Shanghai', 'zh-hans', '2024-12-18 05:45:34.175413', '2024-12-18 05:45:34.175424', 8);
INSERT INTO `accounts_userprofile` VALUES (6, 'light', '{}', 'Asia/Shanghai', 'zh-hans', '2024-12-18 05:48:14.056861', '2024-12-18 05:48:14.056875', 9);
INSERT INTO `accounts_userprofile` VALUES (7, 'light', '{}', 'Asia/Shanghai', 'zh-hans', '2024-12-18 06:16:11.020423', '2024-12-18 06:16:11.020432', 10);
INSERT INTO `accounts_userprofile` VALUES (8, 'light', '{}', 'Asia/Shanghai', 'zh-hans', '2024-12-18 06:16:33.286186', '2024-12-18 06:16:33.286196', 11);

-- ----------------------------
-- Table structure for accounts_verificationcode
-- ----------------------------
DROP TABLE IF EXISTS `accounts_verificationcode`;
CREATE TABLE `accounts_verificationcode`  (
  `id` bigint NOT NULL AUTO_INCREMENT,
  `code` longtext CHARACTER SET utf8mb4 COLLATE utf8mb4_0900_ai_ci NOT NULL,
  `purpose` varchar(20) CHARACTER SET utf8mb4 COLLATE utf8mb4_0900_ai_ci NOT NULL,
  `is_used` tinyint(1) NOT NULL,
  `expires_at` datetime(6) NOT NULL,
  `created_at` datetime(6) NOT NULL,
  `user_id` bigint NOT NULL,
  PRIMARY KEY (`id`) USING BTREE,
  INDEX `accounts_verificationcode_user_id_91ba36e2_fk_accounts_user_id`(`user_id` ASC) USING BTREE,
  CONSTRAINT `accounts_verificationcode_user_id_91ba36e2_fk_accounts_user_id` FOREIGN KEY (`user_id`) REFERENCES `accounts_user` (`id`) ON DELETE RESTRICT ON UPDATE RESTRICT
) ENGINE = InnoDB AUTO_INCREMENT = 14 CHARACTER SET = utf8mb4 COLLATE = utf8mb4_0900_ai_ci ROW_FORMAT = DYNAMIC;

-- ----------------------------
-- Records of accounts_verificationcode
-- ----------------------------
INSERT INTO `accounts_verificationcode` VALUES (1, 'gAAAAABnVqoLnpUranEKuBuOMrI0QWJFuwA8nLl3bd_4hh9P1cFiUNpbD-lXFS_1_AB74e6q45p7QUEQaQEcYD-otjdhzbpSIA==', 'password_reset', 0, '2024-12-09 08:57:55.682662', '2024-12-09 08:27:55.689662', 1);
INSERT INTO `accounts_verificationcode` VALUES (2, 'gAAAAABnVsV3QorZI1auX6WMFF9p2-SKBaOR4WAxq3S8-gCx9UVje85T9Aaz-5zVebQ7J3_LIN_pzhvT3ock27qcBA3KvHJlcw==', 'password_reset', 0, '2024-12-09 10:54:55.961213', '2024-12-09 10:24:55.988788', 1);
INSERT INTO `accounts_verificationcode` VALUES (3, 'gAAAAABnVsWWQHG8sUQsoRCr1wu8JupT6x-_woQIDH9x20Y3SFaWhAfCRt-s4rgUJUtD7oSDnUrb5twQG4xOs4ghmFDc-LVSaQ==', 'password_reset', 0, '2024-12-09 10:55:26.228090', '2024-12-09 10:25:26.236609', 1);
INSERT INTO `accounts_verificationcode` VALUES (4, 'gAAAAABnVsYJ8rWQKi2_GbdSU0XvCp4Jytvm8yJ7NJTUPTtpBfEiEMMwVyX5v9GqwBi9fvIfh3iM-FVw06I01jRqpQ0ZjL6ohw==', 'password_reset', 0, '2024-12-09 10:57:21.623849', '2024-12-09 10:27:21.631461', 1);
INSERT INTO `accounts_verificationcode` VALUES (5, 'gAAAAABnVtOhhH8HfVVuUSjKrRrbwZ7_Dv_GpAQT8mj6jwKbW_RYouAfhxBBpg5Cxl-cTtxNpSIw2gzeQgab2FZeCr41O_6VEQ==', 'password_reset', 0, '2024-12-09 11:55:21.263359', '2024-12-09 11:25:21.279067', 1);
INSERT INTO `accounts_verificationcode` VALUES (6, 'gAAAAABnVtQ1rTSRcpupH24l7jYLOdV_j11_hDoNEnQ52WzgXuzCrk3dB7XJfXQlVSFoaTDOYTDCFsIhAdoqdCByNUeh03PHwg==', 'password_reset', 0, '2024-12-09 11:57:49.199546', '2024-12-09 11:27:49.210206', 1);
INSERT INTO `accounts_verificationcode` VALUES (7, 'gAAAAABnVt_wV0bZgU7g60p_LmGE0egWAOxuuvxakvAQhPUDpm7dpw3WihpR0CmRfDfjsXQyk3MplvjBYjKZACCbsQ7Mfpl60A==', 'password_reset', 1, '2024-12-09 12:39:07.464205', '2024-12-09 12:09:07.475833', 1);
INSERT INTO `accounts_verificationcode` VALUES (8, 'gAAAAABnVt9nZoDXf8R9kBKbT_fvfW-tq7LbFTbjYJM5pm8fQU8TlL_zBIkU_2qn3uB9RTIQnQe6GgPZpa4llau56N7Zfi0pYw==', 'password_reset', 1, '2024-12-09 12:44:31.409596', '2024-12-09 12:14:31.418238', 1);
INSERT INTO `accounts_verificationcode` VALUES (9, 'gAAAAABnYWqMl_hJn-G0QeWCSzKWQo0OCUJQ4JZU7T79JXvvrPl5bSFAC0Sneye858N7tlVtSFMlDrAZsj8JRnjiZWN0mb8Zag==', 'password_reset', 0, '2024-12-17 12:41:56.270521', '2024-12-17 12:11:56.301265', 1);
INSERT INTO `accounts_verificationcode` VALUES (10, 'gAAAAABnYW8O-cnMb1NGNuRx_AJDSOJzfTi-pNAf-9SY1AE-ZnbSDHPeql1-jXWfCvSVR3g61qaiKZBzd6Fhfb7OeL6qvJgnBQ==', 'password_reset', 1, '2024-12-17 12:58:13.492783', '2024-12-17 12:28:13.493274', 1);
INSERT INTO `accounts_verificationcode` VALUES (11, 'gAAAAABnYW_RQj2ahxgR5FbmABm-hGX56FPMesDZumvZAAvyMDToTT6UC7Z-YB7DoPPAY_KTnk_frSEToeAgWw20NSjq9LNeAw==', 'password_reset', 1, '2024-12-17 13:03:58.756450', '2024-12-17 12:33:58.757029', 1);
INSERT INTO `accounts_verificationcode` VALUES (12, 'gAAAAABnYXGINHzhd1vz5NhU7Tox8XYh-khaF5LY7GNjOnuqOR-2nNsrhOtGehcVyEbck1AMBJ8kOcC-XETZ1F3l5n_FGJ1DOw==', 'password_reset', 1, '2024-12-17 13:11:08.113376', '2024-12-17 12:41:08.113952', 1);
INSERT INTO `accounts_verificationcode` VALUES (13, 'gAAAAABnYXH7Tm3yEz9HZiGHiO6BNJB6rQ5qTu2ix6Oh_xlFvzsu_gFP0HGNPR9ZRwgM_RIlKQ4mA8auWnAz8S7pwOoG7l04hQ==', 'password_reset', 1, '2024-12-17 13:13:23.029186', '2024-12-17 12:43:23.029655', 1);

-- ----------------------------
-- Table structure for auth_group
-- ----------------------------
DROP TABLE IF EXISTS `auth_group`;
CREATE TABLE `auth_group`  (
  `id` int NOT NULL AUTO_INCREMENT,
  `name` varchar(150) CHARACTER SET utf8mb4 COLLATE utf8mb4_0900_ai_ci NOT NULL,
  PRIMARY KEY (`id`) USING BTREE,
  UNIQUE INDEX `name`(`name` ASC) USING BTREE
) ENGINE = InnoDB AUTO_INCREMENT = 1 CHARACTER SET = utf8mb4 COLLATE = utf8mb4_0900_ai_ci ROW_FORMAT = DYNAMIC;

-- ----------------------------
-- Records of auth_group
-- ----------------------------

-- ----------------------------
-- Table structure for auth_group_permissions
-- ----------------------------
DROP TABLE IF EXISTS `auth_group_permissions`;
CREATE TABLE `auth_group_permissions`  (
  `id` bigint NOT NULL AUTO_INCREMENT,
  `group_id` int NOT NULL,
  `permission_id` int NOT NULL,
  PRIMARY KEY (`id`) USING BTREE,
  UNIQUE INDEX `auth_group_permissions_group_id_permission_id_0cd325b0_uniq`(`group_id` ASC, `permission_id` ASC) USING BTREE,
  INDEX `auth_group_permissio_permission_id_84c5c92e_fk_auth_perm`(`permission_id` ASC) USING BTREE,
  CONSTRAINT `auth_group_permissio_permission_id_84c5c92e_fk_auth_perm` FOREIGN KEY (`permission_id`) REFERENCES `auth_permission` (`id`) ON DELETE RESTRICT ON UPDATE RESTRICT,
  CONSTRAINT `auth_group_permissions_group_id_b120cbf9_fk_auth_group_id` FOREIGN KEY (`group_id`) REFERENCES `auth_group` (`id`) ON DELETE RESTRICT ON UPDATE RESTRICT
) ENGINE = InnoDB AUTO_INCREMENT = 1 CHARACTER SET = utf8mb4 COLLATE = utf8mb4_0900_ai_ci ROW_FORMAT = DYNAMIC;

-- ----------------------------
-- Records of auth_group_permissions
-- ----------------------------

-- ----------------------------
-- Table structure for auth_permission
-- ----------------------------
DROP TABLE IF EXISTS `auth_permission`;
CREATE TABLE `auth_permission`  (
  `id` int NOT NULL AUTO_INCREMENT,
  `name` varchar(255) CHARACTER SET utf8mb4 COLLATE utf8mb4_0900_ai_ci NOT NULL,
  `content_type_id` int NOT NULL,
  `codename` varchar(100) CHARACTER SET utf8mb4 COLLATE utf8mb4_0900_ai_ci NOT NULL,
  PRIMARY KEY (`id`) USING BTREE,
  UNIQUE INDEX `auth_permission_content_type_id_codename_01ab375a_uniq`(`content_type_id` ASC, `codename` ASC) USING BTREE,
  CONSTRAINT `auth_permission_content_type_id_2f476e4b_fk_django_co` FOREIGN KEY (`content_type_id`) REFERENCES `django_content_type` (`id`) ON DELETE RESTRICT ON UPDATE RESTRICT
) ENGINE = InnoDB AUTO_INCREMENT = 173 CHARACTER SET = utf8mb4 COLLATE = utf8mb4_0900_ai_ci ROW_FORMAT = DYNAMIC;

-- ----------------------------
-- Records of auth_permission
-- ----------------------------
INSERT INTO `auth_permission` VALUES (1, 'Can add log entry', 1, 'add_logentry');
INSERT INTO `auth_permission` VALUES (2, 'Can change log entry', 1, 'change_logentry');
INSERT INTO `auth_permission` VALUES (3, 'Can delete log entry', 1, 'delete_logentry');
INSERT INTO `auth_permission` VALUES (4, 'Can view log entry', 1, 'view_logentry');
INSERT INTO `auth_permission` VALUES (5, 'Can add permission', 2, 'add_permission');
INSERT INTO `auth_permission` VALUES (6, 'Can change permission', 2, 'change_permission');
INSERT INTO `auth_permission` VALUES (7, 'Can delete permission', 2, 'delete_permission');
INSERT INTO `auth_permission` VALUES (8, 'Can view permission', 2, 'view_permission');
INSERT INTO `auth_permission` VALUES (9, 'Can add group', 3, 'add_group');
INSERT INTO `auth_permission` VALUES (10, 'Can change group', 3, 'change_group');
INSERT INTO `auth_permission` VALUES (11, 'Can delete group', 3, 'delete_group');
INSERT INTO `auth_permission` VALUES (12, 'Can view group', 3, 'view_group');
INSERT INTO `auth_permission` VALUES (13, 'Can add content type', 4, 'add_contenttype');
INSERT INTO `auth_permission` VALUES (14, 'Can change content type', 4, 'change_contenttype');
INSERT INTO `auth_permission` VALUES (15, 'Can delete content type', 4, 'delete_contenttype');
INSERT INTO `auth_permission` VALUES (16, 'Can view content type', 4, 'view_contenttype');
INSERT INTO `auth_permission` VALUES (17, 'Can add session', 5, 'add_session');
INSERT INTO `auth_permission` VALUES (18, 'Can change session', 5, 'change_session');
INSERT INTO `auth_permission` VALUES (19, 'Can delete session', 5, 'delete_session');
INSERT INTO `auth_permission` VALUES (20, 'Can view session', 5, 'view_session');
INSERT INTO `auth_permission` VALUES (21, 'Can add application', 6, 'add_application');
INSERT INTO `auth_permission` VALUES (22, 'Can change application', 6, 'change_application');
INSERT INTO `auth_permission` VALUES (23, 'Can delete application', 6, 'delete_application');
INSERT INTO `auth_permission` VALUES (24, 'Can view application', 6, 'view_application');
INSERT INTO `auth_permission` VALUES (25, 'Can add access token', 7, 'add_accesstoken');
INSERT INTO `auth_permission` VALUES (26, 'Can change access token', 7, 'change_accesstoken');
INSERT INTO `auth_permission` VALUES (27, 'Can delete access token', 7, 'delete_accesstoken');
INSERT INTO `auth_permission` VALUES (28, 'Can view access token', 7, 'view_accesstoken');
INSERT INTO `auth_permission` VALUES (29, 'Can add grant', 8, 'add_grant');
INSERT INTO `auth_permission` VALUES (30, 'Can change grant', 8, 'change_grant');
INSERT INTO `auth_permission` VALUES (31, 'Can delete grant', 8, 'delete_grant');
INSERT INTO `auth_permission` VALUES (32, 'Can view grant', 8, 'view_grant');
INSERT INTO `auth_permission` VALUES (33, 'Can add refresh token', 9, 'add_refreshtoken');
INSERT INTO `auth_permission` VALUES (34, 'Can change refresh token', 9, 'change_refreshtoken');
INSERT INTO `auth_permission` VALUES (35, 'Can delete refresh token', 9, 'delete_refreshtoken');
INSERT INTO `auth_permission` VALUES (36, 'Can view refresh token', 9, 'view_refreshtoken');
INSERT INTO `auth_permission` VALUES (37, 'Can add id token', 10, 'add_idtoken');
INSERT INTO `auth_permission` VALUES (38, 'Can change id token', 10, 'change_idtoken');
INSERT INTO `auth_permission` VALUES (39, 'Can delete id token', 10, 'delete_idtoken');
INSERT INTO `auth_permission` VALUES (40, 'Can view id token', 10, 'view_idtoken');
INSERT INTO `auth_permission` VALUES (41, 'Can add association', 11, 'add_association');
INSERT INTO `auth_permission` VALUES (42, 'Can change association', 11, 'change_association');
INSERT INTO `auth_permission` VALUES (43, 'Can delete association', 11, 'delete_association');
INSERT INTO `auth_permission` VALUES (44, 'Can view association', 11, 'view_association');
INSERT INTO `auth_permission` VALUES (45, 'Can add code', 12, 'add_code');
INSERT INTO `auth_permission` VALUES (46, 'Can change code', 12, 'change_code');
INSERT INTO `auth_permission` VALUES (47, 'Can delete code', 12, 'delete_code');
INSERT INTO `auth_permission` VALUES (48, 'Can view code', 12, 'view_code');
INSERT INTO `auth_permission` VALUES (49, 'Can add nonce', 13, 'add_nonce');
INSERT INTO `auth_permission` VALUES (50, 'Can change nonce', 13, 'change_nonce');
INSERT INTO `auth_permission` VALUES (51, 'Can delete nonce', 13, 'delete_nonce');
INSERT INTO `auth_permission` VALUES (52, 'Can view nonce', 13, 'view_nonce');
INSERT INTO `auth_permission` VALUES (53, 'Can add user social auth', 14, 'add_usersocialauth');
INSERT INTO `auth_permission` VALUES (54, 'Can change user social auth', 14, 'change_usersocialauth');
INSERT INTO `auth_permission` VALUES (55, 'Can delete user social auth', 14, 'delete_usersocialauth');
INSERT INTO `auth_permission` VALUES (56, 'Can view user social auth', 14, 'view_usersocialauth');
INSERT INTO `auth_permission` VALUES (57, 'Can add partial', 15, 'add_partial');
INSERT INTO `auth_permission` VALUES (58, 'Can change partial', 15, 'change_partial');
INSERT INTO `auth_permission` VALUES (59, 'Can delete partial', 15, 'delete_partial');
INSERT INTO `auth_permission` VALUES (60, 'Can view partial', 15, 'view_partial');
INSERT INTO `auth_permission` VALUES (61, 'Can add ', 16, 'add_user');
INSERT INTO `auth_permission` VALUES (62, 'Can change ', 16, 'change_user');
INSERT INTO `auth_permission` VALUES (63, 'Can delete ', 16, 'delete_user');
INSERT INTO `auth_permission` VALUES (64, 'Can view ', 16, 'view_user');
INSERT INTO `auth_permission` VALUES (65, 'Can add historical ', 17, 'add_historicaluser');
INSERT INTO `auth_permission` VALUES (66, 'Can change historical ', 17, 'change_historicaluser');
INSERT INTO `auth_permission` VALUES (67, 'Can delete historical ', 17, 'delete_historicaluser');
INSERT INTO `auth_permission` VALUES (68, 'Can view historical ', 17, 'view_historicaluser');
INSERT INTO `auth_permission` VALUES (69, 'Can add historical ', 18, 'add_historicaluserdevice');
INSERT INTO `auth_permission` VALUES (70, 'Can change historical ', 18, 'change_historicaluserdevice');
INSERT INTO `auth_permission` VALUES (71, 'Can delete historical ', 18, 'delete_historicaluserdevice');
INSERT INTO `auth_permission` VALUES (72, 'Can view historical ', 18, 'view_historicaluserdevice');
INSERT INTO `auth_permission` VALUES (73, 'Can add historical ', 19, 'add_historicaluserprofile');
INSERT INTO `auth_permission` VALUES (74, 'Can change historical ', 19, 'change_historicaluserprofile');
INSERT INTO `auth_permission` VALUES (75, 'Can delete historical ', 19, 'delete_historicaluserprofile');
INSERT INTO `auth_permission` VALUES (76, 'Can view historical ', 19, 'view_historicaluserprofile');
INSERT INTO `auth_permission` VALUES (77, 'Can add historical ', 20, 'add_historicalverificationcode');
INSERT INTO `auth_permission` VALUES (78, 'Can change historical ', 20, 'change_historicalverificationcode');
INSERT INTO `auth_permission` VALUES (79, 'Can delete historical ', 20, 'delete_historicalverificationcode');
INSERT INTO `auth_permission` VALUES (80, 'Can view historical ', 20, 'view_historicalverificationcode');
INSERT INTO `auth_permission` VALUES (81, 'Can add ', 21, 'add_userdevice');
INSERT INTO `auth_permission` VALUES (82, 'Can change ', 21, 'change_userdevice');
INSERT INTO `auth_permission` VALUES (83, 'Can delete ', 21, 'delete_userdevice');
INSERT INTO `auth_permission` VALUES (84, 'Can view ', 21, 'view_userdevice');
INSERT INTO `auth_permission` VALUES (85, 'Can add ', 22, 'add_userprofile');
INSERT INTO `auth_permission` VALUES (86, 'Can change ', 22, 'change_userprofile');
INSERT INTO `auth_permission` VALUES (87, 'Can delete ', 22, 'delete_userprofile');
INSERT INTO `auth_permission` VALUES (88, 'Can view ', 22, 'view_userprofile');
INSERT INTO `auth_permission` VALUES (89, 'Can add ', 23, 'add_verificationcode');
INSERT INTO `auth_permission` VALUES (90, 'Can change ', 23, 'change_verificationcode');
INSERT INTO `auth_permission` VALUES (91, 'Can delete ', 23, 'delete_verificationcode');
INSERT INTO `auth_permission` VALUES (92, 'Can view ', 23, 'view_verificationcode');
INSERT INTO `auth_permission` VALUES (93, 'Can add ', 24, 'add_category');
INSERT INTO `auth_permission` VALUES (94, 'Can change ', 24, 'change_category');
INSERT INTO `auth_permission` VALUES (95, 'Can delete ', 24, 'delete_category');
INSERT INTO `auth_permission` VALUES (96, 'Can view ', 24, 'view_category');
INSERT INTO `auth_permission` VALUES (97, 'Can add historical ', 25, 'add_historicalcategory');
INSERT INTO `auth_permission` VALUES (98, 'Can change historical ', 25, 'change_historicalcategory');
INSERT INTO `auth_permission` VALUES (99, 'Can delete historical ', 25, 'delete_historicalcategory');
INSERT INTO `auth_permission` VALUES (100, 'Can view historical ', 25, 'view_historicalcategory');
INSERT INTO `auth_permission` VALUES (101, 'Can add historical ', 26, 'add_historicaltag');
INSERT INTO `auth_permission` VALUES (102, 'Can change historical ', 26, 'change_historicaltag');
INSERT INTO `auth_permission` VALUES (103, 'Can delete historical ', 26, 'delete_historicaltag');
INSERT INTO `auth_permission` VALUES (104, 'Can view historical ', 26, 'view_historicaltag');
INSERT INTO `auth_permission` VALUES (105, 'Can add historical ', 27, 'add_historicaltask');
INSERT INTO `auth_permission` VALUES (106, 'Can change historical ', 27, 'change_historicaltask');
INSERT INTO `auth_permission` VALUES (107, 'Can delete historical ', 27, 'delete_historicaltask');
INSERT INTO `auth_permission` VALUES (108, 'Can view historical ', 27, 'view_historicaltask');
INSERT INTO `auth_permission` VALUES (109, 'Can add ', 28, 'add_tag');
INSERT INTO `auth_permission` VALUES (110, 'Can change ', 28, 'change_tag');
INSERT INTO `auth_permission` VALUES (111, 'Can delete ', 28, 'delete_tag');
INSERT INTO `auth_permission` VALUES (112, 'Can view ', 28, 'view_tag');
INSERT INTO `auth_permission` VALUES (113, 'Can add ', 29, 'add_task');
INSERT INTO `auth_permission` VALUES (114, 'Can change ', 29, 'change_task');
INSERT INTO `auth_permission` VALUES (115, 'Can delete ', 29, 'delete_task');
INSERT INTO `auth_permission` VALUES (116, 'Can view ', 29, 'view_task');
INSERT INTO `auth_permission` VALUES (117, 'Can add historical ', 30, 'add_historicaltasksync');
INSERT INTO `auth_permission` VALUES (118, 'Can change historical ', 30, 'change_historicaltasksync');
INSERT INTO `auth_permission` VALUES (119, 'Can delete historical ', 30, 'delete_historicaltasksync');
INSERT INTO `auth_permission` VALUES (120, 'Can view historical ', 30, 'view_historicaltasksync');
INSERT INTO `auth_permission` VALUES (121, 'Can add historical ', 31, 'add_historicaltaskcomment');
INSERT INTO `auth_permission` VALUES (122, 'Can change historical ', 31, 'change_historicaltaskcomment');
INSERT INTO `auth_permission` VALUES (123, 'Can delete historical ', 31, 'delete_historicaltaskcomment');
INSERT INTO `auth_permission` VALUES (124, 'Can view historical ', 31, 'view_historicaltaskcomment');
INSERT INTO `auth_permission` VALUES (125, 'Can add ', 32, 'add_taskcomment');
INSERT INTO `auth_permission` VALUES (126, 'Can change ', 32, 'change_taskcomment');
INSERT INTO `auth_permission` VALUES (127, 'Can delete ', 32, 'delete_taskcomment');
INSERT INTO `auth_permission` VALUES (128, 'Can view ', 32, 'view_taskcomment');
INSERT INTO `auth_permission` VALUES (129, 'Can add ', 33, 'add_tasksync');
INSERT INTO `auth_permission` VALUES (130, 'Can change ', 33, 'change_tasksync');
INSERT INTO `auth_permission` VALUES (131, 'Can delete ', 33, 'delete_tasksync');
INSERT INTO `auth_permission` VALUES (132, 'Can view ', 33, 'view_tasksync');
INSERT INTO `auth_permission` VALUES (133, 'Can add ', 34, 'add_notificationtemplate');
INSERT INTO `auth_permission` VALUES (134, 'Can change ', 34, 'change_notificationtemplate');
INSERT INTO `auth_permission` VALUES (135, 'Can delete ', 34, 'delete_notificationtemplate');
INSERT INTO `auth_permission` VALUES (136, 'Can view ', 34, 'view_notificationtemplate');
INSERT INTO `auth_permission` VALUES (137, 'Can add historical ', 35, 'add_historicalnotificationdevice');
INSERT INTO `auth_permission` VALUES (138, 'Can change historical ', 35, 'change_historicalnotificationdevice');
INSERT INTO `auth_permission` VALUES (139, 'Can delete historical ', 35, 'delete_historicalnotificationdevice');
INSERT INTO `auth_permission` VALUES (140, 'Can view historical ', 35, 'view_historicalnotificationdevice');
INSERT INTO `auth_permission` VALUES (141, 'Can add historical ', 36, 'add_historicalnotificationtemplate');
INSERT INTO `auth_permission` VALUES (142, 'Can change historical ', 36, 'change_historicalnotificationtemplate');
INSERT INTO `auth_permission` VALUES (143, 'Can delete historical ', 36, 'delete_historicalnotificationtemplate');
INSERT INTO `auth_permission` VALUES (144, 'Can view historical ', 36, 'view_historicalnotificationtemplate');
INSERT INTO `auth_permission` VALUES (145, 'Can add ', 37, 'add_notification');
INSERT INTO `auth_permission` VALUES (146, 'Can change ', 37, 'change_notification');
INSERT INTO `auth_permission` VALUES (147, 'Can delete ', 37, 'delete_notification');
INSERT INTO `auth_permission` VALUES (148, 'Can view ', 37, 'view_notification');
INSERT INTO `auth_permission` VALUES (149, 'Can add historical ', 38, 'add_historicalnotification');
INSERT INTO `auth_permission` VALUES (150, 'Can change historical ', 38, 'change_historicalnotification');
INSERT INTO `auth_permission` VALUES (151, 'Can delete historical ', 38, 'delete_historicalnotification');
INSERT INTO `auth_permission` VALUES (152, 'Can view historical ', 38, 'view_historicalnotification');
INSERT INTO `auth_permission` VALUES (153, 'Can add ', 39, 'add_notificationdevice');
INSERT INTO `auth_permission` VALUES (154, 'Can change ', 39, 'change_notificationdevice');
INSERT INTO `auth_permission` VALUES (155, 'Can delete ', 39, 'delete_notificationdevice');
INSERT INTO `auth_permission` VALUES (156, 'Can view ', 39, 'view_notificationdevice');
INSERT INTO `auth_permission` VALUES (157, 'Can add Token', 40, 'add_token');
INSERT INTO `auth_permission` VALUES (158, 'Can change Token', 40, 'change_token');
INSERT INTO `auth_permission` VALUES (159, 'Can delete Token', 40, 'delete_token');
INSERT INTO `auth_permission` VALUES (160, 'Can view Token', 40, 'view_token');
INSERT INTO `auth_permission` VALUES (161, 'Can add token', 41, 'add_tokenproxy');
INSERT INTO `auth_permission` VALUES (162, 'Can change token', 41, 'change_tokenproxy');
INSERT INTO `auth_permission` VALUES (163, 'Can delete token', 41, 'delete_tokenproxy');
INSERT INTO `auth_permission` VALUES (164, 'Can view token', 41, 'view_tokenproxy');
INSERT INTO `auth_permission` VALUES (165, 'Can add historical ', 42, 'add_historicaluserfeedback');
INSERT INTO `auth_permission` VALUES (166, 'Can change historical ', 42, 'change_historicaluserfeedback');
INSERT INTO `auth_permission` VALUES (167, 'Can delete historical ', 42, 'delete_historicaluserfeedback');
INSERT INTO `auth_permission` VALUES (168, 'Can view historical ', 42, 'view_historicaluserfeedback');
INSERT INTO `auth_permission` VALUES (169, 'Can add ', 43, 'add_userfeedback');
INSERT INTO `auth_permission` VALUES (170, 'Can change ', 43, 'change_userfeedback');
INSERT INTO `auth_permission` VALUES (171, 'Can delete ', 43, 'delete_userfeedback');
INSERT INTO `auth_permission` VALUES (172, 'Can view ', 43, 'view_userfeedback');

-- ----------------------------
-- Table structure for authtoken_token
-- ----------------------------
DROP TABLE IF EXISTS `authtoken_token`;
CREATE TABLE `authtoken_token`  (
  `key` varchar(40) CHARACTER SET utf8mb4 COLLATE utf8mb4_0900_ai_ci NOT NULL,
  `created` datetime(6) NOT NULL,
  `user_id` bigint NOT NULL,
  PRIMARY KEY (`key`) USING BTREE,
  UNIQUE INDEX `user_id`(`user_id` ASC) USING BTREE,
  CONSTRAINT `authtoken_token_user_id_35299eff_fk_accounts_user_id` FOREIGN KEY (`user_id`) REFERENCES `accounts_user` (`id`) ON DELETE RESTRICT ON UPDATE RESTRICT
) ENGINE = InnoDB CHARACTER SET = utf8mb4 COLLATE = utf8mb4_0900_ai_ci ROW_FORMAT = DYNAMIC;

-- ----------------------------
-- Records of authtoken_token
-- ----------------------------
INSERT INTO `authtoken_token` VALUES ('426c6379ef3bc3988df863e3c1ad7aca1c9918f0', '2024-12-18 06:16:33.289126', 11);
INSERT INTO `authtoken_token` VALUES ('573cd4d0fab0706eed4416858adec2ff44eeff59', '2024-12-08 16:00:19.194812', 1);
INSERT INTO `authtoken_token` VALUES ('bbebda1afdcfcce75e144f0f10fbd09c318bf4b4', '2024-12-18 06:16:11.023881', 10);
INSERT INTO `authtoken_token` VALUES ('c40fec31709870055accea703ecb5e05fd9576d0', '2024-12-09 15:16:36.352312', 5);
INSERT INTO `authtoken_token` VALUES ('cdb04a2584b3f4e1752cb6038eca7d92996fa62c', '2024-12-18 05:43:20.445915', 7);
INSERT INTO `authtoken_token` VALUES ('d05084a8e5468dea0c36fd56094da627c66086d8', '2024-12-18 05:45:34.179117', 8);
INSERT INTO `authtoken_token` VALUES ('d7926b287f38c0d0336e7d1045f055311acb06d5', '2024-12-09 08:18:36.312015', 4);
INSERT INTO `authtoken_token` VALUES ('f5614300a6194cb4fd054531abc08f0f99f50fcd', '2024-12-18 05:48:14.060053', 9);

-- ----------------------------
-- Table structure for django_admin_log
-- ----------------------------
DROP TABLE IF EXISTS `django_admin_log`;
CREATE TABLE `django_admin_log`  (
  `id` int NOT NULL AUTO_INCREMENT,
  `action_time` datetime(6) NOT NULL,
  `object_id` longtext CHARACTER SET utf8mb4 COLLATE utf8mb4_0900_ai_ci NULL,
  `object_repr` varchar(200) CHARACTER SET utf8mb4 COLLATE utf8mb4_0900_ai_ci NOT NULL,
  `action_flag` smallint UNSIGNED NOT NULL,
  `change_message` longtext CHARACTER SET utf8mb4 COLLATE utf8mb4_0900_ai_ci NOT NULL,
  `content_type_id` int NULL DEFAULT NULL,
  `user_id` bigint NOT NULL,
  PRIMARY KEY (`id`) USING BTREE,
  INDEX `django_admin_log_content_type_id_c4bce8eb_fk_django_co`(`content_type_id` ASC) USING BTREE,
  INDEX `django_admin_log_user_id_c564eba6_fk_accounts_user_id`(`user_id` ASC) USING BTREE,
  CONSTRAINT `django_admin_log_content_type_id_c4bce8eb_fk_django_co` FOREIGN KEY (`content_type_id`) REFERENCES `django_content_type` (`id`) ON DELETE RESTRICT ON UPDATE RESTRICT,
  CONSTRAINT `django_admin_log_user_id_c564eba6_fk_accounts_user_id` FOREIGN KEY (`user_id`) REFERENCES `accounts_user` (`id`) ON DELETE RESTRICT ON UPDATE RESTRICT,
  CONSTRAINT `django_admin_log_chk_1` CHECK (`action_flag` >= 0)
) ENGINE = InnoDB AUTO_INCREMENT = 2 CHARACTER SET = utf8mb4 COLLATE = utf8mb4_0900_ai_ci ROW_FORMAT = DYNAMIC;

-- ----------------------------
-- Records of django_admin_log
-- ----------------------------
INSERT INTO `django_admin_log` VALUES (1, '2024-12-22 05:47:16.995672', '12', 'wx_8051231c', 3, '', 16, 2);

-- ----------------------------
-- Table structure for django_content_type
-- ----------------------------
DROP TABLE IF EXISTS `django_content_type`;
CREATE TABLE `django_content_type`  (
  `id` int NOT NULL AUTO_INCREMENT,
  `app_label` varchar(100) CHARACTER SET utf8mb4 COLLATE utf8mb4_0900_ai_ci NOT NULL,
  `model` varchar(100) CHARACTER SET utf8mb4 COLLATE utf8mb4_0900_ai_ci NOT NULL,
  PRIMARY KEY (`id`) USING BTREE,
  UNIQUE INDEX `django_content_type_app_label_model_76bd3d3b_uniq`(`app_label` ASC, `model` ASC) USING BTREE
) ENGINE = InnoDB AUTO_INCREMENT = 44 CHARACTER SET = utf8mb4 COLLATE = utf8mb4_0900_ai_ci ROW_FORMAT = DYNAMIC;

-- ----------------------------
-- Records of django_content_type
-- ----------------------------
INSERT INTO `django_content_type` VALUES (17, 'accounts', 'historicaluser');
INSERT INTO `django_content_type` VALUES (18, 'accounts', 'historicaluserdevice');
INSERT INTO `django_content_type` VALUES (42, 'accounts', 'historicaluserfeedback');
INSERT INTO `django_content_type` VALUES (19, 'accounts', 'historicaluserprofile');
INSERT INTO `django_content_type` VALUES (20, 'accounts', 'historicalverificationcode');
INSERT INTO `django_content_type` VALUES (16, 'accounts', 'user');
INSERT INTO `django_content_type` VALUES (21, 'accounts', 'userdevice');
INSERT INTO `django_content_type` VALUES (43, 'accounts', 'userfeedback');
INSERT INTO `django_content_type` VALUES (22, 'accounts', 'userprofile');
INSERT INTO `django_content_type` VALUES (23, 'accounts', 'verificationcode');
INSERT INTO `django_content_type` VALUES (1, 'admin', 'logentry');
INSERT INTO `django_content_type` VALUES (3, 'auth', 'group');
INSERT INTO `django_content_type` VALUES (2, 'auth', 'permission');
INSERT INTO `django_content_type` VALUES (40, 'authtoken', 'token');
INSERT INTO `django_content_type` VALUES (41, 'authtoken', 'tokenproxy');
INSERT INTO `django_content_type` VALUES (4, 'contenttypes', 'contenttype');
INSERT INTO `django_content_type` VALUES (38, 'notifications', 'historicalnotification');
INSERT INTO `django_content_type` VALUES (35, 'notifications', 'historicalnotificationdevice');
INSERT INTO `django_content_type` VALUES (36, 'notifications', 'historicalnotificationtemplate');
INSERT INTO `django_content_type` VALUES (37, 'notifications', 'notification');
INSERT INTO `django_content_type` VALUES (39, 'notifications', 'notificationdevice');
INSERT INTO `django_content_type` VALUES (34, 'notifications', 'notificationtemplate');
INSERT INTO `django_content_type` VALUES (7, 'oauth2_provider', 'accesstoken');
INSERT INTO `django_content_type` VALUES (6, 'oauth2_provider', 'application');
INSERT INTO `django_content_type` VALUES (8, 'oauth2_provider', 'grant');
INSERT INTO `django_content_type` VALUES (10, 'oauth2_provider', 'idtoken');
INSERT INTO `django_content_type` VALUES (9, 'oauth2_provider', 'refreshtoken');
INSERT INTO `django_content_type` VALUES (5, 'sessions', 'session');
INSERT INTO `django_content_type` VALUES (11, 'social_django', 'association');
INSERT INTO `django_content_type` VALUES (12, 'social_django', 'code');
INSERT INTO `django_content_type` VALUES (13, 'social_django', 'nonce');
INSERT INTO `django_content_type` VALUES (15, 'social_django', 'partial');
INSERT INTO `django_content_type` VALUES (14, 'social_django', 'usersocialauth');
INSERT INTO `django_content_type` VALUES (24, 'tasks', 'category');
INSERT INTO `django_content_type` VALUES (25, 'tasks', 'historicalcategory');
INSERT INTO `django_content_type` VALUES (26, 'tasks', 'historicaltag');
INSERT INTO `django_content_type` VALUES (27, 'tasks', 'historicaltask');
INSERT INTO `django_content_type` VALUES (31, 'tasks', 'historicaltaskcomment');
INSERT INTO `django_content_type` VALUES (30, 'tasks', 'historicaltasksync');
INSERT INTO `django_content_type` VALUES (28, 'tasks', 'tag');
INSERT INTO `django_content_type` VALUES (29, 'tasks', 'task');
INSERT INTO `django_content_type` VALUES (32, 'tasks', 'taskcomment');
INSERT INTO `django_content_type` VALUES (33, 'tasks', 'tasksync');

-- ----------------------------
-- Table structure for django_migrations
-- ----------------------------
DROP TABLE IF EXISTS `django_migrations`;
CREATE TABLE `django_migrations`  (
  `id` bigint NOT NULL AUTO_INCREMENT,
  `app` varchar(255) CHARACTER SET utf8mb4 COLLATE utf8mb4_0900_ai_ci NOT NULL,
  `name` varchar(255) CHARACTER SET utf8mb4 COLLATE utf8mb4_0900_ai_ci NOT NULL,
  `applied` datetime(6) NOT NULL,
  PRIMARY KEY (`id`) USING BTREE
) ENGINE = InnoDB AUTO_INCREMENT = 63 CHARACTER SET = utf8mb4 COLLATE = utf8mb4_0900_ai_ci ROW_FORMAT = DYNAMIC;

-- ----------------------------
-- Records of django_migrations
-- ----------------------------
INSERT INTO `django_migrations` VALUES (1, 'contenttypes', '0001_initial', '2024-12-08 15:51:37.191556');
INSERT INTO `django_migrations` VALUES (2, 'contenttypes', '0002_remove_content_type_name', '2024-12-08 15:51:37.212847');
INSERT INTO `django_migrations` VALUES (3, 'auth', '0001_initial', '2024-12-08 15:51:37.306028');
INSERT INTO `django_migrations` VALUES (4, 'auth', '0002_alter_permission_name_max_length', '2024-12-08 15:51:37.327673');
INSERT INTO `django_migrations` VALUES (5, 'auth', '0003_alter_user_email_max_length', '2024-12-08 15:51:37.331873');
INSERT INTO `django_migrations` VALUES (6, 'auth', '0004_alter_user_username_opts', '2024-12-08 15:51:37.335891');
INSERT INTO `django_migrations` VALUES (7, 'auth', '0005_alter_user_last_login_null', '2024-12-08 15:51:37.339290');
INSERT INTO `django_migrations` VALUES (8, 'auth', '0006_require_contenttypes_0002', '2024-12-08 15:51:37.340339');
INSERT INTO `django_migrations` VALUES (9, 'auth', '0007_alter_validators_add_error_messages', '2024-12-08 15:51:37.344391');
INSERT INTO `django_migrations` VALUES (10, 'auth', '0008_alter_user_username_max_length', '2024-12-08 15:51:37.347993');
INSERT INTO `django_migrations` VALUES (11, 'auth', '0009_alter_user_last_name_max_length', '2024-12-08 15:51:37.351296');
INSERT INTO `django_migrations` VALUES (12, 'auth', '0010_alter_group_name_max_length', '2024-12-08 15:51:37.359443');
INSERT INTO `django_migrations` VALUES (13, 'auth', '0011_update_proxy_permissions', '2024-12-08 15:51:37.363541');
INSERT INTO `django_migrations` VALUES (14, 'auth', '0012_alter_user_first_name_max_length', '2024-12-08 15:51:37.367246');
INSERT INTO `django_migrations` VALUES (15, 'accounts', '0001_initial', '2024-12-08 15:51:37.815371');
INSERT INTO `django_migrations` VALUES (16, 'admin', '0001_initial', '2024-12-08 15:51:37.871723');
INSERT INTO `django_migrations` VALUES (17, 'admin', '0002_logentry_remove_auto_add', '2024-12-08 15:51:37.883055');
INSERT INTO `django_migrations` VALUES (18, 'admin', '0003_logentry_add_action_flag_choices', '2024-12-08 15:51:37.895859');
INSERT INTO `django_migrations` VALUES (19, 'notifications', '0001_initial', '2024-12-08 15:51:38.208232');
INSERT INTO `django_migrations` VALUES (20, 'oauth2_provider', '0001_initial', '2024-12-08 15:51:38.508010');
INSERT INTO `django_migrations` VALUES (21, 'oauth2_provider', '0002_auto_20190406_1805', '2024-12-08 15:51:38.561306');
INSERT INTO `django_migrations` VALUES (22, 'oauth2_provider', '0003_auto_20201211_1314', '2024-12-08 15:51:38.595539');
INSERT INTO `django_migrations` VALUES (23, 'oauth2_provider', '0004_auto_20200902_2022', '2024-12-08 15:51:38.843750');
INSERT INTO `django_migrations` VALUES (24, 'oauth2_provider', '0005_auto_20211222_2352', '2024-12-08 15:51:38.920791');
INSERT INTO `django_migrations` VALUES (25, 'oauth2_provider', '0006_alter_application_client_secret', '2024-12-08 15:51:38.954049');
INSERT INTO `django_migrations` VALUES (26, 'oauth2_provider', '0007_application_post_logout_redirect_uris', '2024-12-08 15:51:38.996172');
INSERT INTO `django_migrations` VALUES (27, 'sessions', '0001_initial', '2024-12-08 15:51:39.012915');
INSERT INTO `django_migrations` VALUES (28, 'default', '0001_initial', '2024-12-08 15:51:39.119750');
INSERT INTO `django_migrations` VALUES (29, 'social_auth', '0001_initial', '2024-12-08 15:51:39.120271');
INSERT INTO `django_migrations` VALUES (30, 'default', '0002_add_related_name', '2024-12-08 15:51:39.135354');
INSERT INTO `django_migrations` VALUES (31, 'social_auth', '0002_add_related_name', '2024-12-08 15:51:39.136936');
INSERT INTO `django_migrations` VALUES (32, 'default', '0003_alter_email_max_length', '2024-12-08 15:51:39.143725');
INSERT INTO `django_migrations` VALUES (33, 'social_auth', '0003_alter_email_max_length', '2024-12-08 15:51:39.144617');
INSERT INTO `django_migrations` VALUES (34, 'default', '0004_auto_20160423_0400', '2024-12-08 15:51:39.158794');
INSERT INTO `django_migrations` VALUES (35, 'social_auth', '0004_auto_20160423_0400', '2024-12-08 15:51:39.160893');
INSERT INTO `django_migrations` VALUES (36, 'social_auth', '0005_auto_20160727_2333', '2024-12-08 15:51:39.170364');
INSERT INTO `django_migrations` VALUES (37, 'social_django', '0006_partial', '2024-12-08 15:51:39.188716');
INSERT INTO `django_migrations` VALUES (38, 'social_django', '0007_code_timestamp', '2024-12-08 15:51:39.205610');
INSERT INTO `django_migrations` VALUES (39, 'social_django', '0008_partial_timestamp', '2024-12-08 15:51:39.221820');
INSERT INTO `django_migrations` VALUES (40, 'social_django', '0009_auto_20191118_0520', '2024-12-08 15:51:39.269783');
INSERT INTO `django_migrations` VALUES (41, 'social_django', '0010_uid_db_index', '2024-12-08 15:51:39.291151');
INSERT INTO `django_migrations` VALUES (42, 'social_django', '0011_alter_id_fields', '2024-12-08 15:51:39.467179');
INSERT INTO `django_migrations` VALUES (43, 'social_django', '0012_usersocialauth_extra_data_new', '2024-12-08 15:51:39.518703');
INSERT INTO `django_migrations` VALUES (44, 'social_django', '0013_migrate_extra_data', '2024-12-08 15:51:39.537589');
INSERT INTO `django_migrations` VALUES (45, 'social_django', '0014_remove_usersocialauth_extra_data', '2024-12-08 15:51:39.563802');
INSERT INTO `django_migrations` VALUES (46, 'social_django', '0015_rename_extra_data_new_usersocialauth_extra_data', '2024-12-08 15:51:39.594709');
INSERT INTO `django_migrations` VALUES (47, 'tasks', '0001_initial', '2024-12-08 15:51:40.287392');
INSERT INTO `django_migrations` VALUES (48, 'social_django', '0005_auto_20160727_2333', '2024-12-08 15:51:40.289601');
INSERT INTO `django_migrations` VALUES (49, 'social_django', '0004_auto_20160423_0400', '2024-12-08 15:51:40.290608');
INSERT INTO `django_migrations` VALUES (50, 'social_django', '0002_add_related_name', '2024-12-08 15:51:40.291610');
INSERT INTO `django_migrations` VALUES (51, 'social_django', '0001_initial', '2024-12-08 15:51:40.292607');
INSERT INTO `django_migrations` VALUES (52, 'social_django', '0003_alter_email_max_length', '2024-12-08 15:51:40.293681');
INSERT INTO `django_migrations` VALUES (53, 'authtoken', '0001_initial', '2024-12-08 15:59:48.604109');
INSERT INTO `django_migrations` VALUES (54, 'authtoken', '0002_auto_20160226_1747', '2024-12-08 15:59:48.679724');
INSERT INTO `django_migrations` VALUES (55, 'authtoken', '0003_tokenproxy', '2024-12-08 15:59:48.687692');
INSERT INTO `django_migrations` VALUES (56, 'accounts', '0002_historicaluserfeedback_userfeedback', '2024-12-09 08:24:37.108800');
INSERT INTO `django_migrations` VALUES (57, 'tasks', '0002_alter_category_unique_together', '2024-12-09 08:26:20.949611');
INSERT INTO `django_migrations` VALUES (58, 'accounts', '0003_historicaluser_nickname_user_nickname_and_more', '2024-12-17 07:47:03.135729');
INSERT INTO `django_migrations` VALUES (59, 'accounts', '0004_historicaluserfeedback_contact_info_and_more', '2024-12-17 07:59:31.370359');
INSERT INTO `django_migrations` VALUES (60, 'accounts', '0005_alter_historicaluserfeedback_status_and_more', '2024-12-18 03:05:51.825048');
INSERT INTO `django_migrations` VALUES (61, 'tasks', '0003_alter_historicaltask_status_alter_task_status', '2024-12-18 03:05:51.869670');
INSERT INTO `django_migrations` VALUES (62, 'accounts', '0006_historicaluser_openid_historicaluser_session_key_and_more', '2024-12-22 05:18:56.123573');

-- ----------------------------
-- Table structure for django_session
-- ----------------------------
DROP TABLE IF EXISTS `django_session`;
CREATE TABLE `django_session`  (
  `session_key` varchar(40) CHARACTER SET utf8mb4 COLLATE utf8mb4_0900_ai_ci NOT NULL,
  `session_data` longtext CHARACTER SET utf8mb4 COLLATE utf8mb4_0900_ai_ci NOT NULL,
  `expire_date` datetime(6) NOT NULL,
  PRIMARY KEY (`session_key`) USING BTREE,
  INDEX `django_session_expire_date_a5c62663`(`expire_date` ASC) USING BTREE
) ENGINE = InnoDB CHARACTER SET = utf8mb4 COLLATE = utf8mb4_0900_ai_ci ROW_FORMAT = DYNAMIC;

-- ----------------------------
-- Records of django_session
-- ----------------------------
INSERT INTO `django_session` VALUES ('0kqgvyq4qnp5toxbz90ssijlgv8m7j6c', '.eJxVjEEOwiAURO_C2hAqfEJduvcM5MOAVA1NSrsy3t2SdKGL2cx7M2_heVuL31pa_ARxEYM4_XaB4zPVDvDgep9lnOu6TEF2RR60yduM9Loe7t9B4Vb6-mzZuETIFLNxAIxyNAJjgMl6CMw7UszsKNuUCZFIEWtl92gtPl8YgDjo:1tM4sF:B6_a63cV0ZKrXUItXpxwt3NtPxsZuZ3CW0vMMIofC_Y', '2024-12-27 12:34:27.064584');
INSERT INTO `django_session` VALUES ('10it994uv2e0ywmexuojk8xs5oydipvb', '.eJxVjEEOwiAURO_C2hAqfEJduvcM5MOAVA1NSrsy3t2SdKGL2cx7M2_heVuL31pa_ARxEYM4_XaB4zPVDvDgep9lnOu6TEF2RR60yduM9Loe7t9B4Vb6-mzZuETIFLNxAIxyNAJjgMl6CMw7UszsKNuUCZFIEWtl92gtPl8YgDjo:1tKemH:pulRvJjWFhpFGdWQjSPeJyPAeZ4VKhv1lXq2BtWMatE', '2024-12-23 14:30:25.752356');
INSERT INTO `django_session` VALUES ('16jdxm4plo20j68ffpe7giam6wyu1oap', '.eJxVjDsOwjAQBe_iGln-xcaU9DmDtd5d4wBypDipEHeHSCmgfTPzXiLBtta0dV7SROIinDj9bhnwwW0HdId2myXObV2mLHdFHrTLcSZ-Xg_376BCr986DKhBcSTrWFvA4JmM8oGA0WFmLDlGyN5qoGDPBVAXpzQaGMAaE8T7Aw0bONg:1tLbBC:xTEV9OQj7vZ-mNGBPMMfTtI4MgAkFkh3oQEB-NX9GEw', '2024-12-26 04:52:02.637673');
INSERT INTO `django_session` VALUES ('1ozs4sljcfhijyv3n7sri0ev9tw5cex0', '.eJxVjMsOwiAURP-FtSE8ilxcuvcbyIULUjWQlHZl_Hdp0oXuJnPOzJt53Nbit54WPxO7MMlOv13A-Ex1B_TAem88trouc-C7wg_a-a1Rel0P9--gYC9jLaYQyIqzRGsAQGWVdCJNMjsMOUph3UQuKq2DcWakmAAcgNA4KGX2-QLmSjhF:1tPJpT:c-NNCT6pb2akQoarZoCswp7smnXDwJY_a6TVfFRduQM', '2025-01-05 11:08:59.167093');
INSERT INTO `django_session` VALUES ('1p2y30qmfpmz4c1qjd6t37xe6rinv18s', '.eJxVjEEOwiAURO_C2hAqfEJduvcM5MOAVA1NSrsy3t2SdKGL2cx7M2_heVuL31pa_ARxEYM4_XaB4zPVDvDgep9lnOu6TEF2RR60yduM9Loe7t9B4Vb6-mzZuETIFLNxAIxyNAJjgMl6CMw7UszsKNuUCZFIEWtl92gtPl8YgDjo:1tLNvh:sfVz36ZUYjFQGmBWYjuFoN_KYhwvbHWCB4yH6_JdSI4', '2024-12-25 14:43:09.024435');
INSERT INTO `django_session` VALUES ('1rgsbm6jlxvzzg8b9mechvci5yfsldob', '.eJxVjEEOwiAURO_C2hAqfEJduvcM5MOAVA1NSrsy3t2SdKGL2cx7M2_heVuL31pa_ARxEYM4_XaB4zPVDvDgep9lnOu6TEF2RR60yduM9Loe7t9B4Vb6-mzZuETIFLNxAIxyNAJjgMl6CMw7UszsKNuUCZFIEWtl92gtPl8YgDjo:1tLeMz:s_fRwXmsZrYJFCMhtpOpTT1mkNtjZ2W7lsUDveqRPA8', '2024-12-26 08:16:25.657567');
INSERT INTO `django_session` VALUES ('1uzzxneaaitbzlhz35rj7ve5ov4hzpet', '.eJxVjDsOwjAQBe_iGln-xcaU9DmDtd5d4wBypDipEHeHSCmgfTPzXiLBtta0dV7SROIinDj9bhnwwW0HdId2myXObV2mLHdFHrTLcSZ-Xg_376BCr986DKhBcSTrWFvA4JmM8oGA0WFmLDlGyN5qoGDPBVAXpzQaGMAaE8T7Aw0bONg:1tKegC:vFO0PKmBX5ICWqH9nmt1cH-2qPbp4KbrWVDza0Fc_pE', '2024-12-23 14:24:08.918271');
INSERT INTO `django_session` VALUES ('28kh710qflgb7egdw2spnuw56t6wi3dh', '.eJxVjMsOwiAURP-FtSE8ilxcuvcbyIULUjWQlHZl_Hdp0oXuJnPOzJt53Nbit54WPxO7MMlOv13A-Ex1B_TAem88trouc-C7wg_a-a1Rel0P9--gYC9jLaYQyIqzRGsAQGWVdCJNMjsMOUph3UQuKq2DcWakmAAcgNA4KGX2-QLmSjhF:1tPK1I:9B9yzuCMPltNM1L-v6EjcBuSizCmy-ZMA_zLp2mFUf8', '2025-01-05 11:21:12.151897');
INSERT INTO `django_session` VALUES ('2dwz6b6y1xwo8bm5vewejjndkq3ggxrp', '.eJxVjEEOwiAURO_C2hAqfEJduvcM5MOAVA1NSrsy3t2SdKGL2cx7M2_heVuL31pa_ARxEYM4_XaB4zPVDvDgep9lnOu6TEF2RR60yduM9Loe7t9B4Vb6-mzZuETIFLNxAIxyNAJjgMl6CMw7UszsKNuUCZFIEWtl92gtPl8YgDjo:1tKzMX:QQ7-kc83nyLd7oRXu-YzCnguwMbNX7af9_ouXlpaVVM', '2024-12-24 12:29:13.517236');
INSERT INTO `django_session` VALUES ('2hpe4grzzk20pujc6gpvgbthu0vg8my6', '.eJxVjDEOwjAMRe-SGUUlOHXNyM4Zojh2SAGlUtNOiLtDpQ6w_vfef5kQ16WEtekcRjFnczSH341jemjdgNxjvU02TXWZR7abYnfa7HUSfV529--gxFa-dQeOFSlnQvB8QvUOO845Ow-k6jkKA1OPSt4NHnvgIUUAQQJRIvP-AOj1OAY:1tKU5D:wtu8DF9TgM8ashsEHohPxb52Vhaj9weuKQ3hOiDy2_k', '2024-12-23 03:05:15.178856');
INSERT INTO `django_session` VALUES ('2tel40lu9lcibx1wnb0i1yrsy2xnsuiz', '.eJxVjEEOwiAURO_C2hAqfEJduvcM5MOAVA1NSrsy3t2SdKGL2cx7M2_heVuL31pa_ARxEYM4_XaB4zPVDvDgep9lnOu6TEF2RR60yduM9Loe7t9B4Vb6-mzZuETIFLNxAIxyNAJjgMl6CMw7UszsKNuUCZFIEWtl92gtPl8YgDjo:1tLa9y:bnanP9IbsshSbDEYRPO528Ee6VX1ADghPNmQS4JI1y4', '2024-12-26 03:46:42.281662');
INSERT INTO `django_session` VALUES ('2vu9luszja8qjy8ney3aw2vtz7f3bkr5', '.eJxVjEEOwiAURO_C2hAqfEJduvcM5MOAVA1NSrsy3t2SdKGL2cx7M2_heVuL31pa_ARxEYM4_XaB4zPVDvDgep9lnOu6TEF2RR60yduM9Loe7t9B4Vb6-mzZuETIFLNxAIxyNAJjgMl6CMw7UszsKNuUCZFIEWtl92gtPl8YgDjo:1tM35I:8j8m1_vo1ASq1JFAe1f2VTKsjfijv1kd-w7p39UEk2Y', '2024-12-27 10:39:48.925606');
INSERT INTO `django_session` VALUES ('31icwvjxi1q3u6lkkmhdu66slreyg7c5', '.eJxVjEEOwiAURO_C2hAqfEJduvcM5MOAVA1NSrsy3t2SdKGL2cx7M2_heVuL31pa_ARxEYM4_XaB4zPVDvDgep9lnOu6TEF2RR60yduM9Loe7t9B4Vb6-mzZuETIFLNxAIxyNAJjgMl6CMw7UszsKNuUCZFIEWtl92gtPl8YgDjo:1tM7S2:-yz2RnkBUSS8NibQUpXNBupVCEfYv5JsYOHSo3OR4Xo', '2024-12-27 15:19:34.516496');
INSERT INTO `django_session` VALUES ('4avcg76xtj9bwglyfcbupqcncuv7vb2t', '.eJxVjEEOwiAURO_C2hAqfEJduvcM5MOAVA1NSrsy3t2SdKGL2cx7M2_heVuL31pa_ARxEYM4_XaB4zPVDvDgep9lnOu6TEF2RR60yduM9Loe7t9B4Vb6-mzZuETIFLNxAIxyNAJjgMl6CMw7UszsKNuUCZFIEWtl92gtPl8YgDjo:1tNQer:V2ULyi2FlJE_oHp0TBfbYGh1zO_5yOxTCfkULoWaJ1M', '2024-12-31 06:02:13.293407');
INSERT INTO `django_session` VALUES ('4jfuc18bg0b0ua1aucliy6pr6p5rejrl', '.eJxVjEEOwiAURO_C2hAqfEJduvcM5MOAVA1NSrsy3t2SdKGL2cx7M2_heVuL31pa_ARxEYM4_XaB4zPVDvDgep9lnOu6TEF2RR60yduM9Loe7t9B4Vb6-mzZuETIFLNxAIxyNAJjgMl6CMw7UszsKNuUCZFIEWtl92gtPl8YgDjo:1tLdni:fevjHLh79ZL6_IwSn87rrFbf4qvw77fmYsp170KfTu0', '2024-12-26 07:39:58.242368');
INSERT INTO `django_session` VALUES ('565doi7w40718omzpeaj2yze1vw2wpth', '.eJxVjEEOwiAURO_C2hAqfEJduvcM5MOAVA1NSrsy3t2SdKGL2cx7M2_heVuL31pa_ARxEYM4_XaB4zPVDvDgep9lnOu6TEF2RR60yduM9Loe7t9B4Vb6-mzZuETIFLNxAIxyNAJjgMl6CMw7UszsKNuUCZFIEWtl92gtPl8YgDjo:1tKexX:6zmSfyr7JWdwJVBSM9wira_szA1YYMwi5Y_PSY7nbuw', '2024-12-23 14:42:03.481256');
INSERT INTO `django_session` VALUES ('5dadb2n3gjubx5b4fbc6m9cesyypf129', '.eJxVjEEOwiAURO_C2hAqfEJduvcM5MOAVA1NSrsy3t2SdKGL2cx7M2_heVuL31pa_ARxEYM4_XaB4zPVDvDgep9lnOu6TEF2RR60yduM9Loe7t9B4Vb6-mzZuETIFLNxAIxyNAJjgMl6CMw7UszsKNuUCZFIEWtl92gtPl8YgDjo:1tLb6r:CVQLiHbOgdaJm8HCLfKNqD_a7U_ZsNFSD0b4hlCTIQQ', '2024-12-26 04:47:33.700634');
INSERT INTO `django_session` VALUES ('5mv66wj1jrmvqubs7du17ytp7s9tnqg1', '.eJxVjDEOwjAMRe-SGUUlOHXNyM4Zojh2SAGlUtNOiLtDpQ6w_vfef5kQ16WEtekcRjFnczSH341jemjdgNxjvU02TXWZR7abYnfa7HUSfV529--gxFa-dQeOFSlnQvB8QvUOO845Ow-k6jkKA1OPSt4NHnvgIUUAQQJRIvP-AOj1OAY:1tKJk0:t3B1upAR8-hgVNGGHTWKbkHHnMutfgngih2dpZO4HPE', '2024-12-22 16:02:40.494509');
INSERT INTO `django_session` VALUES ('6xcjtsenf5u14sxu7pzdhts0qbi1xhi6', '.eJxVjMsOwiAURP-FtSE8ilxcuvcbyIULUjWQlHZl_Hdp0oXuJnPOzJt53Nbit54WPxO7MMlOv13A-Ex1B_TAem88trouc-C7wg_a-a1Rel0P9--gYC9jLaYQyIqzRGsAQGWVdCJNMjsMOUph3UQuKq2DcWakmAAcgNA4KGX2-QLmSjhF:1tNXFQ:MBqMx0G171Lm1jR8_2iuhOiN1RMkNnqGH663aZK_3S8', '2024-12-31 13:04:24.098039');
INSERT INTO `django_session` VALUES ('6z9bugltzdd6zxyoglflhsjvvlnsnjsc', '.eJxVjEEOwiAURO_C2hAqfEJduvcM5MOAVA1NSrsy3t2SdKGL2cx7M2_heVuL31pa_ARxEYM4_XaB4zPVDvDgep9lnOu6TEF2RR60yduM9Loe7t9B4Vb6-mzZuETIFLNxAIxyNAJjgMl6CMw7UszsKNuUCZFIEWtl92gtPl8YgDjo:1tMRTB:p36GCmq7Qjfpj7_RmPzjs5miLtq2YoJvG5ORmQ2_dFw', '2024-12-28 12:42:05.231982');
INSERT INTO `django_session` VALUES ('76vzzqrxqxjql40smr48i4mrqx1vubxy', '.eJxVjEEOwiAURO_C2hAqfEJduvcM5MOAVA1NSrsy3t2SdKGL2cx7M2_heVuL31pa_ARxEYM4_XaB4zPVDvDgep9lnOu6TEF2RR60yduM9Loe7t9B4Vb6-mzZuETIFLNxAIxyNAJjgMl6CMw7UszsKNuUCZFIEWtl92gtPl8YgDjo:1tKtpx:l5Awemlc8WN2HGcdpyo_XHEuWX-rdsdM7zfoI4PttkQ', '2024-12-24 06:35:13.133453');
INSERT INTO `django_session` VALUES ('7bp0c74djvk4fi2qi9w0ygm6whpsx3hk', '.eJxVjEEOwiAURO_C2hAqfEJduvcM5MOAVA1NSrsy3t2SdKGL2cx7M2_heVuL31pa_ARxEYM4_XaB4zPVDvDgep9lnOu6TEF2RR60yduM9Loe7t9B4Vb6-mzZuETIFLNxAIxyNAJjgMl6CMw7UszsKNuUCZFIEWtl92gtPl8YgDjo:1tLiyl:VCsyHngQOyF2bibIhuDjHKnfQj2vNayfRzcK6vYytco', '2024-12-26 13:11:43.299152');
INSERT INTO `django_session` VALUES ('7jixmiiqzanjq3m77kmkgp3rz8vhcbac', '.eJxVjEEOwiAURO_C2hAqfEJduvcM5MOAVA1NSrsy3t2SdKGL2cx7M2_heVuL31pa_ARxEYM4_XaB4zPVDvDgep9lnOu6TEF2RR60yduM9Loe7t9B4Vb6-mzZuETIFLNxAIxyNAJjgMl6CMw7UszsKNuUCZFIEWtl92gtPl8YgDjo:1tLOFw:TnK32yy6wiO6XHuFrgsDLX9qlsT_iFQk5M3q-9wuXm0', '2024-12-25 15:04:04.482925');
INSERT INTO `django_session` VALUES ('7kyix11x4f9wr0mmdc85zhknzl4ukfnu', '.eJxVjEEOwiAURO_C2hAqfEJduvcM5MOAVA1NSrsy3t2SdKGL2cx7M2_heVuL31pa_ARxEYM4_XaB4zPVDvDgep9lnOu6TEF2RR60yduM9Loe7t9B4Vb6-mzZuETIFLNxAIxyNAJjgMl6CMw7UszsKNuUCZFIEWtl92gtPl8YgDjo:1tLODQ:ak_Di41Egdm7oCc-M7bUqpwRbjbukLLZSWaQtt5qIBk', '2024-12-25 15:01:28.076111');
INSERT INTO `django_session` VALUES ('7reipghj21hu37cp69opfu0bzjhyi7kz', '.eJxVjEEOwiAURO_C2hAqfEJduvcM5MOAVA1NSrsy3t2SdKGL2cx7M2_heVuL31pa_ARxEYM4_XaB4zPVDvDgep9lnOu6TEF2RR60yduM9Loe7t9B4Vb6-mzZuETIFLNxAIxyNAJjgMl6CMw7UszsKNuUCZFIEWtl92gtPl8YgDjo:1tLed5:CsRHcxnzU0pjEOW9uZ18Crh33j787cNucDI7JgMplrE', '2024-12-26 08:33:03.390803');
INSERT INTO `django_session` VALUES ('83tt58rct3gjycjxyjto5ogw6m443yxf', '.eJxVjEEOwiAURO_C2hAqfEJduvcM5MOAVA1NSrsy3t2SdKGL2cx7M2_heVuL31pa_ARxEYM4_XaB4zPVDvDgep9lnOu6TEF2RR60yduM9Loe7t9B4Vb6-mzZuETIFLNxAIxyNAJjgMl6CMw7UszsKNuUCZFIEWtl92gtPl8YgDjo:1tLdvr:XlVXP_aRdyCKxmydKex79JVYJTbvF3jsHZXbGeJ1T04', '2024-12-26 07:48:23.386113');
INSERT INTO `django_session` VALUES ('84a45j918wp0om1a9asv0071h0pepmeo', '.eJxVjEEOwiAURO_C2hAqfEJduvcM5MOAVA1NSrsy3t2SdKGL2cx7M2_heVuL31pa_ARxEYM4_XaB4zPVDvDgep9lnOu6TEF2RR60yduM9Loe7t9B4Vb6-mzZuETIFLNxAIxyNAJjgMl6CMw7UszsKNuUCZFIEWtl92gtPl8YgDjo:1tLeir:XrSeze7o-fVF8_v15jh_MfAAy7rAy2nvSbitYQhJ3xM', '2024-12-26 08:39:01.443336');
INSERT INTO `django_session` VALUES ('93pdfj4qvrjo5fvwnnt6b9raadc3naja', '.eJxVjEEOwiAURO_C2hAqfEJduvcM5MOAVA1NSrsy3t2SdKGL2cx7M2_heVuL31pa_ARxEYM4_XaB4zPVDvDgep9lnOu6TEF2RR60yduM9Loe7t9B4Vb6-mzZuETIFLNxAIxyNAJjgMl6CMw7UszsKNuUCZFIEWtl92gtPl8YgDjo:1tLeeE:IWZ2--TdPDpmqgGgM1MeCqCUYEgQnzvfk3Wb1KGEM04', '2024-12-26 08:34:14.122111');
INSERT INTO `django_session` VALUES ('93rnpuipr1qmwhqdvcpg9ak45gi7hn7e', '.eJxVjEEOwiAURO_C2hAqfEJduvcM5MOAVA1NSrsy3t2SdKGL2cx7M2_heVuL31pa_ARxEYM4_XaB4zPVDvDgep9lnOu6TEF2RR60yduM9Loe7t9B4Vb6-mzZuETIFLNxAIxyNAJjgMl6CMw7UszsKNuUCZFIEWtl92gtPl8YgDjo:1tM33w:ShgEnbuXOiTdRGw72X2MxWSzL5VekdIEQ1m-wXMACNg', '2024-12-27 10:38:24.617580');
INSERT INTO `django_session` VALUES ('96po5isxd6t75hvx558z6lijo4antkz0', '.eJxVjEEOwiAURO_C2hAqfEJduvcM5MOAVA1NSrsy3t2SdKGL2cx7M2_heVuL31pa_ARxEYM4_XaB4zPVDvDgep9lnOu6TEF2RR60yduM9Loe7t9B4Vb6-mzZuETIFLNxAIxyNAJjgMl6CMw7UszsKNuUCZFIEWtl92gtPl8YgDjo:1tLdpL:Jmg6_6q5bylv4uKa_gXwF06FBj-6eivKqOejb9OQhMc', '2024-12-26 07:41:39.099324');
INSERT INTO `django_session` VALUES ('9ghg0jt652aeg2l2ofcna1axfmo431sw', '.eJxVjEEOwiAURO_C2hAqfEJduvcM5MOAVA1NSrsy3t2SdKGL2cx7M2_heVuL31pa_ARxEYM4_XaB4zPVDvDgep9lnOu6TEF2RR60yduM9Loe7t9B4Vb6-mzZuETIFLNxAIxyNAJjgMl6CMw7UszsKNuUCZFIEWtl92gtPl8YgDjo:1tLeLT:z8JbraqGyFLCwclIZ9br-GWJ_iUGq5PQhnEixHHK-hg', '2024-12-26 08:14:51.244409');
INSERT INTO `django_session` VALUES ('9h05exj3z31s1l9frwd0lnvkzcjq6c2k', '.eJxVjEEOwiAURO_C2hAqfEJduvcM5MOAVA1NSrsy3t2SdKGL2cx7M2_heVuL31pa_ARxEYM4_XaB4zPVDvDgep9lnOu6TEF2RR60yduM9Loe7t9B4Vb6-mzZuETIFLNxAIxyNAJjgMl6CMw7UszsKNuUCZFIEWtl92gtPl8YgDjo:1tMl3J:HDefvMLge7-E8gLeBxOnxe_JMUXtS8KhYbSc2wW1s7c', '2024-12-29 09:36:41.366831');
INSERT INTO `django_session` VALUES ('be0qlyht5i0f5ax151ox0vktivinfkh2', '.eJxVjEEOwiAURO_C2hAqfEJduvcM5MOAVA1NSrsy3t2SdKGL2cx7M2_heVuL31pa_ARxEYM4_XaB4zPVDvDgep9lnOu6TEF2RR60yduM9Loe7t9B4Vb6-mzZuETIFLNxAIxyNAJjgMl6CMw7UszsKNuUCZFIEWtl92gtPl8YgDjo:1tLeXJ:CG-GF62wTddb-7zBSphB2Af9mklIdQFYFueSyd98tjA', '2024-12-26 08:27:05.525130');
INSERT INTO `django_session` VALUES ('besy4c81aauffr52eg69geck5ua2ny5x', '.eJxVjEEOwiAURO_C2hAqfEJduvcM5MOAVA1NSrsy3t2SdKGL2cx7M2_heVuL31pa_ARxEYM4_XaB4zPVDvDgep9lnOu6TEF2RR60yduM9Loe7t9B4Vb6-mzZuETIFLNxAIxyNAJjgMl6CMw7UszsKNuUCZFIEWtl92gtPl8YgDjo:1tLdt8:HVYcLgRVnyXHV4lsUEJfPaciDlLU94XLg5Ed-tY_MOY', '2024-12-26 07:45:34.716858');
INSERT INTO `django_session` VALUES ('brdyobzxg9vu67clcz3nwydd6fmz8diu', '.eJxVjEEOwiAURO_C2hAqfEJduvcM5MOAVA1NSrsy3t2SdKGL2cx7M2_heVuL31pa_ARxEYM4_XaB4zPVDvDgep9lnOu6TEF2RR60yduM9Loe7t9B4Vb6-mzZuETIFLNxAIxyNAJjgMl6CMw7UszsKNuUCZFIEWtl92gtPl8YgDjo:1tLgNu:uXJVpQz8oe_XY8ISl8KgxiFFWA52HmROFOcvVllGLGQ', '2024-12-26 10:25:30.539445');
INSERT INTO `django_session` VALUES ('btch2wb4i5i86rgfg1dcvj9npjaqazr9', '.eJxVjEEOwiAURO_C2hAqfEJduvcM5MOAVA1NSrsy3t2SdKGL2cx7M2_heVuL31pa_ARxEYM4_XaB4zPVDvDgep9lnOu6TEF2RR60yduM9Loe7t9B4Vb6-mzZuETIFLNxAIxyNAJjgMl6CMw7UszsKNuUCZFIEWtl92gtPl8YgDjo:1tLdo1:21JA4G9XO54DMM8yZBazuHlTID0z3s9lg2XcaRzZk-s', '2024-12-26 07:40:17.051705');
INSERT INTO `django_session` VALUES ('c6qsrfke9js2inu4396z2v9o80oftk3t', '.eJxVjEEOwiAURO_C2hAqfEJduvcM5MOAVA1NSrsy3t2SdKGL2cx7M2_heVuL31pa_ARxEYM4_XaB4zPVDvDgep9lnOu6TEF2RR60yduM9Loe7t9B4Vb6-mzZuETIFLNxAIxyNAJjgMl6CMw7UszsKNuUCZFIEWtl92gtPl8YgDjo:1tM32y:I26Qj4i4LZ0f2lRWA_FEVtKyiC2JhCBuF3P0G89AIqM', '2024-12-27 10:37:24.708228');
INSERT INTO `django_session` VALUES ('cab0vnbd3085d5vn97enkhoyvwm1e9bp', '.eJxVjEEOwiAURO_C2hAqfEJduvcM5MOAVA1NSrsy3t2SdKGL2cx7M2_heVuL31pa_ARxEYM4_XaB4zPVDvDgep9lnOu6TEF2RR60yduM9Loe7t9B4Vb6-mzZuETIFLNxAIxyNAJjgMl6CMw7UszsKNuUCZFIEWtl92gtPl8YgDjo:1tKere:EsNLscgQuZamiGqHVo_bELxslohxARCeCbtTHzV2T6Q', '2024-12-23 14:35:58.144134');
INSERT INTO `django_session` VALUES ('ccctnlnxuel3k47o6ceoh5peuauolwh8', '.eJxVjEEOwiAURO_C2hAqfEJduvcM5MOAVA1NSrsy3t2SdKGL2cx7M2_heVuL31pa_ARxEYM4_XaB4zPVDvDgep9lnOu6TEF2RR60yduM9Loe7t9B4Vb6-mzZuETIFLNxAIxyNAJjgMl6CMw7UszsKNuUCZFIEWtl92gtPl8YgDjo:1tLdct:tE_jh6CjTArRLrtwIw0LoNVnQLY8DCuMNgAxxnKQiW8', '2024-12-26 07:28:47.209262');
INSERT INTO `django_session` VALUES ('cd1fvle8wkp78n17vmcacimfld1iduv5', '.eJxVjEEOwiAURO_C2hAqfEJduvcM5MOAVA1NSrsy3t2SdKGL2cx7M2_heVuL31pa_ARxEYM4_XaB4zPVDvDgep9lnOu6TEF2RR60yduM9Loe7t9B4Vb6-mzZuETIFLNxAIxyNAJjgMl6CMw7UszsKNuUCZFIEWtl92gtPl8YgDjo:1tKzdL:Tla2aK5kmlPnA7jF6TUzJZLsKWmp14LJjXxjYWyH7_8', '2024-12-24 12:46:35.603569');
INSERT INTO `django_session` VALUES ('cwcktruak24076dhamdq2r8ilug2rft1', '.eJxVjEEOwiAURO_C2hAqfEJduvcM5MOAVA1NSrsy3t2SdKGL2cx7M2_heVuL31pa_ARxEYM4_XaB4zPVDvDgep9lnOu6TEF2RR60yduM9Loe7t9B4Vb6-mzZuETIFLNxAIxyNAJjgMl6CMw7UszsKNuUCZFIEWtl92gtPl8YgDjo:1tLdno:UwyIPsIn68DM-XH7mKMPtu6M6ljZafbbk-lY5AZGcL0', '2024-12-26 07:40:04.665151');
INSERT INTO `django_session` VALUES ('cycs432cfu5iqfz5cqtxc6586wytjjpy', '.eJxVjEEOwiAURO_C2hAqfEJduvcM5MOAVA1NSrsy3t2SdKGL2cx7M2_heVuL31pa_ARxEYM4_XaB4zPVDvDgep9lnOu6TEF2RR60yduM9Loe7t9B4Vb6-mzZuETIFLNxAIxyNAJjgMl6CMw7UszsKNuUCZFIEWtl92gtPl8YgDjo:1tLlmG:10fVq64sdKPChQLVr8FFWIo7F3ORowIwQy097oPFBoc', '2024-12-26 16:11:00.320372');
INSERT INTO `django_session` VALUES ('d00jovvexr9wuo04e0ww4z6fzp5srjxd', '.eJxVjEEOwiAURO_C2hAqfEJduvcM5MOAVA1NSrsy3t2SdKGL2cx7M2_heVuL31pa_ARxEYM4_XaB4zPVDvDgep9lnOu6TEF2RR60yduM9Loe7t9B4Vb6-mzZuETIFLNxAIxyNAJjgMl6CMw7UszsKNuUCZFIEWtl92gtPl8YgDjo:1tKtsU:tgkKRSDGILBKjBVhxO-9GMHS5juBRdF9PyraYfdm9VE', '2024-12-24 06:37:50.510469');
INSERT INTO `django_session` VALUES ('d8kt56tx7p5l3z557ffsos4e92h527s2', '.eJxVjMsOwiAURP-FtSE8ilxcuvcbyIULUjWQlHZl_Hdp0oXuJnPOzJt53Nbit54WPxO7MMlOv13A-Ex1B_TAem88trouc-C7wg_a-a1Rel0P9--gYC9jLaYQyIqzRGsAQGWVdCJNMjsMOUph3UQuKq2DcWakmAAcgNA4KGX2-QLmSjhF:1tPJTf:t6PMGl2o-mCsrrivslZbBkBsx76py7lNmX7K7o5s6p8', '2025-01-05 10:46:27.038320');
INSERT INTO `django_session` VALUES ('diryngs6duk2dnwhznl3vg1jmibdav09', '.eJxVjEEOwiAURO_C2hAqfEJduvcM5MOAVA1NSrsy3t2SdKGL2cx7M2_heVuL31pa_ARxEYM4_XaB4zPVDvDgep9lnOu6TEF2RR60yduM9Loe7t9B4Vb6-mzZuETIFLNxAIxyNAJjgMl6CMw7UszsKNuUCZFIEWtl92gtPl8YgDjo:1tLeNG:ZsqamKDpWy0cQzHneeaH9n09R2i-8niDAGBtUBWTJoo', '2024-12-26 08:16:42.836113');
INSERT INTO `django_session` VALUES ('dkt63wqubm6be0te0w1kif3x9mybx3hm', '.eJxVjEEOwiAURO_C2hAqfEJduvcM5MOAVA1NSrsy3t2SdKGL2cx7M2_heVuL31pa_ARxEYM4_XaB4zPVDvDgep9lnOu6TEF2RR60yduM9Loe7t9B4Vb6-mzZuETIFLNxAIxyNAJjgMl6CMw7UszsKNuUCZFIEWtl92gtPl8YgDjo:1tM317:ANJ7dQpqgx4X18SPKoK5xEWRti3Lhl5U-ZaCTahVYLM', '2024-12-27 10:35:29.468901');
INSERT INTO `django_session` VALUES ('e5gd8xsnaek3c20qr6zlxhmv5cutnayz', '.eJxVjEEOwiAURO_C2hAqfEJduvcM5MOAVA1NSrsy3t2SdKGL2cx7M2_heVuL31pa_ARxEYM4_XaB4zPVDvDgep9lnOu6TEF2RR60yduM9Loe7t9B4Vb6-mzZuETIFLNxAIxyNAJjgMl6CMw7UszsKNuUCZFIEWtl92gtPl8YgDjo:1tMNRa:Iel-3SXqF9KxUiyuKRwjmzdDvyjPjRsVqvZczHIsx5M', '2024-12-28 08:24:10.961537');
INSERT INTO `django_session` VALUES ('ebbfr2e7uq2r3n3b2u9zh94027saendm', '.eJxVjMsOwiAURP-FtSE8ilxcuvcbyIULUjWQlHZl_Hdp0oXuJnPOzJt53Nbit54WPxO7MMlOv13A-Ex1B_TAem88trouc-C7wg_a-a1Rel0P9--gYC9jLaYQyIqzRGsAQGWVdCJNMjsMOUph3UQuKq2DcWakmAAcgNA4KGX2-QLmSjhF:1tNXrQ:68_9HZV-s2qfW-AjE3fzpsJGwlUILTdy1tb6UbMXYMg', '2024-12-31 13:43:40.901217');
INSERT INTO `django_session` VALUES ('er74wh98vjp0drrp79cz82tdepq7yxko', '.eJxVjEEOwiAURO_C2hAqfEJduvcM5MOAVA1NSrsy3t2SdKGL2cx7M2_heVuL31pa_ARxEYM4_XaB4zPVDvDgep9lnOu6TEF2RR60yduM9Loe7t9B4Vb6-mzZuETIFLNxAIxyNAJjgMl6CMw7UszsKNuUCZFIEWtl92gtPl8YgDjo:1tLdqD:go9-MkI8VRQs1KYVpuLbP86YSJMxiAsau0881sa5qIE', '2024-12-26 07:42:33.606749');
INSERT INTO `django_session` VALUES ('es59huhsjayyksnu5spmvq3xhb258otm', '.eJxVjEEOwiAURO_C2hAqfEJduvcM5MOAVA1NSrsy3t2SdKGL2cx7M2_heVuL31pa_ARxEYM4_XaB4zPVDvDgep9lnOu6TEF2RR60yduM9Loe7t9B4Vb6-mzZuETIFLNxAIxyNAJjgMl6CMw7UszsKNuUCZFIEWtl92gtPl8YgDjo:1tM7PW:LkQVDTm3I8sFaZrjClUFo6_Azfz665KEYGZxtW78a_0', '2024-12-27 15:16:58.516683');
INSERT INTO `django_session` VALUES ('fthy0p5q2ux6cbj8qps1mb2udx6duxrz', '.eJxVjEEOwiAURO_C2hAqfEJduvcM5MOAVA1NSrsy3t2SdKGL2cx7M2_heVuL31pa_ARxEYM4_XaB4zPVDvDgep9lnOu6TEF2RR60yduM9Loe7t9B4Vb6-mzZuETIFLNxAIxyNAJjgMl6CMw7UszsKNuUCZFIEWtl92gtPl8YgDjo:1tMRIG:ftzC2tPdIbh3tLfbxVbPpyxwubTwsbGqFWbqvJ-Yvqo', '2024-12-28 12:30:48.699849');
INSERT INTO `django_session` VALUES ('g1j86iq5ska75w0fa4y2mo3w7g9w750t', '.eJxVjEEOwiAURO_C2hAqfEJduvcM5MOAVA1NSrsy3t2SdKGL2cx7M2_heVuL31pa_ARxEYM4_XaB4zPVDvDgep9lnOu6TEF2RR60yduM9Loe7t9B4Vb6-mzZuETIFLNxAIxyNAJjgMl6CMw7UszsKNuUCZFIEWtl92gtPl8YgDjo:1tLeep:GZVrZa0CYSLCXjJRUPqTj3KnTPEbaHDP09uB0JmQtPg', '2024-12-26 08:34:51.566198');
INSERT INTO `django_session` VALUES ('ga3n2e7lrgw1pn5xrmolne1uquqoujre', '.eJxVjEEOwiAURO_C2hAqfEJduvcM5MOAVA1NSrsy3t2SdKGL2cx7M2_heVuL31pa_ARxEYM4_XaB4zPVDvDgep9lnOu6TEF2RR60yduM9Loe7t9B4Vb6-mzZuETIFLNxAIxyNAJjgMl6CMw7UszsKNuUCZFIEWtl92gtPl8YgDjo:1tLegb:PtnRwHexfpignK1tQ6xn5c8lqusgE9D5pmSiPWZWJkE', '2024-12-26 08:36:41.088955');
INSERT INTO `django_session` VALUES ('gtahwdbcl67dutwr8p00jzsc80eeyd04', '.eJxVjEEOwiAURO_C2hAqfEJduvcM5MOAVA1NSrsy3t2SdKGL2cx7M2_heVuL31pa_ARxEYM4_XaB4zPVDvDgep9lnOu6TEF2RR60yduM9Loe7t9B4Vb6-mzZuETIFLNxAIxyNAJjgMl6CMw7UszsKNuUCZFIEWtl92gtPl8YgDjo:1tNPpI:foXgx-RaVMbg_2YSY1w6D_5vxNQN1-QXzaT5b24RPqM', '2024-12-31 05:08:56.356499');
INSERT INTO `django_session` VALUES ('gw0lx2jarymt88jmzesgo2relefobgkt', '.eJxVjEEOwiAURO_C2hAqfEJduvcM5MOAVA1NSrsy3t2SdKGL2cx7M2_heVuL31pa_ARxEYM4_XaB4zPVDvDgep9lnOu6TEF2RR60yduM9Loe7t9B4Vb6-mzZuETIFLNxAIxyNAJjgMl6CMw7UszsKNuUCZFIEWtl92gtPl8YgDjo:1tLjtb:fWgCczi3Sx4bKMEKrBA7H75AOIxJxnDDl20_H7silhM', '2024-12-26 14:10:27.009174');
INSERT INTO `django_session` VALUES ('gxu5zw0g5o6x5q9bklf39n429qx5qeza', '.eJxVjEEOwiAURO_C2hAqfEJduvcM5MOAVA1NSrsy3t2SdKGL2cx7M2_heVuL31pa_ARxEYM4_XaB4zPVDvDgep9lnOu6TEF2RR60yduM9Loe7t9B4Vb6-mzZuETIFLNxAIxyNAJjgMl6CMw7UszsKNuUCZFIEWtl92gtPl8YgDjo:1tMRIh:G40abuH3MGdcuKP__nFI3Mwav33oo4vDDxX5RgBYyZc', '2024-12-28 12:31:15.750206');
INSERT INTO `django_session` VALUES ('hiuc6pk666s3l72jfo6fo4qryty4o43x', '.eJxVjEEOwiAURO_C2hAqfEJduvcM5MOAVA1NSrsy3t2SdKGL2cx7M2_heVuL31pa_ARxEYM4_XaB4zPVDvDgep9lnOu6TEF2RR60yduM9Loe7t9B4Vb6-mzZuETIFLNxAIxyNAJjgMl6CMw7UszsKNuUCZFIEWtl92gtPl8YgDjo:1tLdo7:4hd6nYSBMqa38WgQtemircGqf_jVIQq-jw2HrIp8jng', '2024-12-26 07:40:23.799745');
INSERT INTO `django_session` VALUES ('hsu1mbc7auv1qc0ah7desn1sh3xl94dc', '.eJxVjMsOwiAURP-FtSE8ilxcuvcbyIULUjWQlHZl_Hdp0oXuJnPOzJt53Nbit54WPxO7MMlOv13A-Ex1B_TAem88trouc-C7wg_a-a1Rel0P9--gYC9jLaYQyIqzRGsAQGWVdCJNMjsMOUph3UQuKq2DcWakmAAcgNA4KGX2-QLmSjhF:1tPJrN:8owwJaZ-tXLYAxCe-p9MYSPYMoRNTdlOZKRZVqZMFlg', '2025-01-05 11:10:57.585332');
INSERT INTO `django_session` VALUES ('i1lc7kcswcdh3eu50wmqs4w8w5ejcctj', '.eJxVjEEOwiAURO_C2hAqfEJduvcM5MOAVA1NSrsy3t2SdKGL2cx7M2_heVuL31pa_ARxEYM4_XaB4zPVDvDgep9lnOu6TEF2RR60yduM9Loe7t9B4Vb6-mzZuETIFLNxAIxyNAJjgMl6CMw7UszsKNuUCZFIEWtl92gtPl8YgDjo:1tM7Su:FEfrbNdBdEDXhrgUe2G6MOh6ebmamL0t6CayujfJrWU', '2024-12-27 15:20:28.447100');
INSERT INTO `django_session` VALUES ('ib6odtynwmnr6dtssq37iekgys20i1dr', '.eJxVjEEOwiAURO_C2hAqfEJduvcM5MOAVA1NSrsy3t2SdKGL2cx7M2_heVuL31pa_ARxEYM4_XaB4zPVDvDgep9lnOu6TEF2RR60yduM9Loe7t9B4Vb6-mzZuETIFLNxAIxyNAJjgMl6CMw7UszsKNuUCZFIEWtl92gtPl8YgDjo:1tLdwN:ymAWrWZYkcwW3Bj_ZbWWCmgws-KSfyi4SPzWR70oPLg', '2024-12-26 07:48:55.309453');
INSERT INTO `django_session` VALUES ('id9hzfn5xms1sq9s9qgoj2d0rf67g86k', '.eJxVjDsOwjAQBe_iGllJNtiGkp4zWG_XaxJAtpRPhbg7REoB7ZuZ9zIR6zLEddYpjsmcjTeH340hDy0bSHeUW7VSyzKNbDfF7nS215r0edndv4MB8_CtgaalDk13RNfnrE6yc0SKfFIm8RxYicmDhJy0AfCJiUQQwNQ35v0BB1Q4_w:1tNmqI:ILIdSWx1dDIgQyX9o-u09B8K6KbPYfG7r3Xy_UTQHzg', '2025-01-01 05:43:30.538774');
INSERT INTO `django_session` VALUES ('iv6hpmmdgdc8h4k9dnod0or6i9an3jzw', '.eJxVjEEOwiAURO_C2hAqfEJduvcM5MOAVA1NSrsy3t2SdKGL2cx7M2_heVuL31pa_ARxEYM4_XaB4zPVDvDgep9lnOu6TEF2RR60yduM9Loe7t9B4Vb6-mzZuETIFLNxAIxyNAJjgMl6CMw7UszsKNuUCZFIEWtl92gtPl8YgDjo:1tLeNZ:_bJskkCVaItSu9QfBuCoe4FiUdWONZxsrQvXPhEBPfI', '2024-12-26 08:17:01.281101');
INSERT INTO `django_session` VALUES ('iy8430jjkrha99j6xh45wwg7w8pmz7gr', '.eJxVjEEOwiAURO_C2hAqfEJduvcM5MOAVA1NSrsy3t2SdKGL2cx7M2_heVuL31pa_ARxEYM4_XaB4zPVDvDgep9lnOu6TEF2RR60yduM9Loe7t9B4Vb6-mzZuETIFLNxAIxyNAJjgMl6CMw7UszsKNuUCZFIEWtl92gtPl8YgDjo:1tKzbH:fG_eWyCyFi-m_Vd9o4lj_GkZUtQd6zeRtRFSaXSKlsI', '2024-12-24 12:44:27.545502');
INSERT INTO `django_session` VALUES ('j553jj2bbsl177geyzgj93a9icfm3qi9', '.eJxVjEEOwiAURO_C2hAqfEJduvcM5MOAVA1NSrsy3t2SdKGL2cx7M2_heVuL31pa_ARxEYM4_XaB4zPVDvDgep9lnOu6TEF2RR60yduM9Loe7t9B4Vb6-mzZuETIFLNxAIxyNAJjgMl6CMw7UszsKNuUCZFIEWtl92gtPl8YgDjo:1tM7Sg:IXqV3WB3i5dvQCl8IOBVEnrgVLuXgsGQMQuGsqPapi8', '2024-12-27 15:20:14.896972');
INSERT INTO `django_session` VALUES ('j6yx8kvxfmft1l7dgpwy1a4cnnua54ax', '.eJxVjEEOwiAURO_C2hAqfEJduvcM5MOAVA1NSrsy3t2SdKGL2cx7M2_heVuL31pa_ARxEYM4_XaB4zPVDvDgep9lnOu6TEF2RR60yduM9Loe7t9B4Vb6-mzZuETIFLNxAIxyNAJjgMl6CMw7UszsKNuUCZFIEWtl92gtPl8YgDjo:1tLOD3:nNbm9okGaVfBgCec6qle6_iGVhzPmBowwbwhHzoIX3k', '2024-12-25 15:01:05.214862');
INSERT INTO `django_session` VALUES ('jmwtcobbmu5iqbwuzjepwtc72ngk69hg', '.eJxVjEEOwiAURO_C2hAqfEJduvcM5MOAVA1NSrsy3t2SdKGL2cx7M2_heVuL31pa_ARxEYM4_XaB4zPVDvDgep9lnOu6TEF2RR60yduM9Loe7t9B4Vb6-mzZuETIFLNxAIxyNAJjgMl6CMw7UszsKNuUCZFIEWtl92gtPl8YgDjo:1tNPp1:3k-xER1AwAoW_VSnP6gwJi0gvhbGouq5QqdbV7tedcw', '2024-12-31 05:08:39.225871');
INSERT INTO `django_session` VALUES ('jugvihpzf086ha2navms5i3ue6fc1b5y', '.eJxVjEEOwiAURO_C2hAqfEJduvcM5MOAVA1NSrsy3t2SdKGL2cx7M2_heVuL31pa_ARxEYM4_XaB4zPVDvDgep9lnOu6TEF2RR60yduM9Loe7t9B4Vb6-mzZuETIFLNxAIxyNAJjgMl6CMw7UszsKNuUCZFIEWtl92gtPl8YgDjo:1tLc7I:ixVcqwSpXuEI40ggJ_5K5fCWpH9F6t7LjRv6S4pcRFI', '2024-12-26 05:52:04.629809');
INSERT INTO `django_session` VALUES ('jy1pl0l0277s6bxosjdzx6b04c529ozd', '.eJxVjEEOwiAURO_C2hAqfEJduvcM5MOAVA1NSrsy3t2SdKGL2cx7M2_heVuL31pa_ARxEYM4_XaB4zPVDvDgep9lnOu6TEF2RR60yduM9Loe7t9B4Vb6-mzZuETIFLNxAIxyNAJjgMl6CMw7UszsKNuUCZFIEWtl92gtPl8YgDjo:1tM3JE:E8_k0391HTL7mZmq_OGmIuj71o1CtXqim3_nkstVOu4', '2024-12-27 10:54:12.643676');
INSERT INTO `django_session` VALUES ('k8fjait3ftu7ul3c4j77rpje36i3bpcl', '.eJxVjEEOwiAURO_C2hAqfEJduvcM5MOAVA1NSrsy3t2SdKGL2cx7M2_heVuL31pa_ARxEYM4_XaB4zPVDvDgep9lnOu6TEF2RR60yduM9Loe7t9B4Vb6-mzZuETIFLNxAIxyNAJjgMl6CMw7UszsKNuUCZFIEWtl92gtPl8YgDjo:1tMPUm:Rpg9xaFy_Oq6mg4GsWFnIY4e5wBxUUxd__Ewjzx-TI0', '2024-12-28 10:35:36.638107');
INSERT INTO `django_session` VALUES ('kg2yyt801pbrvlmdfcmj4i6wqdugep14', '.eJxVjEEOwiAURO_C2hAqfEJduvcM5MOAVA1NSrsy3t2SdKGL2cx7M2_heVuL31pa_ARxEYM4_XaB4zPVDvDgep9lnOu6TEF2RR60yduM9Loe7t9B4Vb6-mzZuETIFLNxAIxyNAJjgMl6CMw7UszsKNuUCZFIEWtl92gtPl8YgDjo:1tNPCd:SmhVxVkTUc7ePMQnsn26HRnu_yfF55W8G-1I0CEkLPc', '2024-12-31 04:28:59.151171');
INSERT INTO `django_session` VALUES ('kg4pgt4c72hxbfxmyjebgwjmf48yxglz', '.eJxVjMsOwiAURP-FtSE8ilxcuvcbyIULUjWQlHZl_Hdp0oXuJnPOzJt53Nbit54WPxO7MMlOv13A-Ex1B_TAem88trouc-C7wg_a-a1Rel0P9--gYC9jLaYQyIqzRGsAQGWVdCJNMjsMOUph3UQuKq2DcWakmAAcgNA4KGX2-QLmSjhF:1tOYAr:TCwgrU4Ij_4UHN23p0p_WeKb557wS9_uuTKep6_GZQQ', '2025-01-03 08:15:53.703540');
INSERT INTO `django_session` VALUES ('kja1mop23s4wkmikpkj2d2a74jk35s6q', '.eJxVjEEOwiAURO_C2hAqfEJduvcM5MOAVA1NSrsy3t2SdKGL2cx7M2_heVuL31pa_ARxEYM4_XaB4zPVDvDgep9lnOu6TEF2RR60yduM9Loe7t9B4Vb6-mzZuETIFLNxAIxyNAJjgMl6CMw7UszsKNuUCZFIEWtl92gtPl8YgDjo:1tMRQF:HpmrWuHNNIFHzTiWPcq8CkRtt2OYxYJYt4B_HN1iMvA', '2024-12-28 12:39:03.729150');
INSERT INTO `django_session` VALUES ('kxffzn7h4pbb2qu849nssztj5h4h0wlm', '.eJxVjEEOwiAURO_C2hAqfEJduvcM5MOAVA1NSrsy3t2SdKGL2cx7M2_heVuL31pa_ARxEYM4_XaB4zPVDvDgep9lnOu6TEF2RR60yduM9Loe7t9B4Vb6-mzZuETIFLNxAIxyNAJjgMl6CMw7UszsKNuUCZFIEWtl92gtPl8YgDjo:1tM4fM:ZDQKgODq_Ygp33VbVqom6m6IXdbwPZxMlLHu4l3UAQA', '2024-12-27 12:21:08.597338');
INSERT INTO `django_session` VALUES ('l6gioya6dyfu504igj6ky5sugmz1gf2w', '.eJxVjEEOwiAURO_C2hAqfEJduvcM5MOAVA1NSrsy3t2SdKGL2cx7M2_heVuL31pa_ARxEYM4_XaB4zPVDvDgep9lnOu6TEF2RR60yduM9Loe7t9B4Vb6-mzZuETIFLNxAIxyNAJjgMl6CMw7UszsKNuUCZFIEWtl92gtPl8YgDjo:1tLiPd:8rwVQPbPCx-K-Su_xpy5QozR1B940ZnN40usFyURjVA', '2024-12-26 12:35:25.115379');
INSERT INTO `django_session` VALUES ('l6qudxg6pffsbbcoch0tdmv2kdn0i4sh', '.eJxVjMsOwiAURP-FtSE8ilxcuvcbyIULUjWQlHZl_Hdp0oXuJnPOzJt53Nbit54WPxO7MMlOv13A-Ex1B_TAem88trouc-C7wg_a-a1Rel0P9--gYC9jLaYQyIqzRGsAQGWVdCJNMjsMOUph3UQuKq2DcWakmAAcgNA4KGX2-QLmSjhF:1tNntH:gvqMI3dKk14QYD9tzcydgb77OnUyRKnd3DmJlX6FsvA', '2025-01-01 06:50:39.573772');
INSERT INTO `django_session` VALUES ('lkhglk5o9r4z096cq9l15sk2egnq3qdx', '.eJxVjEEOwiAURO_C2hAqfEJduvcM5MOAVA1NSrsy3t2SdKGL2cx7M2_heVuL31pa_ARxEYM4_XaB4zPVDvDgep9lnOu6TEF2RR60yduM9Loe7t9B4Vb6-mzZuETIFLNxAIxyNAJjgMl6CMw7UszsKNuUCZFIEWtl92gtPl8YgDjo:1tLeim:Of2xiO0MnHvqWh_j1wvh0NgwF9enCVUZ4-6XKrssfuY', '2024-12-26 08:38:56.598061');
INSERT INTO `django_session` VALUES ('locxsbswyawqm0v2myfszibqx0i6g9ih', '.eJxVjEEOwiAURO_C2hAqfEJduvcM5MOAVA1NSrsy3t2SdKGL2cx7M2_heVuL31pa_ARxEYM4_XaB4zPVDvDgep9lnOu6TEF2RR60yduM9Loe7t9B4Vb6-mzZuETIFLNxAIxyNAJjgMl6CMw7UszsKNuUCZFIEWtl92gtPl8YgDjo:1tLOEa:4C79BiJImeGiPlmeatiIu7qmEk_JE1-84djAJ7_5WXE', '2024-12-25 15:02:40.430218');
INSERT INTO `django_session` VALUES ('lqvndorxwwtbl0tqpv7z7gan0suo1zzq', '.eJxVjMsOwiAURP-FtSE8ilxcuvcbyIULUjWQlHZl_Hdp0oXuJnPOzJt53Nbit54WPxO7MMlOv13A-Ex1B_TAem88trouc-C7wg_a-a1Rel0P9--gYC9jLaYQyIqzRGsAQGWVdCJNMjsMOUph3UQuKq2DcWakmAAcgNA4KGX2-QLmSjhF:1tPJTm:YngGhWO2V5JRnOluXozae5VujjthX_gfTsGQZCbXukw', '2025-01-05 10:46:34.326924');
INSERT INTO `django_session` VALUES ('lv4qtkqg1lit8885x45hkms7vjs8inyl', '.eJxVjDEOwjAMRe-SGUUlOHXNyM4Zojh2SAGlUtNOiLtDpQ6w_vfef5kQ16WEtekcRjFnczSH341jemjdgNxjvU02TXWZR7abYnfa7HUSfV529--gxFa-dQeOFSlnQvB8QvUOO845Ow-k6jkKA1OPSt4NHnvgIUUAQQJRIvP-AOj1OAY:1tKTyS:YIwlKaBJ_MWtff9Zd_u4YCTWjzTyWsrB57dEK71hjgQ', '2024-12-23 02:58:16.269742');
INSERT INTO `django_session` VALUES ('lvvwg320fbz20fgxmz7z6wiaceqimmt5', '.eJxVjEEOwiAURO_C2hAqfEJduvcM5MOAVA1NSrsy3t2SdKGL2cx7M2_heVuL31pa_ARxEYM4_XaB4zPVDvDgep9lnOu6TEF2RR60yduM9Loe7t9B4Vb6-mzZuETIFLNxAIxyNAJjgMl6CMw7UszsKNuUCZFIEWtl92gtPl8YgDjo:1tLhm2:Lk2NVDuCp-IBckooSlbF0M_dju1Pbecvh403RZZkdeI', '2024-12-26 11:54:30.657514');
INSERT INTO `django_session` VALUES ('lx4iwn3llt035c9ztfaldgm311vpw3w3', '.eJxVjDsOwjAQBe_iGln-xcaU9DmDtd5d4wBypDipEHeHSCmgfTPzXiLBtta0dV7SROIinDj9bhnwwW0HdId2myXObV2mLHdFHrTLcSZ-Xg_376BCr986DKhBcSTrWFvA4JmM8oGA0WFmLDlGyN5qoGDPBVAXpzQaGMAaE8T7Aw0bONg:1tKeVq:NxO8vvL2xXDATR9uW-ly14DsCkVTcCRMX2jtPzq4uM0', '2024-12-23 14:13:26.346681');
INSERT INTO `django_session` VALUES ('m7lmyq5x4pp62u5eoq1gm5f6gt0jmwdf', '.eJxVjEEOwiAURO_C2hAqfEJduvcM5MOAVA1NSrsy3t2SdKGL2cx7M2_heVuL31pa_ARxEYM4_XaB4zPVDvDgep9lnOu6TEF2RR60yduM9Loe7t9B4Vb6-mzZuETIFLNxAIxyNAJjgMl6CMw7UszsKNuUCZFIEWtl92gtPl8YgDjo:1tM7MP:VOw6tEp-nhbyJHly0KSgz3QRWHEud4ORxy8ztzopa1w', '2024-12-27 15:13:45.280921');
INSERT INTO `django_session` VALUES ('miri2g35qpynk1o4mdwn2exirw8c5lcl', '.eJxVjEEOwiAURO_C2hAqfEJduvcM5MOAVA1NSrsy3t2SdKGL2cx7M2_heVuL31pa_ARxEYM4_XaB4zPVDvDgep9lnOu6TEF2RR60yduM9Loe7t9B4Vb6-mzZuETIFLNxAIxyNAJjgMl6CMw7UszsKNuUCZFIEWtl92gtPl8YgDjo:1tLeHl:-_6WpnyGUq4OSQFGQYqA41fXCKjpTnmq2yDfjHd0zuY', '2024-12-26 08:11:01.087952');
INSERT INTO `django_session` VALUES ('mjdcdde0j8898cdjofdb5yn2syrxlkit', '.eJxVjEEOwiAURO_C2hAqfEJduvcM5MOAVA1NSrsy3t2SdKGL2cx7M2_heVuL31pa_ARxEYM4_XaB4zPVDvDgep9lnOu6TEF2RR60yduM9Loe7t9B4Vb6-mzZuETIFLNxAIxyNAJjgMl6CMw7UszsKNuUCZFIEWtl92gtPl8YgDjo:1tLOC1:uxMWyIbOnYlQ7tzIoib-sbSZNh-uW__3A2eWOl08BNg', '2024-12-25 15:00:01.844046');
INSERT INTO `django_session` VALUES ('mz4cs56l99s77fz11413mcj9u43hyxpf', '.eJxVjDEOwjAMRe-SGUUlOHXNyM4Zojh2SAGlUtNOiLtDpQ6w_vfef5kQ16WEtekcRjFnczSH341jemjdgNxjvU02TXWZR7abYnfa7HUSfV529--gxFa-dQeOFSlnQvB8QvUOO845Ow-k6jkKA1OPSt4NHnvgIUUAQQJRIvP-AOj1OAY:1tKJiA:CKIMQMLSdnuYg1zfnH97i1PlC3XUCOezztJS6e0o460', '2024-12-22 16:00:46.673716');
INSERT INTO `django_session` VALUES ('mzqo7h4oocg1ygzvxzg0rgqn6ro0xjvn', '.eJxVjEEOwiAURO_C2hAqfEJduvcM5MOAVA1NSrsy3t2SdKGL2cx7M2_heVuL31pa_ARxEYM4_XaB4zPVDvDgep9lnOu6TEF2RR60yduM9Loe7t9B4Vb6-mzZuETIFLNxAIxyNAJjgMl6CMw7UszsKNuUCZFIEWtl92gtPl8YgDjo:1tLc8d:FonKWFZWATx2xw3qrc4152MBvbuF9P89b9FBbUVFELA', '2024-12-26 05:53:27.259583');
INSERT INTO `django_session` VALUES ('n2r8039kr310cxu0kw3v4dvbjtu136pr', '.eJxVjEEOwiAURO_C2hAqfEJduvcM5MOAVA1NSrsy3t2SdKGL2cx7M2_heVuL31pa_ARxEYM4_XaB4zPVDvDgep9lnOu6TEF2RR60yduM9Loe7t9B4Vb6-mzZuETIFLNxAIxyNAJjgMl6CMw7UszsKNuUCZFIEWtl92gtPl8YgDjo:1tLcGm:ddu0lq8TE6EVNj8y5rY8c7AWAnREMGQjzYNnnFEQ5gc', '2024-12-26 06:01:52.291275');
INSERT INTO `django_session` VALUES ('npter68417o1ih40f9q78cgers5by7dy', '.eJxVjEEOwiAURO_C2hAqfEJduvcM5MOAVA1NSrsy3t2SdKGL2cx7M2_heVuL31pa_ARxEYM4_XaB4zPVDvDgep9lnOu6TEF2RR60yduM9Loe7t9B4Vb6-mzZuETIFLNxAIxyNAJjgMl6CMw7UszsKNuUCZFIEWtl92gtPl8YgDjo:1tLc6x:SaUIXpq4R-CVlCfcHQ32I6etv6FqhK3LZ0xNpKG5z_M', '2024-12-26 05:51:43.117498');
INSERT INTO `django_session` VALUES ('oouexkr26iv0v28378xwcc93ffkiv7dk', '.eJxVjEEOwiAURO_C2hAqfEJduvcM5MOAVA1NSrsy3t2SdKGL2cx7M2_heVuL31pa_ARxEYM4_XaB4zPVDvDgep9lnOu6TEF2RR60yduM9Loe7t9B4Vb6-mzZuETIFLNxAIxyNAJjgMl6CMw7UszsKNuUCZFIEWtl92gtPl8YgDjo:1tLe05:bkDfk2-lRKoIVVSYFpL6jk_X2UwnpTTttxjPfVHGjb0', '2024-12-26 07:52:45.309617');
INSERT INTO `django_session` VALUES ('oxsczshs209q2dbtrk4s5gk08u35nt3s', '.eJxVjEEOwiAURO_C2hAqfEJduvcM5MOAVA1NSrsy3t2SdKGL2cx7M2_heVuL31pa_ARxEYM4_XaB4zPVDvDgep9lnOu6TEF2RR60yduM9Loe7t9B4Vb6-mzZuETIFLNxAIxyNAJjgMl6CMw7UszsKNuUCZFIEWtl92gtPl8YgDjo:1tKeWZ:hOb4984YZbWADpDnzVPkNf52dWilL2afwFjILGiX8Rk', '2024-12-23 14:14:11.478097');
INSERT INTO `django_session` VALUES ('p9rntb59igp4031vyxn13zdku9je9hp8', '.eJxVjEEOwiAURO_C2hAqfEJduvcM5MOAVA1NSrsy3t2SdKGL2cx7M2_heVuL31pa_ARxEYM4_XaB4zPVDvDgep9lnOu6TEF2RR60yduM9Loe7t9B4Vb6-mzZuETIFLNxAIxyNAJjgMl6CMw7UszsKNuUCZFIEWtl92gtPl8YgDjo:1tLeTt:1glv66gwVy2_UbSbON33SouyhLS3KhMjlmg4J25tkOY', '2024-12-26 08:23:33.378560');
INSERT INTO `django_session` VALUES ('pagdmqgt3p3eevcm49lu3z1tz9hgdhzu', '.eJxVjEEOwiAURO_C2hAqfEJduvcM5MOAVA1NSrsy3t2SdKGL2cx7M2_heVuL31pa_ARxEYM4_XaB4zPVDvDgep9lnOu6TEF2RR60yduM9Loe7t9B4Vb6-mzZuETIFLNxAIxyNAJjgMl6CMw7UszsKNuUCZFIEWtl92gtPl8YgDjo:1tKtoR:gk4XOPblin6YIFnYVmRyUIgOVJWLq9EHyxbRsWurtLM', '2024-12-24 06:33:39.179657');
INSERT INTO `django_session` VALUES ('po8alqncxfq3istb4d3k8i55zecs3ks5', '.eJxVjEEOwiAURO_C2hAqfEJduvcM5MOAVA1NSrsy3t2SdKGL2cx7M2_heVuL31pa_ARxEYM4_XaB4zPVDvDgep9lnOu6TEF2RR60yduM9Loe7t9B4Vb6-mzZuETIFLNxAIxyNAJjgMl6CMw7UszsKNuUCZFIEWtl92gtPl8YgDjo:1tLeRv:MEQk5xLmGwXr8x5rw5dLNeeCl3O2xFeEPxvGNGVMu2o', '2024-12-26 08:21:31.543119');
INSERT INTO `django_session` VALUES ('pr6rv8as7d365167s9arcncajdbj8ol0', '.eJxVjEEOwiAURO_C2hAqfEJduvcM5MOAVA1NSrsy3t2SdKGL2cx7M2_heVuL31pa_ARxEYM4_XaB4zPVDvDgep9lnOu6TEF2RR60yduM9Loe7t9B4Vb6-mzZuETIFLNxAIxyNAJjgMl6CMw7UszsKNuUCZFIEWtl92gtPl8YgDjo:1tLdyq:WRYgo3eb_aopsHy5p8wpH8S0K6gbLl4QoE-jYwiWmX0', '2024-12-26 07:51:28.884713');
INSERT INTO `django_session` VALUES ('qb0ibdkvit1oyk5x0chitabwnsjfrmpp', '.eJxVjEEOwiAURO_C2hAqfEJduvcM5MOAVA1NSrsy3t2SdKGL2cx7M2_heVuL31pa_ARxEYM4_XaB4zPVDvDgep9lnOu6TEF2RR60yduM9Loe7t9B4Vb6-mzZuETIFLNxAIxyNAJjgMl6CMw7UszsKNuUCZFIEWtl92gtPl8YgDjo:1tNPCU:VglpXd0s5FmyWeYbkRCMuAIjC52MxUARdZGhDEomuqU', '2024-12-31 04:28:50.999901');
INSERT INTO `django_session` VALUES ('qfvusy7442riow8usdmtrzvea4a2ev1t', '.eJxVjMsOwiAURP-FtSE8ilxcuvcbyIULUjWQlHZl_Hdp0oXuJnPOzJt53Nbit54WPxO7MMlOv13A-Ex1B_TAem88trouc-C7wg_a-a1Rel0P9--gYC9jLaYQyIqzRGsAQGWVdCJNMjsMOUph3UQuKq2DcWakmAAcgNA4KGX2-QLmSjhF:1tNnxM:7mtDniE-YzyVp2TZIHDwoKVzlBsDcQ5CL8LgLCsCJCs', '2025-01-01 06:54:52.926665');
INSERT INTO `django_session` VALUES ('qj7x0yzsylqsa3uf2vwl4yukqwlcypyw', '.eJxVjEEOwiAURO_C2hAqfEJduvcM5MOAVA1NSrsy3t2SdKGL2cx7M2_heVuL31pa_ARxEYM4_XaB4zPVDvDgep9lnOu6TEF2RR60yduM9Loe7t9B4Vb6-mzZuETIFLNxAIxyNAJjgMl6CMw7UszsKNuUCZFIEWtl92gtPl8YgDjo:1tM3JV:SNgPpx4_qhXvX2zNIttGNaWNZzeE-dzPoI5K5_sT7j4', '2024-12-27 10:54:29.334825');
INSERT INTO `django_session` VALUES ('qlzmhuz0ahiwrlji1mh8j4lk2rabic62', '.eJxVjEEOwiAURO_C2hAqfEJduvcM5MOAVA1NSrsy3t2SdKGL2cx7M2_heVuL31pa_ARxEYM4_XaB4zPVDvDgep9lnOu6TEF2RR60yduM9Loe7t9B4Vb6-mzZuETIFLNxAIxyNAJjgMl6CMw7UszsKNuUCZFIEWtl92gtPl8YgDjo:1tNPmG:G1sdmkma_yiTVZ3Yh8lKcGTNTtADVlTeG1_aFkMFaRk', '2024-12-31 05:05:48.946326');
INSERT INTO `django_session` VALUES ('quq87es05fzxp7a8tx3s3sp7ots748jd', '.eJxVjEEOwiAURO_C2hAqfEJduvcM5MOAVA1NSrsy3t2SdKGL2cx7M2_heVuL31pa_ARxEYM4_XaB4zPVDvDgep9lnOu6TEF2RR60yduM9Loe7t9B4Vb6-mzZuETIFLNxAIxyNAJjgMl6CMw7UszsKNuUCZFIEWtl92gtPl8YgDjo:1tLzvb:nSCt7dUrs-xxdbw_wn-Ldba04M0rtb-PW_JnnRh469w', '2024-12-27 07:17:35.721273');
INSERT INTO `django_session` VALUES ('qwboh279st6fbf6e931zdlm1z2cl2kui', '.eJxVjEEOwiAURO_C2hAqfEJduvcM5MOAVA1NSrsy3t2SdKGL2cx7M2_heVuL31pa_ARxEYM4_XaB4zPVDvDgep9lnOu6TEF2RR60yduM9Loe7t9B4Vb6-mzZuETIFLNxAIxyNAJjgMl6CMw7UszsKNuUCZFIEWtl92gtPl8YgDjo:1tMR0E:a2oqkdBu-SlBohaKFm62SNu9q1VBPIE1lO1ZEnHnzgY', '2024-12-28 12:12:10.794078');
INSERT INTO `django_session` VALUES ('qx4e6o2thxx77mljcj3sjzeajy2qm5e4', '.eJxVjEEOwiAURO_C2hAqfEJduvcM5MOAVA1NSrsy3t2SdKGL2cx7M2_heVuL31pa_ARxEYM4_XaB4zPVDvDgep9lnOu6TEF2RR60yduM9Loe7t9B4Vb6-mzZuETIFLNxAIxyNAJjgMl6CMw7UszsKNuUCZFIEWtl92gtPl8YgDjo:1tLc5U:099noilXL4WTcrJ3-wpp0JPr6sk-WljKAli1yUSiwfI', '2024-12-26 05:50:12.764814');
INSERT INTO `django_session` VALUES ('r5m08opjcmtepheupaypw8gd6myxb4tb', '.eJxVjEEOwiAURO_C2hAqfEJduvcM5MOAVA1NSrsy3t2SdKGL2cx7M2_heVuL31pa_ARxEYM4_XaB4zPVDvDgep9lnOu6TEF2RR60yduM9Loe7t9B4Vb6-mzZuETIFLNxAIxyNAJjgMl6CMw7UszsKNuUCZFIEWtl92gtPl8YgDjo:1tNPBu:NPYHR2w9lInsigFcFWq5OQB_5WZe647JUcOEiJANsMg', '2024-12-31 04:28:14.828059');
INSERT INTO `django_session` VALUES ('rgnhebjnf8hglp9ab3exgdyunr67shw6', '.eJxVjEEOwiAURO_C2hAqfEJduvcM5MOAVA1NSrsy3t2SdKGL2cx7M2_heVuL31pa_ARxEYM4_XaB4zPVDvDgep9lnOu6TEF2RR60yduM9Loe7t9B4Vb6-mzZuETIFLNxAIxyNAJjgMl6CMw7UszsKNuUCZFIEWtl92gtPl8YgDjo:1tKqMr:xKBE63dq_zkyYZTdX33trBlWecQJs8m0TxENDuVLcuw', '2024-12-24 02:52:57.309808');
INSERT INTO `django_session` VALUES ('rhl0u2p4s53yql3ktwp9ny3lgoo6t11i', '.eJxVjEEOwiAURO_C2hAqfEJduvcM5MOAVA1NSrsy3t2SdKGL2cx7M2_heVuL31pa_ARxEYM4_XaB4zPVDvDgep9lnOu6TEF2RR60yduM9Loe7t9B4Vb6-mzZuETIFLNxAIxyNAJjgMl6CMw7UszsKNuUCZFIEWtl92gtPl8YgDjo:1tLdxZ:vJvU8eyVJ1E3wE6pgtHXFDCCZ4jY6zO1xGByrdX2wko', '2024-12-26 07:50:09.327647');
INSERT INTO `django_session` VALUES ('rqcj5he8f1i3mt9qyjbsuyw04j3ehhcx', '.eJxVjMsOwiAURP-FtSE8ilxcuvcbyIULUjWQlHZl_Hdp0oXuJnPOzJt53Nbit54WPxO7MMlOv13A-Ex1B_TAem88trouc-C7wg_a-a1Rel0P9--gYC9jLaYQyIqzRGsAQGWVdCJNMjsMOUph3UQuKq2DcWakmAAcgNA4KGX2-QLmSjhF:1tOWrv:nXjUSU_nSGi4l36Z8htJVRJ_nHi7OK8pYqDFZf217xo', '2025-01-03 06:52:15.883381');
INSERT INTO `django_session` VALUES ('rsbgqts9iq0h4ybjqflbpbf9bd351doi', '.eJxVjEEOwiAURO_C2hAqfEJduvcM5MOAVA1NSrsy3t2SdKGL2cx7M2_heVuL31pa_ARxEYM4_XaB4zPVDvDgep9lnOu6TEF2RR60yduM9Loe7t9B4Vb6-mzZuETIFLNxAIxyNAJjgMl6CMw7UszsKNuUCZFIEWtl92gtPl8YgDjo:1tLjyr:F4FR-xbTwcO_DQWFZVa1FalhbwNZWvv05UwoQBE4S-U', '2024-12-26 14:15:53.263507');
INSERT INTO `django_session` VALUES ('rt25zcudozf5f6y1neipzj145vkff7p3', '.eJxVjEEOwiAURO_C2hAqfEJduvcM5MOAVA1NSrsy3t2SdKGL2cx7M2_heVuL31pa_ARxEYM4_XaB4zPVDvDgep9lnOu6TEF2RR60yduM9Loe7t9B4Vb6-mzZuETIFLNxAIxyNAJjgMl6CMw7UszsKNuUCZFIEWtl92gtPl8YgDjo:1tM7M9:5DscFfOdmLcYfWaWRqIJXi9rH517KgAQr60MDce0ggw', '2024-12-27 15:13:29.355655');
INSERT INTO `django_session` VALUES ('rw7uqfscebb8d4545s346rbck414d5lb', '.eJxVjEEOwiAURO_C2hAqfEJduvcM5MOAVA1NSrsy3t2SdKGL2cx7M2_heVuL31pa_ARxEYM4_XaB4zPVDvDgep9lnOu6TEF2RR60yduM9Loe7t9B4Vb6-mzZuETIFLNxAIxyNAJjgMl6CMw7UszsKNuUCZFIEWtl92gtPl8YgDjo:1tNO39:XhR6nqmlQrUBTsTMRnCu6IQcFII21NE0nLsSIxYqTxg', '2024-12-31 03:15:07.738425');
INSERT INTO `django_session` VALUES ('rwezcz99rwzhl61icjazp4jpwkdstzc6', '.eJxVjMEOwiAQRP-FsyEsLVA8eu83kIVlpWpoUtqT8d9tkx70Npn3Zt4i4LaWsLW8hInEVRhx-e0ipmeuB6AH1vss01zXZYryUORJmxxnyq_b6f4dFGxlX1uA6CAbxQysHXhIfQSkBMqysuQs7RmAYx6MZt37ZLzVCpXuOjcY8fkC2i83Lw:1tKfZj:g9afDVT67V0y8AQ4uozXfVYV1RT4OSlh-mi_2V5BU18', '2024-12-23 15:21:31.168347');
INSERT INTO `django_session` VALUES ('s7mi49cbaow68eb32j3qa5elh9wi9fkb', '.eJxVjMEOwiAQRP-FsyEsLVA8eu83kIVlpWpoUtqT8d9tkx70Npn3Zt4i4LaWsLW8hInEVRhx-e0ipmeuB6AH1vss01zXZYryUORJmxxnyq_b6f4dFGxlX1uA6CAbxQysHXhIfQSkBMqysuQs7RmAYx6MZt37ZLzVCpXuOjcY8fkC2i83Lw:1tKfV8:wUob8r8BjKL1PABcxZDXOb8BOf_Faocw5kajRnWkdIY', '2024-12-23 15:16:46.205188');
INSERT INTO `django_session` VALUES ('s8lalf4ih48epeyrm38e9m6fkqybyguo', '.eJxVjEEOwiAURO_C2hAqfEJduvcM5MOAVA1NSrsy3t2SdKGL2cx7M2_heVuL31pa_ARxEYM4_XaB4zPVDvDgep9lnOu6TEF2RR60yduM9Loe7t9B4Vb6-mzZuETIFLNxAIxyNAJjgMl6CMw7UszsKNuUCZFIEWtl92gtPl8YgDjo:1tLeMp:U4uJ1_hAPdS6Rzl37MQxCIQWVtpfOSsyHI2_-aN7T1E', '2024-12-26 08:16:15.361683');
INSERT INTO `django_session` VALUES ('sat97two0ues3j22h4msjrjnt7dm6o5k', '.eJxVjEEOwiAURO_C2hAqfEJduvcM5MOAVA1NSrsy3t2SdKGL2cx7M2_heVuL31pa_ARxEYM4_XaB4zPVDvDgep9lnOu6TEF2RR60yduM9Loe7t9B4Vb6-mzZuETIFLNxAIxyNAJjgMl6CMw7UszsKNuUCZFIEWtl92gtPl8YgDjo:1tLNuh:Yoe-wsDCxEjETAb9rKVcKOB47u9whdoZOMarxMhxig8', '2024-12-25 14:42:07.866814');
INSERT INTO `django_session` VALUES ('smarm79h4zqtpm0h0wlrlw68q3gxc5mv', '.eJxVjEEOwiAURO_C2hAqfEJduvcM5MOAVA1NSrsy3t2SdKGL2cx7M2_heVuL31pa_ARxEYM4_XaB4zPVDvDgep9lnOu6TEF2RR60yduM9Loe7t9B4Vb6-mzZuETIFLNxAIxyNAJjgMl6CMw7UszsKNuUCZFIEWtl92gtPl8YgDjo:1tLdwF:SuBFc_veFm2bJWWuATnUre-r_hg9u-OgCa6y3Stez6g', '2024-12-26 07:48:47.472830');
INSERT INTO `django_session` VALUES ('so5pgd1iutmjlfyqccmvhzf96ti6wc5r', '.eJxVjEEOwiAURO_C2hAqfEJduvcM5MOAVA1NSrsy3t2SdKGL2cx7M2_heVuL31pa_ARxEYM4_XaB4zPVDvDgep9lnOu6TEF2RR60yduM9Loe7t9B4Vb6-mzZuETIFLNxAIxyNAJjgMl6CMw7UszsKNuUCZFIEWtl92gtPl8YgDjo:1tLdq2:1TN6zxm8N58QmShusi80vUo1w0L4f-bQ4_O19vLMcfU', '2024-12-26 07:42:22.510039');
INSERT INTO `django_session` VALUES ('soxinsn6rq8ppdjy03reoz6dmc2zjyat', '.eJxVjEEOwiAURO_C2hAqfEJduvcM5MOAVA1NSrsy3t2SdKGL2cx7M2_heVuL31pa_ARxEYM4_XaB4zPVDvDgep9lnOu6TEF2RR60yduM9Loe7t9B4Vb6-mzZuETIFLNxAIxyNAJjgMl6CMw7UszsKNuUCZFIEWtl92gtPl8YgDjo:1tLeSC:gWWlu_3WohqEM0xsqAgcnMNvq4JOb4XyhPBMU-qYm3s', '2024-12-26 08:21:48.157468');
INSERT INTO `django_session` VALUES ('sujv73t75kav15h2mxmuixiz8r0gy3tz', '.eJxVjEEOwiAURO_C2hAqfEJduvcM5MOAVA1NSrsy3t2SdKGL2cx7M2_heVuL31pa_ARxEYM4_XaB4zPVDvDgep9lnOu6TEF2RR60yduM9Loe7t9B4Vb6-mzZuETIFLNxAIxyNAJjgMl6CMw7UszsKNuUCZFIEWtl92gtPl8YgDjo:1tLdr6:tzQP9ayJaoYd5CjfldtBOJOuuFPGs4SU7Dg8oSrZNbo', '2024-12-26 07:43:28.304924');
INSERT INTO `django_session` VALUES ('tdz6nbgb0n04ahf38wv75fqx9f1fm634', '.eJxVjMsOwiAURP-FtSE8ilxcuvcbyIULUjWQlHZl_Hdp0oXuJnPOzJt53Nbit54WPxO7MMlOv13A-Ex1B_TAem88trouc-C7wg_a-a1Rel0P9--gYC9jLaYQyIqzRGsAQGWVdCJNMjsMOUph3UQuKq2DcWakmAAcgNA4KGX2-QLmSjhF:1tPJTl:1pM2VIzTdEX99ZRH1o9DF32Nk809gRZFgY1pPSXa3GI', '2025-01-05 10:46:33.967912');
INSERT INTO `django_session` VALUES ('tgd1rz8cejafnf33kusqf25vzaxii14u', '.eJxVjEEOwiAURO_C2hAqfEJduvcM5MOAVA1NSrsy3t2SdKGL2cx7M2_heVuL31pa_ARxEYM4_XaB4zPVDvDgep9lnOu6TEF2RR60yduM9Loe7t9B4Vb6-mzZuETIFLNxAIxyNAJjgMl6CMw7UszsKNuUCZFIEWtl92gtPl8YgDjo:1tLlmB:BTPrJtisV7wl056dPrCvwZuNiL9VHUbft2YE4Tpmih0', '2024-12-26 16:10:55.493869');
INSERT INTO `django_session` VALUES ('tgt73iyp35whtgcoto3b2sntz733x85v', '.eJxVjEEOwiAURO_C2hAqfEJduvcM5MOAVA1NSrsy3t2SdKGL2cx7M2_heVuL31pa_ARxEYM4_XaB4zPVDvDgep9lnOu6TEF2RR60yduM9Loe7t9B4Vb6-mzZuETIFLNxAIxyNAJjgMl6CMw7UszsKNuUCZFIEWtl92gtPl8YgDjo:1tLlpc:ZJ4h7qZHa_aPF2gaxiwPkU7KIsB8sdo3WuC66F47G44', '2024-12-26 16:14:28.660367');
INSERT INTO `django_session` VALUES ('thag6rymrtsne8nhtu178dau49bt3l6t', '.eJxVjEEOwiAURO_C2hAqfEJduvcM5MOAVA1NSrsy3t2SdKGL2cx7M2_heVuL31pa_ARxEYM4_XaB4zPVDvDgep9lnOu6TEF2RR60yduM9Loe7t9B4Vb6-mzZuETIFLNxAIxyNAJjgMl6CMw7UszsKNuUCZFIEWtl92gtPl8YgDjo:1tMQYB:Rc1pzsK3HG9ghR-eExOr24aTjWBuaMnpewDaKIgaQ8k', '2024-12-28 11:43:11.652217');
INSERT INTO `django_session` VALUES ('ti882jss96nj26kkumu8o1r5d7coep5j', '.eJxVjEEOwiAURO_C2hAqfEJduvcM5MOAVA1NSrsy3t2SdKGL2cx7M2_heVuL31pa_ARxEYM4_XaB4zPVDvDgep9lnOu6TEF2RR60yduM9Loe7t9B4Vb6-mzZuETIFLNxAIxyNAJjgMl6CMw7UszsKNuUCZFIEWtl92gtPl8YgDjo:1tLNwX:YZBP7lPM_VRyldtQyv4LW_wM6jOvyk0PMqw3812WH2o', '2024-12-25 14:44:01.423462');
INSERT INTO `django_session` VALUES ('to79k6loiywquz2tabqfw8y9cuns4r5t', '.eJxVjEEOwiAURO_C2hAqfEJduvcM5MOAVA1NSrsy3t2SdKGL2cx7M2_heVuL31pa_ARxEYM4_XaB4zPVDvDgep9lnOu6TEF2RR60yduM9Loe7t9B4Vb6-mzZuETIFLNxAIxyNAJjgMl6CMw7UszsKNuUCZFIEWtl92gtPl8YgDjo:1tLdnv:SfdFSBqkUsGX9N5t0YJsIWZ_U4ld9-K50rlXyFypNKY', '2024-12-26 07:40:11.785632');
INSERT INTO `django_session` VALUES ('twckldicd055ehj5v1avqi7fq1y25cp6', '.eJxVjMEOwiAQRP-FsyEsLVA8eu83kIVlpWpoUtqT8d9tkx70Npn3Zt4i4LaWsLW8hInEVRhx-e0ipmeuB6AH1vss01zXZYryUORJmxxnyq_b6f4dFGxlX1uA6CAbxQysHXhIfQSkBMqysuQs7RmAYx6MZt37ZLzVCpXuOjcY8fkC2i83Lw:1tKfcw:ebs08PR8WwVPq_F1dGsNwkok3qnOpxH22kS18A9c9-Q', '2024-12-23 15:24:50.201896');
INSERT INTO `django_session` VALUES ('u478701jy2mw7tuktngco2o3gnaxqh5a', '.eJxVjEEOwiAURO_C2hAqfEJduvcM5MOAVA1NSrsy3t2SdKGL2cx7M2_heVuL31pa_ARxEYM4_XaB4zPVDvDgep9lnOu6TEF2RR60yduM9Loe7t9B4Vb6-mzZuETIFLNxAIxyNAJjgMl6CMw7UszsKNuUCZFIEWtl92gtPl8YgDjo:1tLxTN:etAu0hpcd7HiWT6yHRmPfAJbqjmRthm9T1cD8T5_MXo', '2024-12-27 04:40:17.591602');
INSERT INTO `django_session` VALUES ('u62n93wxs34sn2921wyycafifttuaole', '.eJxVjDsOwjAQBe_iGln-xcaU9DmDtd5d4wBypDipEHeHSCmgfTPzXiLBtta0dV7SROIinDj9bhnwwW0HdId2myXObV2mLHdFHrTLcSZ-Xg_376BCr986DKhBcSTrWFvA4JmM8oGA0WFmLDlGyN5qoGDPBVAXpzQaGMAaE8T7Aw0bONg:1tKtrG:igNAdDouUlpbz14lGieoPQNu0AP4E_IdNKi9jwAczt0', '2024-12-24 06:36:34.574486');
INSERT INTO `django_session` VALUES ('ubp50csuhbhsa1hvympz589s0efkpjet', '.eJxVjEEOwiAURO_C2hAqfEJduvcM5MOAVA1NSrsy3t2SdKGL2cx7M2_heVuL31pa_ARxEYM4_XaB4zPVDvDgep9lnOu6TEF2RR60yduM9Loe7t9B4Vb6-mzZuETIFLNxAIxyNAJjgMl6CMw7UszsKNuUCZFIEWtl92gtPl8YgDjo:1tMIsC:w7SuiZPBgmeLxTEmVx6UcZpdXr2S3Ek_q7pMRTQ34M8', '2024-12-28 03:31:20.831977');
INSERT INTO `django_session` VALUES ('v01x5ldsvkyuosfx28eq19z0pjnrq45a', '.eJxVjEEOwiAURO_C2hAqfEJduvcM5MOAVA1NSrsy3t2SdKGL2cx7M2_heVuL31pa_ARxEYM4_XaB4zPVDvDgep9lnOu6TEF2RR60yduM9Loe7t9B4Vb6-mzZuETIFLNxAIxyNAJjgMl6CMw7UszsKNuUCZFIEWtl92gtPl8YgDjo:1tMKHD:vTySppQEFcJd4GT48fy9epCMkUZgouPM_2GIXuAE_Ds', '2024-12-28 05:01:15.487750');
INSERT INTO `django_session` VALUES ('v294zv7hg8jynx9u5eato00i669irgyo', '.eJxVjDEOwjAMRe-SGUUlOHXNyM4Zojh2SAGlUtNOiLtDpQ6w_vfef5kQ16WEtekcRjFnczSH341jemjdgNxjvU02TXWZR7abYnfa7HUSfV529--gxFa-dQeOFSlnQvB8QvUOO845Ow-k6jkKA1OPSt4NHnvgIUUAQQJRIvP-AOj1OAY:1tKJhj:E8KIiyxXuT5O2OB0ewxTSfT7OlCEAHvRUpltR8DeEr8', '2024-12-22 16:00:19.198433');
INSERT INTO `django_session` VALUES ('vhhtuw9cs24yt0usb9moo16lfcl7ninv', '.eJxVjEEOwiAURO_C2hAqfEJduvcM5MOAVA1NSrsy3t2SdKGL2cx7M2_heVuL31pa_ARxEYM4_XaB4zPVDvDgep9lnOu6TEF2RR60yduM9Loe7t9B4Vb6-mzZuETIFLNxAIxyNAJjgMl6CMw7UszsKNuUCZFIEWtl92gtPl8YgDjo:1tLeWw:n5R6m1Z_yI1skWh6530a1Lx5nIUe4zbA_Qi1zUS8fl0', '2024-12-26 08:26:42.014638');
INSERT INTO `django_session` VALUES ('vij1tdvjyz641lxe4rq7qap08u76e3qt', '.eJxVjMsOwiAURP-FtSE8ilxcuvcbyIULUjWQlHZl_Hdp0oXuJnPOzJt53Nbit54WPxO7MMlOv13A-Ex1B_TAem88trouc-C7wg_a-a1Rel0P9--gYC9jLaYQyIqzRGsAQGWVdCJNMjsMOUph3UQuKq2DcWakmAAcgNA4KGX2-QLmSjhF:1tPJTU:qoUQGfGLpGQQE6_RIni7KxJgPG3FtUd9ACrysEXyqYg', '2025-01-05 10:46:16.893999');
INSERT INTO `django_session` VALUES ('vrbo0jsc0977ox70r2n0f1oeylk5axi5', '.eJxVjEEOwiAURO_C2hAqfEJduvcM5MOAVA1NSrsy3t2SdKGL2cx7M2_heVuL31pa_ARxEYM4_XaB4zPVDvDgep9lnOu6TEF2RR60yduM9Loe7t9B4Vb6-mzZuETIFLNxAIxyNAJjgMl6CMw7UszsKNuUCZFIEWtl92gtPl8YgDjo:1tKzBj:LzMVkvEng9jbBnm0_cPawL43j4FolPl_er8uhFdXHFY', '2024-12-24 12:18:03.442613');
INSERT INTO `django_session` VALUES ('vt8iiyyvqnqegv1tsmjw2cqlgja7h11k', '.eJxVjEEOwiAURO_C2hAqfEJduvcM5MOAVA1NSrsy3t2SdKGL2cx7M2_heVuL31pa_ARxEYM4_XaB4zPVDvDgep9lnOu6TEF2RR60yduM9Loe7t9B4Vb6-mzZuETIFLNxAIxyNAJjgMl6CMw7UszsKNuUCZFIEWtl92gtPl8YgDjo:1tMSQh:gX53TzzSWQW9paWNjKBa-hX84aqeGwtwjjXLg9rNDPU', '2024-12-28 13:43:35.668658');
INSERT INTO `django_session` VALUES ('vwf27hf6757xayt6lrq3dqrbodkrft1d', '.eJxVjMsOwiAURP-FtSE8ilxcuvcbyIULUjWQlHZl_Hdp0oXuJnPOzJt53Nbit54WPxO7MMlOv13A-Ex1B_TAem88trouc-C7wg_a-a1Rel0P9--gYC9jLaYQyIqzRGsAQGWVdCJNMjsMOUph3UQuKq2DcWakmAAcgNA4KGX2-QLmSjhF:1tPJwt:cvmJ3MRCsaAT91POKflwcI3_qMfr3jkMvN4IICohDB4', '2025-01-05 11:16:39.646822');
INSERT INTO `django_session` VALUES ('w676zwxi3jwamdq9pasxtxydawc1gqha', '.eJxVjEEOwiAURO_C2hAqfEJduvcM5MOAVA1NSrsy3t2SdKGL2cx7M2_heVuL31pa_ARxEYM4_XaB4zPVDvDgep9lnOu6TEF2RR60yduM9Loe7t9B4Vb6-mzZuETIFLNxAIxyNAJjgMl6CMw7UszsKNuUCZFIEWtl92gtPl8YgDjo:1tKrAC:S_1aCHssHM59XmI8vBTyaZSsOfoJnvnJFBOLdJf2u7k', '2024-12-24 03:43:56.733756');
INSERT INTO `django_session` VALUES ('whlhbzz6iernxxnjpfwigv9q6wf0i1w2', '.eJxVjEEOwiAURO_C2hAqfEJduvcM5MOAVA1NSrsy3t2SdKGL2cx7M2_heVuL31pa_ARxEYM4_XaB4zPVDvDgep9lnOu6TEF2RR60yduM9Loe7t9B4Vb6-mzZuETIFLNxAIxyNAJjgMl6CMw7UszsKNuUCZFIEWtl92gtPl8YgDjo:1tMORf:aW9ATkAwArWE-J26AIGc9wydtDMIL7MReMlmLlIZ-N8', '2024-12-28 09:28:19.396569');
INSERT INTO `django_session` VALUES ('wlu2ss9ug25tn1o66d48e4gqyxpupk2t', '.eJxVjEEOwiAURO_C2hAqfEJduvcM5MOAVA1NSrsy3t2SdKGL2cx7M2_heVuL31pa_ARxEYM4_XaB4zPVDvDgep9lnOu6TEF2RR60yduM9Loe7t9B4Vb6-mzZuETIFLNxAIxyNAJjgMl6CMw7UszsKNuUCZFIEWtl92gtPl8YgDjo:1tLeCd:Lcbs_iMnuVw2dQ4cWM5TygsWbpEjFqiZz5Tm93kfJ34', '2024-12-26 08:05:43.011655');
INSERT INTO `django_session` VALUES ('wmbkb64cedxt02almuk5n22yqfn4yzub', '.eJxVjMsOwiAURP-FtSE8ilxcuvcbyIULUjWQlHZl_Hdp0oXuJnPOzJt53Nbit54WPxO7MMlOv13A-Ex1B_TAem88trouc-C7wg_a-a1Rel0P9--gYC9jLaYQyIqzRGsAQGWVdCJNMjsMOUph3UQuKq2DcWakmAAcgNA4KGX2-QLmSjhF:1tNk51:J1FjmwNQifsEXyWSwBXqL15I_uPm_PStMmVlFPnnoeg', '2025-01-01 02:46:31.294550');
INSERT INTO `django_session` VALUES ('wnwooovvj2mfp3l4q7qkcy7ljd4fqmr3', '.eJxVjEEOwiAURO_C2hAqfEJduvcM5MOAVA1NSrsy3t2SdKGL2cx7M2_heVuL31pa_ARxEYM4_XaB4zPVDvDgep9lnOu6TEF2RR60yduM9Loe7t9B4Vb6-mzZuETIFLNxAIxyNAJjgMl6CMw7UszsKNuUCZFIEWtl92gtPl8YgDjo:1tNPml:XnzfAoh4dP_TQMMzpOfxVUeyAz6ZkcQobt_4WJjbngY', '2024-12-31 05:06:19.597733');
INSERT INTO `django_session` VALUES ('wpwyz8k8zu9xrgkgvy6kooiqup1517d3', '.eJxVjDEOwjAMRe-SGUUlOHXNyM4Zojh2SAGlUtNOiLtDpQ6w_vfef5kQ16WEtekcRjFnczSH341jemjdgNxjvU02TXWZR7abYnfa7HUSfV529--gxFa-dQeOFSlnQvB8QvUOO845Ow-k6jkKA1OPSt4NHnvgIUUAQQJRIvP-AOj1OAY:1tKUAd:By-p9rMG6v23vtsVj5f9JI4GmeB4-8CrmUYXuoHY4Q0', '2024-12-23 03:10:51.082098');
INSERT INTO `django_session` VALUES ('wrxbhnvaqeswj5roqezfouyclyyn80ic', '.eJxVjMsOwiAURP-FtSE8ilxcuvcbyIULUjWQlHZl_Hdp0oXuJnPOzJt53Nbit54WPxO7MMlOv13A-Ex1B_TAem88trouc-C7wg_a-a1Rel0P9--gYC9jLaYQyIqzRGsAQGWVdCJNMjsMOUph3UQuKq2DcWakmAAcgNA4KGX2-QLmSjhF:1tPK1B:4oSvHfnQ5BGT7v8xhpOrNekZZBGRJVzv6w3VCvJlUjo', '2025-01-05 11:21:05.310685');
INSERT INTO `django_session` VALUES ('ws11btghh5jp5v6gjtavog1jkhxyafjh', '.eJxVjEEOwiAURO_C2hAqfEJduvcM5MOAVA1NSrsy3t2SdKGL2cx7M2_heVuL31pa_ARxEYM4_XaB4zPVDvDgep9lnOu6TEF2RR60yduM9Loe7t9B4Vb6-mzZuETIFLNxAIxyNAJjgMl6CMw7UszsKNuUCZFIEWtl92gtPl8YgDjo:1tLiQP:3aXzqRYhWpy7VyeVNQ-91bn2ks__b4MevosODafNZhA', '2024-12-26 12:36:13.398368');
INSERT INTO `django_session` VALUES ('wv0m6wuc67mvqv0fwb4aljsn8x0u7twh', '.eJxVjEEOwiAURO_C2hAqfEJduvcM5MOAVA1NSrsy3t2SdKGL2cx7M2_heVuL31pa_ARxEYM4_XaB4zPVDvDgep9lnOu6TEF2RR60yduM9Loe7t9B4Vb6-mzZuETIFLNxAIxyNAJjgMl6CMw7UszsKNuUCZFIEWtl92gtPl8YgDjo:1tLdvR:J7jgfWa_3d-q90j_L04kYbyhinDd98WzSdq1sBB5FDU', '2024-12-26 07:47:57.960416');
INSERT INTO `django_session` VALUES ('x53ke6r3lpanoniv4cajub35r1k99sl2', '.eJxVjEEOwiAURO_C2hAqfEJduvcM5MOAVA1NSrsy3t2SdKGL2cx7M2_heVuL31pa_ARxEYM4_XaB4zPVDvDgep9lnOu6TEF2RR60yduM9Loe7t9B4Vb6-mzZuETIFLNxAIxyNAJjgMl6CMw7UszsKNuUCZFIEWtl92gtPl8YgDjo:1tMRSc:oRB2dwpdZ3canPKanuQPKb37e1-oZd9CfzaiBSnDBfo', '2024-12-28 12:41:30.917890');
INSERT INTO `django_session` VALUES ('x7yju67r7n0idpl51gtiju86i72pyanw', '.eJxVjDsOwjAQBe-yNbJwwD9Kes5g7a7XOIBsKU4qxN1JpBTQzsx7b4i4zCUuXaY4JrjAAIdfRshPqZtID6z3prjVeRpJbYnabVe3luR13du_g4K9rGvN7CQwe2cHkyQYOqM9ZS8s4tijJm34aD07MmEFlj1lQqGUg9UY4PMFDTc5Qw:1tPEne:SeIDMJoReZANiQ4WbMCWc07G024mtKM18MJAoXPDhOI', '2025-01-05 05:46:46.557608');
INSERT INTO `django_session` VALUES ('xudasptup5ugww7x48ueddu7q1e8uxmr', '.eJxVjEEOwiAURO_C2hAqfEJduvcM5MOAVA1NSrsy3t2SdKGL2cx7M2_heVuL31pa_ARxEYM4_XaB4zPVDvDgep9lnOu6TEF2RR60yduM9Loe7t9B4Vb6-mzZuETIFLNxAIxyNAJjgMl6CMw7UszsKNuUCZFIEWtl92gtPl8YgDjo:1tLOEM:KzJ3JQj54tZsosl45PYIABUajaMz65p3c_Bj5Rpiqz4', '2024-12-25 15:02:26.893456');
INSERT INTO `django_session` VALUES ('xvkykavk17h1lr198tc134e89bsbltka', '.eJxVjEEOwiAURO_C2hAqfEJduvcM5MOAVA1NSrsy3t2SdKGL2cx7M2_heVuL31pa_ARxEYM4_XaB4zPVDvDgep9lnOu6TEF2RR60yduM9Loe7t9B4Vb6-mzZuETIFLNxAIxyNAJjgMl6CMw7UszsKNuUCZFIEWtl92gtPl8YgDjo:1tLeiy:hCg4LAfjufMHL6VFW072PflcRFFMRrP5EAUlhu8DhOg', '2024-12-26 08:39:08.745257');
INSERT INTO `django_session` VALUES ('yjcg3ohl0cumn4x4o0mkn90lahisjojz', '.eJxVjEEOwiAURO_C2hAqfEJduvcM5MOAVA1NSrsy3t2SdKGL2cx7M2_heVuL31pa_ARxEYM4_XaB4zPVDvDgep9lnOu6TEF2RR60yduM9Loe7t9B4Vb6-mzZuETIFLNxAIxyNAJjgMl6CMw7UszsKNuUCZFIEWtl92gtPl8YgDjo:1tNPCl:Aa900FgnCgD7yMSa4TPwPa3uw17DAQ8vVs02QPX9Mi8', '2024-12-31 04:29:07.009621');
INSERT INTO `django_session` VALUES ('yyj57apy6a24dakah1riza8txe4i9axs', '.eJxVjEEOwiAURO_C2hAqfEJduvcM5MOAVA1NSrsy3t2SdKGL2cx7M2_heVuL31pa_ARxEYM4_XaB4zPVDvDgep9lnOu6TEF2RR60yduM9Loe7t9B4Vb6-mzZuETIFLNxAIxyNAJjgMl6CMw7UszsKNuUCZFIEWtl92gtPl8YgDjo:1tLeeJ:rpLeWbrgJ7eYm_RpRWyVYjPGnK_8dr_bvdb3bACDEiE', '2024-12-26 08:34:19.795083');
INSERT INTO `django_session` VALUES ('z57722m3bjb4lb0ewr7pran4czxsvzkw', '.eJxVjEEOwiAURO_C2hAqfEJduvcM5MOAVA1NSrsy3t2SdKGL2cx7M2_heVuL31pa_ARxEYM4_XaB4zPVDvDgep9lnOu6TEF2RR60yduM9Loe7t9B4Vb6-mzZuETIFLNxAIxyNAJjgMl6CMw7UszsKNuUCZFIEWtl92gtPl8YgDjo:1tM2xJ:kM1CfiqNYooTaQZsaTSTDXItUyA3agB6cHfiq44pVHo', '2024-12-27 10:31:33.467407');
INSERT INTO `django_session` VALUES ('zknd3yday66qo1i2h6nyy2hh9pe3bn41', '.eJxVjEEOwiAURO_C2hAqfEJduvcM5MOAVA1NSrsy3t2SdKGL2cx7M2_heVuL31pa_ARxEYM4_XaB4zPVDvDgep9lnOu6TEF2RR60yduM9Loe7t9B4Vb6-mzZuETIFLNxAIxyNAJjgMl6CMw7UszsKNuUCZFIEWtl92gtPl8YgDjo:1tM7Kx:LkNX3E8AI0zqKTIywNDArXKe8fAy3LjRNQyJfjokknQ', '2024-12-27 15:12:15.379157');
INSERT INTO `django_session` VALUES ('zznu5a9ey0xo8hkttyeravsud9ht0jru', '.eJxVjEEOwiAURO_C2hAqfEJduvcM5MOAVA1NSrsy3t2SdKGL2cx7M2_heVuL31pa_ARxEYM4_XaB4zPVDvDgep9lnOu6TEF2RR60yduM9Loe7t9B4Vb6-mzZuETIFLNxAIxyNAJjgMl6CMw7UszsKNuUCZFIEWtl92gtPl8YgDjo:1tLljh:BDG7I59L4sdrqSPtmlc7O6kBfQhjbqYWC8ydIyZJsZc', '2024-12-26 16:08:21.247172');

-- ----------------------------
-- Table structure for notifications_historicalnotification
-- ----------------------------
DROP TABLE IF EXISTS `notifications_historicalnotification`;
CREATE TABLE `notifications_historicalnotification`  (
  `id` bigint NOT NULL,
  `title` varchar(200) CHARACTER SET utf8mb4 COLLATE utf8mb4_0900_ai_ci NOT NULL,
  `content` longtext CHARACTER SET utf8mb4 COLLATE utf8mb4_0900_ai_ci NOT NULL,
  `status` varchar(20) CHARACTER SET utf8mb4 COLLATE utf8mb4_0900_ai_ci NOT NULL,
  `error_message` longtext CHARACTER SET utf8mb4 COLLATE utf8mb4_0900_ai_ci NULL,
  `scheduled_time` datetime(6) NULL DEFAULT NULL,
  `sent_time` datetime(6) NULL DEFAULT NULL,
  `read_time` datetime(6) NULL DEFAULT NULL,
  `created_at` datetime(6) NOT NULL,
  `updated_at` datetime(6) NOT NULL,
  `history_id` int NOT NULL AUTO_INCREMENT,
  `history_date` datetime(6) NOT NULL,
  `history_change_reason` varchar(100) CHARACTER SET utf8mb4 COLLATE utf8mb4_0900_ai_ci NULL DEFAULT NULL,
  `history_type` varchar(1) CHARACTER SET utf8mb4 COLLATE utf8mb4_0900_ai_ci NOT NULL,
  `history_user_id` bigint NULL DEFAULT NULL,
  `user_id` bigint NULL DEFAULT NULL,
  `template_id` bigint NULL DEFAULT NULL,
  PRIMARY KEY (`history_id`) USING BTREE,
  INDEX `notifications_histor_history_user_id_57363846_fk_accounts_`(`history_user_id` ASC) USING BTREE,
  INDEX `notifications_historicalnotification_id_d656930b`(`id` ASC) USING BTREE,
  INDEX `notifications_historicalnotification_history_date_fea30a6e`(`history_date` ASC) USING BTREE,
  INDEX `notifications_historicalnotification_user_id_4ad56ffd`(`user_id` ASC) USING BTREE,
  INDEX `notifications_historicalnotification_template_id_7c5ccaf8`(`template_id` ASC) USING BTREE,
  CONSTRAINT `notifications_histor_history_user_id_57363846_fk_accounts_` FOREIGN KEY (`history_user_id`) REFERENCES `accounts_user` (`id`) ON DELETE RESTRICT ON UPDATE RESTRICT
) ENGINE = InnoDB AUTO_INCREMENT = 1 CHARACTER SET = utf8mb4 COLLATE = utf8mb4_0900_ai_ci ROW_FORMAT = DYNAMIC;

-- ----------------------------
-- Records of notifications_historicalnotification
-- ----------------------------

-- ----------------------------
-- Table structure for notifications_historicalnotificationdevice
-- ----------------------------
DROP TABLE IF EXISTS `notifications_historicalnotificationdevice`;
CREATE TABLE `notifications_historicalnotificationdevice`  (
  `id` bigint NOT NULL,
  `push_token` varchar(255) CHARACTER SET utf8mb4 COLLATE utf8mb4_0900_ai_ci NULL DEFAULT NULL,
  `is_enabled` tinyint(1) NOT NULL,
  `last_active` datetime(6) NULL DEFAULT NULL,
  `created_at` datetime(6) NOT NULL,
  `updated_at` datetime(6) NOT NULL,
  `history_id` int NOT NULL AUTO_INCREMENT,
  `history_date` datetime(6) NOT NULL,
  `history_change_reason` varchar(100) CHARACTER SET utf8mb4 COLLATE utf8mb4_0900_ai_ci NULL DEFAULT NULL,
  `history_type` varchar(1) CHARACTER SET utf8mb4 COLLATE utf8mb4_0900_ai_ci NOT NULL,
  `device_id` bigint NULL DEFAULT NULL,
  `history_user_id` bigint NULL DEFAULT NULL,
  `user_id` bigint NULL DEFAULT NULL,
  PRIMARY KEY (`history_id`) USING BTREE,
  INDEX `notifications_histor_history_user_id_ec4ec2f0_fk_accounts_`(`history_user_id` ASC) USING BTREE,
  INDEX `notifications_historicalnotificationdevice_id_b6cf790e`(`id` ASC) USING BTREE,
  INDEX `notifications_historicalnotificationdevice_history_date_0dad2fb1`(`history_date` ASC) USING BTREE,
  INDEX `notifications_historicalnotificationdevice_device_id_2c55af92`(`device_id` ASC) USING BTREE,
  INDEX `notifications_historicalnotificationdevice_user_id_04b5bde4`(`user_id` ASC) USING BTREE,
  CONSTRAINT `notifications_histor_history_user_id_ec4ec2f0_fk_accounts_` FOREIGN KEY (`history_user_id`) REFERENCES `accounts_user` (`id`) ON DELETE RESTRICT ON UPDATE RESTRICT
) ENGINE = InnoDB AUTO_INCREMENT = 1 CHARACTER SET = utf8mb4 COLLATE = utf8mb4_0900_ai_ci ROW_FORMAT = DYNAMIC;

-- ----------------------------
-- Records of notifications_historicalnotificationdevice
-- ----------------------------

-- ----------------------------
-- Table structure for notifications_historicalnotificationtemplate
-- ----------------------------
DROP TABLE IF EXISTS `notifications_historicalnotificationtemplate`;
CREATE TABLE `notifications_historicalnotificationtemplate`  (
  `id` bigint NOT NULL,
  `name` varchar(100) CHARACTER SET utf8mb4 COLLATE utf8mb4_0900_ai_ci NOT NULL,
  `type` varchar(20) CHARACTER SET utf8mb4 COLLATE utf8mb4_0900_ai_ci NOT NULL,
  `title_template` varchar(200) CHARACTER SET utf8mb4 COLLATE utf8mb4_0900_ai_ci NOT NULL,
  `content_template` longtext CHARACTER SET utf8mb4 COLLATE utf8mb4_0900_ai_ci NOT NULL,
  `created_at` datetime(6) NOT NULL,
  `updated_at` datetime(6) NOT NULL,
  `history_id` int NOT NULL AUTO_INCREMENT,
  `history_date` datetime(6) NOT NULL,
  `history_change_reason` varchar(100) CHARACTER SET utf8mb4 COLLATE utf8mb4_0900_ai_ci NULL DEFAULT NULL,
  `history_type` varchar(1) CHARACTER SET utf8mb4 COLLATE utf8mb4_0900_ai_ci NOT NULL,
  `history_user_id` bigint NULL DEFAULT NULL,
  PRIMARY KEY (`history_id`) USING BTREE,
  INDEX `notifications_histor_history_user_id_8273335b_fk_accounts_`(`history_user_id` ASC) USING BTREE,
  INDEX `notifications_historicalnotificationtemplate_id_c9981f8c`(`id` ASC) USING BTREE,
  INDEX `notifications_historicalnot_history_date_3cb18f7e`(`history_date` ASC) USING BTREE,
  CONSTRAINT `notifications_histor_history_user_id_8273335b_fk_accounts_` FOREIGN KEY (`history_user_id`) REFERENCES `accounts_user` (`id`) ON DELETE RESTRICT ON UPDATE RESTRICT
) ENGINE = InnoDB AUTO_INCREMENT = 1 CHARACTER SET = utf8mb4 COLLATE = utf8mb4_0900_ai_ci ROW_FORMAT = DYNAMIC;

-- ----------------------------
-- Records of notifications_historicalnotificationtemplate
-- ----------------------------

-- ----------------------------
-- Table structure for notifications_notification
-- ----------------------------
DROP TABLE IF EXISTS `notifications_notification`;
CREATE TABLE `notifications_notification`  (
  `id` bigint NOT NULL AUTO_INCREMENT,
  `title` varchar(200) CHARACTER SET utf8mb4 COLLATE utf8mb4_0900_ai_ci NOT NULL,
  `content` longtext CHARACTER SET utf8mb4 COLLATE utf8mb4_0900_ai_ci NOT NULL,
  `status` varchar(20) CHARACTER SET utf8mb4 COLLATE utf8mb4_0900_ai_ci NOT NULL,
  `error_message` longtext CHARACTER SET utf8mb4 COLLATE utf8mb4_0900_ai_ci NULL,
  `scheduled_time` datetime(6) NULL DEFAULT NULL,
  `sent_time` datetime(6) NULL DEFAULT NULL,
  `read_time` datetime(6) NULL DEFAULT NULL,
  `created_at` datetime(6) NOT NULL,
  `updated_at` datetime(6) NOT NULL,
  `user_id` bigint NOT NULL,
  `template_id` bigint NULL DEFAULT NULL,
  PRIMARY KEY (`id`) USING BTREE,
  INDEX `notifications_notification_user_id_b5e8c0ff_fk_accounts_user_id`(`user_id` ASC) USING BTREE,
  INDEX `notifications_notifi_template_id_4027a99c_fk_notificat`(`template_id` ASC) USING BTREE,
  CONSTRAINT `notifications_notifi_template_id_4027a99c_fk_notificat` FOREIGN KEY (`template_id`) REFERENCES `notifications_notificationtemplate` (`id`) ON DELETE RESTRICT ON UPDATE RESTRICT,
  CONSTRAINT `notifications_notification_user_id_b5e8c0ff_fk_accounts_user_id` FOREIGN KEY (`user_id`) REFERENCES `accounts_user` (`id`) ON DELETE RESTRICT ON UPDATE RESTRICT
) ENGINE = InnoDB AUTO_INCREMENT = 1 CHARACTER SET = utf8mb4 COLLATE = utf8mb4_0900_ai_ci ROW_FORMAT = DYNAMIC;

-- ----------------------------
-- Records of notifications_notification
-- ----------------------------

-- ----------------------------
-- Table structure for notifications_notificationdevice
-- ----------------------------
DROP TABLE IF EXISTS `notifications_notificationdevice`;
CREATE TABLE `notifications_notificationdevice`  (
  `id` bigint NOT NULL AUTO_INCREMENT,
  `push_token` varchar(255) CHARACTER SET utf8mb4 COLLATE utf8mb4_0900_ai_ci NULL DEFAULT NULL,
  `is_enabled` tinyint(1) NOT NULL,
  `last_active` datetime(6) NULL DEFAULT NULL,
  `created_at` datetime(6) NOT NULL,
  `updated_at` datetime(6) NOT NULL,
  `device_id` bigint NOT NULL,
  `user_id` bigint NOT NULL,
  PRIMARY KEY (`id`) USING BTREE,
  UNIQUE INDEX `notifications_notificationdevice_user_id_device_id_d8878dcf_uniq`(`user_id` ASC, `device_id` ASC) USING BTREE,
  INDEX `notifications_notifi_device_id_55e3885a_fk_accounts_`(`device_id` ASC) USING BTREE,
  CONSTRAINT `notifications_notifi_device_id_55e3885a_fk_accounts_` FOREIGN KEY (`device_id`) REFERENCES `accounts_userdevice` (`id`) ON DELETE RESTRICT ON UPDATE RESTRICT,
  CONSTRAINT `notifications_notifi_user_id_8200c980_fk_accounts_` FOREIGN KEY (`user_id`) REFERENCES `accounts_user` (`id`) ON DELETE RESTRICT ON UPDATE RESTRICT
) ENGINE = InnoDB AUTO_INCREMENT = 1 CHARACTER SET = utf8mb4 COLLATE = utf8mb4_0900_ai_ci ROW_FORMAT = DYNAMIC;

-- ----------------------------
-- Records of notifications_notificationdevice
-- ----------------------------

-- ----------------------------
-- Table structure for notifications_notificationtemplate
-- ----------------------------
DROP TABLE IF EXISTS `notifications_notificationtemplate`;
CREATE TABLE `notifications_notificationtemplate`  (
  `id` bigint NOT NULL AUTO_INCREMENT,
  `name` varchar(100) CHARACTER SET utf8mb4 COLLATE utf8mb4_0900_ai_ci NOT NULL,
  `type` varchar(20) CHARACTER SET utf8mb4 COLLATE utf8mb4_0900_ai_ci NOT NULL,
  `title_template` varchar(200) CHARACTER SET utf8mb4 COLLATE utf8mb4_0900_ai_ci NOT NULL,
  `content_template` longtext CHARACTER SET utf8mb4 COLLATE utf8mb4_0900_ai_ci NOT NULL,
  `created_at` datetime(6) NOT NULL,
  `updated_at` datetime(6) NOT NULL,
  PRIMARY KEY (`id`) USING BTREE
) ENGINE = InnoDB CHARACTER SET = utf8mb4 COLLATE = utf8mb4_0900_ai_ci ROW_FORMAT = DYNAMIC;

-- ----------------------------
-- Records of notifications_notificationtemplate
-- ----------------------------

-- ----------------------------
-- Table structure for oauth2_provider_accesstoken
-- ----------------------------
DROP TABLE IF EXISTS `oauth2_provider_accesstoken`;
CREATE TABLE `oauth2_provider_accesstoken`  (
  `id` bigint NOT NULL AUTO_INCREMENT,
  `token` varchar(255) CHARACTER SET utf8mb4 COLLATE utf8mb4_0900_ai_ci NOT NULL,
  `expires` datetime(6) NOT NULL,
  `scope` longtext CHARACTER SET utf8mb4 COLLATE utf8mb4_0900_ai_ci NOT NULL,
  `application_id` bigint NULL DEFAULT NULL,
  `user_id` bigint NULL DEFAULT NULL,
  `created` datetime(6) NOT NULL,
  `updated` datetime(6) NOT NULL,
  `source_refresh_token_id` bigint NULL DEFAULT NULL,
  `id_token_id` bigint NULL DEFAULT NULL,
  PRIMARY KEY (`id`) USING BTREE,
  UNIQUE INDEX `token`(`token` ASC) USING BTREE,
  UNIQUE INDEX `source_refresh_token_id`(`source_refresh_token_id` ASC) USING BTREE,
  UNIQUE INDEX `id_token_id`(`id_token_id` ASC) USING BTREE,
  INDEX `oauth2_provider_acce_application_id_b22886e1_fk_oauth2_pr`(`application_id` ASC) USING BTREE,
  INDEX `oauth2_provider_accesstoken_user_id_6e4c9a65_fk_accounts_user_id`(`user_id` ASC) USING BTREE,
  CONSTRAINT `oauth2_provider_acce_application_id_b22886e1_fk_oauth2_pr` FOREIGN KEY (`application_id`) REFERENCES `oauth2_provider_application` (`id`) ON DELETE RESTRICT ON UPDATE RESTRICT,
  CONSTRAINT `oauth2_provider_acce_id_token_id_85db651b_fk_oauth2_pr` FOREIGN KEY (`id_token_id`) REFERENCES `oauth2_provider_idtoken` (`id`) ON DELETE RESTRICT ON UPDATE RESTRICT,
  CONSTRAINT `oauth2_provider_acce_source_refresh_token_e66fbc72_fk_oauth2_pr` FOREIGN KEY (`source_refresh_token_id`) REFERENCES `oauth2_provider_refreshtoken` (`id`) ON DELETE RESTRICT ON UPDATE RESTRICT,
  CONSTRAINT `oauth2_provider_accesstoken_user_id_6e4c9a65_fk_accounts_user_id` FOREIGN KEY (`user_id`) REFERENCES `accounts_user` (`id`) ON DELETE RESTRICT ON UPDATE RESTRICT
) ENGINE = InnoDB AUTO_INCREMENT = 1 CHARACTER SET = utf8mb4 COLLATE = utf8mb4_0900_ai_ci ROW_FORMAT = DYNAMIC;

-- ----------------------------
-- Records of oauth2_provider_accesstoken
-- ----------------------------

-- ----------------------------
-- Table structure for oauth2_provider_application
-- ----------------------------
DROP TABLE IF EXISTS `oauth2_provider_application`;
CREATE TABLE `oauth2_provider_application`  (
  `id` bigint NOT NULL AUTO_INCREMENT,
  `client_id` varchar(100) CHARACTER SET utf8mb4 COLLATE utf8mb4_0900_ai_ci NOT NULL,
  `redirect_uris` longtext CHARACTER SET utf8mb4 COLLATE utf8mb4_0900_ai_ci NOT NULL,
  `client_type` varchar(32) CHARACTER SET utf8mb4 COLLATE utf8mb4_0900_ai_ci NOT NULL,
  `authorization_grant_type` varchar(32) CHARACTER SET utf8mb4 COLLATE utf8mb4_0900_ai_ci NOT NULL,
  `client_secret` varchar(255) CHARACTER SET utf8mb4 COLLATE utf8mb4_0900_ai_ci NOT NULL,
  `name` varchar(255) CHARACTER SET utf8mb4 COLLATE utf8mb4_0900_ai_ci NOT NULL,
  `user_id` bigint NULL DEFAULT NULL,
  `skip_authorization` tinyint(1) NOT NULL,
  `created` datetime(6) NOT NULL,
  `updated` datetime(6) NOT NULL,
  `algorithm` varchar(5) CHARACTER SET utf8mb4 COLLATE utf8mb4_0900_ai_ci NOT NULL,
  `post_logout_redirect_uris` longtext CHARACTER SET utf8mb4 COLLATE utf8mb4_0900_ai_ci NOT NULL,
  PRIMARY KEY (`id`) USING BTREE,
  UNIQUE INDEX `client_id`(`client_id` ASC) USING BTREE,
  INDEX `oauth2_provider_application_user_id_79829054_fk_accounts_user_id`(`user_id` ASC) USING BTREE,
  INDEX `oauth2_provider_application_client_secret_53133678`(`client_secret` ASC) USING BTREE,
  CONSTRAINT `oauth2_provider_application_user_id_79829054_fk_accounts_user_id` FOREIGN KEY (`user_id`) REFERENCES `accounts_user` (`id`) ON DELETE RESTRICT ON UPDATE RESTRICT
) ENGINE = InnoDB AUTO_INCREMENT = 1 CHARACTER SET = utf8mb4 COLLATE = utf8mb4_0900_ai_ci ROW_FORMAT = DYNAMIC;

-- ----------------------------
-- Records of oauth2_provider_application
-- ----------------------------

-- ----------------------------
-- Table structure for oauth2_provider_grant
-- ----------------------------
DROP TABLE IF EXISTS `oauth2_provider_grant`;
CREATE TABLE `oauth2_provider_grant`  (
  `id` bigint NOT NULL AUTO_INCREMENT,
  `code` varchar(255) CHARACTER SET utf8mb4 COLLATE utf8mb4_0900_ai_ci NOT NULL,
  `expires` datetime(6) NOT NULL,
  `redirect_uri` longtext CHARACTER SET utf8mb4 COLLATE utf8mb4_0900_ai_ci NOT NULL,
  `scope` longtext CHARACTER SET utf8mb4 COLLATE utf8mb4_0900_ai_ci NOT NULL,
  `application_id` bigint NOT NULL,
  `user_id` bigint NOT NULL,
  `created` datetime(6) NOT NULL,
  `updated` datetime(6) NOT NULL,
  `code_challenge` varchar(128) CHARACTER SET utf8mb4 COLLATE utf8mb4_0900_ai_ci NOT NULL,
  `code_challenge_method` varchar(10) CHARACTER SET utf8mb4 COLLATE utf8mb4_0900_ai_ci NOT NULL,
  `nonce` varchar(255) CHARACTER SET utf8mb4 COLLATE utf8mb4_0900_ai_ci NOT NULL,
  `claims` longtext CHARACTER SET utf8mb4 COLLATE utf8mb4_0900_ai_ci NOT NULL,
  PRIMARY KEY (`id`) USING BTREE,
  UNIQUE INDEX `code`(`code` ASC) USING BTREE,
  INDEX `oauth2_provider_gran_application_id_81923564_fk_oauth2_pr`(`application_id` ASC) USING BTREE,
  INDEX `oauth2_provider_grant_user_id_e8f62af8_fk_accounts_user_id`(`user_id` ASC) USING BTREE,
  CONSTRAINT `oauth2_provider_gran_application_id_81923564_fk_oauth2_pr` FOREIGN KEY (`application_id`) REFERENCES `oauth2_provider_application` (`id`) ON DELETE RESTRICT ON UPDATE RESTRICT,
  CONSTRAINT `oauth2_provider_grant_user_id_e8f62af8_fk_accounts_user_id` FOREIGN KEY (`user_id`) REFERENCES `accounts_user` (`id`) ON DELETE RESTRICT ON UPDATE RESTRICT
) ENGINE = InnoDB AUTO_INCREMENT = 1 CHARACTER SET = utf8mb4 COLLATE = utf8mb4_0900_ai_ci ROW_FORMAT = DYNAMIC;

-- ----------------------------
-- Records of oauth2_provider_grant
-- ----------------------------

-- ----------------------------
-- Table structure for oauth2_provider_idtoken
-- ----------------------------
DROP TABLE IF EXISTS `oauth2_provider_idtoken`;
CREATE TABLE `oauth2_provider_idtoken`  (
  `id` bigint NOT NULL AUTO_INCREMENT,
  `jti` char(32) CHARACTER SET utf8mb4 COLLATE utf8mb4_0900_ai_ci NOT NULL,
  `expires` datetime(6) NOT NULL,
  `scope` longtext CHARACTER SET utf8mb4 COLLATE utf8mb4_0900_ai_ci NOT NULL,
  `created` datetime(6) NOT NULL,
  `updated` datetime(6) NOT NULL,
  `application_id` bigint NULL DEFAULT NULL,
  `user_id` bigint NULL DEFAULT NULL,
  PRIMARY KEY (`id`) USING BTREE,
  UNIQUE INDEX `jti`(`jti` ASC) USING BTREE,
  INDEX `oauth2_provider_idto_application_id_08c5ff4f_fk_oauth2_pr`(`application_id` ASC) USING BTREE,
  INDEX `oauth2_provider_idtoken_user_id_dd512b59_fk_accounts_user_id`(`user_id` ASC) USING BTREE,
  CONSTRAINT `oauth2_provider_idto_application_id_08c5ff4f_fk_oauth2_pr` FOREIGN KEY (`application_id`) REFERENCES `oauth2_provider_application` (`id`) ON DELETE RESTRICT ON UPDATE RESTRICT,
  CONSTRAINT `oauth2_provider_idtoken_user_id_dd512b59_fk_accounts_user_id` FOREIGN KEY (`user_id`) REFERENCES `accounts_user` (`id`) ON DELETE RESTRICT ON UPDATE RESTRICT
) ENGINE = InnoDB AUTO_INCREMENT = 1 CHARACTER SET = utf8mb4 COLLATE = utf8mb4_0900_ai_ci ROW_FORMAT = DYNAMIC;

-- ----------------------------
-- Records of oauth2_provider_idtoken
-- ----------------------------

-- ----------------------------
-- Table structure for oauth2_provider_refreshtoken
-- ----------------------------
DROP TABLE IF EXISTS `oauth2_provider_refreshtoken`;
CREATE TABLE `oauth2_provider_refreshtoken`  (
  `id` bigint NOT NULL AUTO_INCREMENT,
  `token` varchar(255) CHARACTER SET utf8mb4 COLLATE utf8mb4_0900_ai_ci NOT NULL,
  `access_token_id` bigint NULL DEFAULT NULL,
  `application_id` bigint NOT NULL,
  `user_id` bigint NOT NULL,
  `created` datetime(6) NOT NULL,
  `updated` datetime(6) NOT NULL,
  `revoked` datetime(6) NULL DEFAULT NULL,
  PRIMARY KEY (`id`) USING BTREE,
  UNIQUE INDEX `access_token_id`(`access_token_id` ASC) USING BTREE,
  UNIQUE INDEX `oauth2_provider_refreshtoken_token_revoked_af8a5134_uniq`(`token` ASC, `revoked` ASC) USING BTREE,
  INDEX `oauth2_provider_refr_application_id_2d1c311b_fk_oauth2_pr`(`application_id` ASC) USING BTREE,
  INDEX `oauth2_provider_refr_user_id_da837fce_fk_accounts_`(`user_id` ASC) USING BTREE,
  CONSTRAINT `oauth2_provider_refr_access_token_id_775e84e8_fk_oauth2_pr` FOREIGN KEY (`access_token_id`) REFERENCES `oauth2_provider_accesstoken` (`id`) ON DELETE RESTRICT ON UPDATE RESTRICT,
  CONSTRAINT `oauth2_provider_refr_application_id_2d1c311b_fk_oauth2_pr` FOREIGN KEY (`application_id`) REFERENCES `oauth2_provider_application` (`id`) ON DELETE RESTRICT ON UPDATE RESTRICT,
  CONSTRAINT `oauth2_provider_refr_user_id_da837fce_fk_accounts_` FOREIGN KEY (`user_id`) REFERENCES `accounts_user` (`id`) ON DELETE RESTRICT ON UPDATE RESTRICT
) ENGINE = InnoDB AUTO_INCREMENT = 1 CHARACTER SET = utf8mb4 COLLATE = utf8mb4_0900_ai_ci ROW_FORMAT = DYNAMIC;

-- ----------------------------
-- Records of oauth2_provider_refreshtoken
-- ----------------------------

-- ----------------------------
-- Table structure for social_auth_association
-- ----------------------------
DROP TABLE IF EXISTS `social_auth_association`;
CREATE TABLE `social_auth_association`  (
  `id` bigint NOT NULL AUTO_INCREMENT,
  `server_url` varchar(255) CHARACTER SET utf8mb4 COLLATE utf8mb4_0900_ai_ci NOT NULL,
  `handle` varchar(255) CHARACTER SET utf8mb4 COLLATE utf8mb4_0900_ai_ci NOT NULL,
  `secret` varchar(255) CHARACTER SET utf8mb4 COLLATE utf8mb4_0900_ai_ci NOT NULL,
  `issued` int NOT NULL,
  `lifetime` int NOT NULL,
  `assoc_type` varchar(64) CHARACTER SET utf8mb4 COLLATE utf8mb4_0900_ai_ci NOT NULL,
  PRIMARY KEY (`id`) USING BTREE,
  UNIQUE INDEX `social_auth_association_server_url_handle_078befa2_uniq`(`server_url` ASC, `handle` ASC) USING BTREE
) ENGINE = InnoDB CHARACTER SET = utf8mb4 COLLATE = utf8mb4_0900_ai_ci ROW_FORMAT = DYNAMIC;

-- ----------------------------
-- Records of social_auth_association
-- ----------------------------

-- ----------------------------
-- Table structure for social_auth_code
-- ----------------------------
DROP TABLE IF EXISTS `social_auth_code`;
CREATE TABLE `social_auth_code`  (
  `id` bigint NOT NULL AUTO_INCREMENT,
  `email` varchar(254) CHARACTER SET utf8mb4 COLLATE utf8mb4_0900_ai_ci NOT NULL,
  `code` varchar(32) CHARACTER SET utf8mb4 COLLATE utf8mb4_0900_ai_ci NOT NULL,
  `verified` tinyint(1) NOT NULL,
  `timestamp` datetime(6) NOT NULL,
  PRIMARY KEY (`id`) USING BTREE,
  UNIQUE INDEX `social_auth_code_email_code_801b2d02_uniq`(`email` ASC, `code` ASC) USING BTREE,
  INDEX `social_auth_code_code_a2393167`(`code` ASC) USING BTREE,
  INDEX `social_auth_code_timestamp_176b341f`(`timestamp` ASC) USING BTREE
) ENGINE = InnoDB CHARACTER SET = utf8mb4 COLLATE = utf8mb4_0900_ai_ci ROW_FORMAT = DYNAMIC;

-- ----------------------------
-- Records of social_auth_code
-- ----------------------------

-- ----------------------------
-- Table structure for social_auth_nonce
-- ----------------------------
DROP TABLE IF EXISTS `social_auth_nonce`;
CREATE TABLE `social_auth_nonce`  (
  `id` bigint NOT NULL AUTO_INCREMENT,
  `server_url` varchar(255) CHARACTER SET utf8mb4 COLLATE utf8mb4_0900_ai_ci NOT NULL,
  `timestamp` int NOT NULL,
  `salt` varchar(65) CHARACTER SET utf8mb4 COLLATE utf8mb4_0900_ai_ci NOT NULL,
  PRIMARY KEY (`id`) USING BTREE,
  UNIQUE INDEX `social_auth_nonce_server_url_timestamp_salt_f6284463_uniq`(`server_url` ASC, `timestamp` ASC, `salt` ASC) USING BTREE
) ENGINE = InnoDB CHARACTER SET = utf8mb4 COLLATE = utf8mb4_0900_ai_ci ROW_FORMAT = DYNAMIC;

-- ----------------------------
-- Records of social_auth_nonce
-- ----------------------------

-- ----------------------------
-- Table structure for social_auth_partial
-- ----------------------------
DROP TABLE IF EXISTS `social_auth_partial`;
CREATE TABLE `social_auth_partial`  (
  `id` bigint NOT NULL AUTO_INCREMENT,
  `token` varchar(32) CHARACTER SET utf8mb4 COLLATE utf8mb4_0900_ai_ci NOT NULL,
  `next_step` smallint UNSIGNED NOT NULL,
  `backend` varchar(32) CHARACTER SET utf8mb4 COLLATE utf8mb4_0900_ai_ci NOT NULL,
  `timestamp` datetime(6) NOT NULL,
  `data` json NOT NULL,
  PRIMARY KEY (`id`) USING BTREE,
  INDEX `social_auth_partial_token_3017fea3`(`token` ASC) USING BTREE,
  INDEX `social_auth_partial_timestamp_50f2119f`(`timestamp` ASC) USING BTREE,
  CONSTRAINT `social_auth_partial_chk_1` CHECK (`next_step` >= 0)
) ENGINE = InnoDB CHARACTER SET = utf8mb4 COLLATE = utf8mb4_0900_ai_ci ROW_FORMAT = DYNAMIC;

-- ----------------------------
-- Records of social_auth_partial
-- ----------------------------

-- ----------------------------
-- Table structure for social_auth_usersocialauth
-- ----------------------------
DROP TABLE IF EXISTS `social_auth_usersocialauth`;
CREATE TABLE `social_auth_usersocialauth`  (
  `id` bigint NOT NULL AUTO_INCREMENT,
  `provider` varchar(32) CHARACTER SET utf8mb4 COLLATE utf8mb4_0900_ai_ci NOT NULL,
  `uid` varchar(255) CHARACTER SET utf8mb4 COLLATE utf8mb4_0900_ai_ci NOT NULL,
  `user_id` bigint NOT NULL,
  `created` datetime(6) NOT NULL,
  `modified` datetime(6) NOT NULL,
  `extra_data` json NOT NULL,
  PRIMARY KEY (`id`) USING BTREE,
  UNIQUE INDEX `social_auth_usersocialauth_provider_uid_e6b5e668_uniq`(`provider` ASC, `uid` ASC) USING BTREE,
  INDEX `social_auth_usersocialauth_user_id_17d28448_fk_accounts_user_id`(`user_id` ASC) USING BTREE,
  INDEX `social_auth_usersocialauth_uid_796e51dc`(`uid` ASC) USING BTREE,
  CONSTRAINT `social_auth_usersocialauth_user_id_17d28448_fk_accounts_user_id` FOREIGN KEY (`user_id`) REFERENCES `accounts_user` (`id`) ON DELETE RESTRICT ON UPDATE RESTRICT
) ENGINE = InnoDB AUTO_INCREMENT = 1 CHARACTER SET = utf8mb4 COLLATE = utf8mb4_0900_ai_ci ROW_FORMAT = DYNAMIC;

-- ----------------------------
-- Records of social_auth_usersocialauth
-- ----------------------------

-- ----------------------------
-- Table structure for tasks_category
-- ----------------------------
DROP TABLE IF EXISTS `tasks_category`;
CREATE TABLE `tasks_category`  (
  `id` bigint NOT NULL AUTO_INCREMENT,
  `name` varchar(50) CHARACTER SET utf8mb4 COLLATE utf8mb4_0900_ai_ci NOT NULL,
  `color` varchar(7) CHARACTER SET utf8mb4 COLLATE utf8mb4_0900_ai_ci NOT NULL,
  `icon` varchar(50) CHARACTER SET utf8mb4 COLLATE utf8mb4_0900_ai_ci NULL DEFAULT NULL,
  `order` int NOT NULL,
  `created_at` datetime(6) NOT NULL,
  `updated_at` datetime(6) NOT NULL,
  `user_id` bigint NOT NULL,
  PRIMARY KEY (`id`) USING BTREE,
  UNIQUE INDEX `tasks_category_user_id_name_179a46a2_uniq`(`user_id` ASC, `name` ASC) USING BTREE,
  CONSTRAINT `tasks_category_user_id_8db0a286_fk_accounts_user_id` FOREIGN KEY (`user_id`) REFERENCES `accounts_user` (`id`) ON DELETE RESTRICT ON UPDATE RESTRICT
) ENGINE = InnoDB AUTO_INCREMENT = 45 CHARACTER SET = utf8mb4 COLLATE = utf8mb4_0900_ai_ci ROW_FORMAT = DYNAMIC;

-- ----------------------------
-- Records of tasks_category
-- ----------------------------
INSERT INTO `tasks_category` VALUES (1, '1212', '#1890ff', 'icon-work', 0, '2024-12-09 03:57:50.571084', '2024-12-09 03:57:50.571084', 2);
INSERT INTO `tasks_category` VALUES (5, '2', '#3357FF', 'study', 3, '2024-12-09 06:09:29.886175', '2024-12-09 06:09:29.886175', 2);
INSERT INTO `tasks_category` VALUES (14, '', '#3357FF', 'study', 3, '2024-12-09 12:44:06.291793', '2024-12-09 12:44:06.291793', 4);
INSERT INTO `tasks_category` VALUES (15, '2', '#3357FF', 'study', 3, '2024-12-09 12:44:19.098337', '2024-12-09 12:44:19.098337', 4);
INSERT INTO `tasks_category` VALUES (16, '2222', '#3357FF', 'study', 3, '2024-12-09 12:45:15.556651', '2024-12-09 12:45:15.556651', 4);
INSERT INTO `tasks_category` VALUES (17, '111', '#13c2c2', '21312313', 0, '2024-12-09 15:24:10.151171', '2024-12-09 15:24:10.151171', 5);
INSERT INTO `tasks_category` VALUES (25, '13123', '#2196F3', NULL, 0, '2024-12-18 04:34:44.757970', '2024-12-18 04:34:44.757997', 1);
INSERT INTO `tasks_category` VALUES (27, '123123123', '#2196F3', NULL, 0, '2024-12-22 07:39:00.080675', '2024-12-22 07:39:00.080690', 13);
INSERT INTO `tasks_category` VALUES (28, '12132', '#2196F3', NULL, 0, '2024-12-22 11:19:52.078973', '2024-12-22 11:19:52.078989', 1);
INSERT INTO `tasks_category` VALUES (29, '12132123123', '#2196F3', NULL, 0, '2024-12-22 11:19:55.822385', '2024-12-22 11:19:55.822403', 1);
INSERT INTO `tasks_category` VALUES (30, '1231', '#2196F3', NULL, 0, '2024-12-22 11:20:25.594965', '2024-12-22 11:20:25.594980', 1);
INSERT INTO `tasks_category` VALUES (31, '1231123123', '#2196F3', NULL, 0, '2024-12-22 11:21:22.814647', '2024-12-22 11:21:22.814663', 1);
INSERT INTO `tasks_category` VALUES (33, '123123123123', '#2196F3', NULL, 0, '2024-12-22 12:39:53.039449', '2024-12-22 12:39:53.039469', 1);
INSERT INTO `tasks_category` VALUES (34, '123123123', '#2196F3', NULL, 0, '2024-12-22 12:39:55.622510', '2024-12-22 12:39:55.622529', 1);
INSERT INTO `tasks_category` VALUES (35, '111', '#2196F3', NULL, 0, '2024-12-22 12:39:58.197542', '2024-12-22 12:39:58.197562', 1);
INSERT INTO `tasks_category` VALUES (36, '12123123', '#2196F3', NULL, 0, '2024-12-22 12:40:00.960302', '2024-12-22 12:40:00.960346', 1);
INSERT INTO `tasks_category` VALUES (38, '', '#2196F3', NULL, 0, '2024-12-22 13:06:12.295742', '2024-12-22 13:06:12.295767', 13);
INSERT INTO `tasks_category` VALUES (39, ' ', '#2196F3', NULL, 0, '2024-12-22 13:06:23.824420', '2024-12-22 13:06:23.824441', 13);
INSERT INTO `tasks_category` VALUES (40, '', '#2196F3', NULL, 0, '2024-12-22 13:06:31.325226', '2024-12-22 13:06:31.325247', 13);
INSERT INTO `tasks_category` VALUES (41, ' 1', '#2196F3', NULL, 0, '2024-12-22 13:06:41.769689', '2024-12-22 13:06:41.769711', 13);
INSERT INTO `tasks_category` VALUES (42, '', '#2196F3', NULL, 0, '2024-12-23 04:28:50.799873', '2024-12-23 04:28:50.799889', 13);
INSERT INTO `tasks_category` VALUES (43, '2312312', '#2196F3', NULL, 0, '2024-12-23 04:28:53.854983', '2024-12-23 04:28:53.854998', 13);
INSERT INTO `tasks_category` VALUES (44, '1111111111111111', '#2196F3', NULL, 0, '2024-12-23 04:29:40.877042', '2024-12-23 04:29:40.877058', 13);

-- ----------------------------
-- Table structure for tasks_historicalcategory
-- ----------------------------
DROP TABLE IF EXISTS `tasks_historicalcategory`;
CREATE TABLE `tasks_historicalcategory`  (
  `id` bigint NOT NULL,
  `name` varchar(50) CHARACTER SET utf8mb4 COLLATE utf8mb4_0900_ai_ci NOT NULL,
  `color` varchar(7) CHARACTER SET utf8mb4 COLLATE utf8mb4_0900_ai_ci NOT NULL,
  `icon` varchar(50) CHARACTER SET utf8mb4 COLLATE utf8mb4_0900_ai_ci NULL DEFAULT NULL,
  `order` int NOT NULL,
  `created_at` datetime(6) NOT NULL,
  `updated_at` datetime(6) NOT NULL,
  `history_id` int NOT NULL AUTO_INCREMENT,
  `history_date` datetime(6) NOT NULL,
  `history_change_reason` varchar(100) CHARACTER SET utf8mb4 COLLATE utf8mb4_0900_ai_ci NULL DEFAULT NULL,
  `history_type` varchar(1) CHARACTER SET utf8mb4 COLLATE utf8mb4_0900_ai_ci NOT NULL,
  `history_user_id` bigint NULL DEFAULT NULL,
  `user_id` bigint NULL DEFAULT NULL,
  PRIMARY KEY (`history_id`) USING BTREE,
  INDEX `tasks_historicalcate_history_user_id_79c18336_fk_accounts_`(`history_user_id` ASC) USING BTREE,
  INDEX `tasks_historicalcategory_id_9a36d53a`(`id` ASC) USING BTREE,
  INDEX `tasks_historicalcategory_history_date_7e3a3361`(`history_date` ASC) USING BTREE,
  INDEX `tasks_historicalcategory_user_id_debf2c6b`(`user_id` ASC) USING BTREE,
  CONSTRAINT `tasks_historicalcate_history_user_id_79c18336_fk_accounts_` FOREIGN KEY (`history_user_id`) REFERENCES `accounts_user` (`id`) ON DELETE RESTRICT ON UPDATE RESTRICT
) ENGINE = InnoDB AUTO_INCREMENT = 68 CHARACTER SET = utf8mb4 COLLATE = utf8mb4_0900_ai_ci ROW_FORMAT = DYNAMIC;

-- ----------------------------
-- Records of tasks_historicalcategory
-- ----------------------------
INSERT INTO `tasks_historicalcategory` VALUES (1, '1212', '#1890ff', 'icon-work', 0, '2024-12-09 03:57:50.571084', '2024-12-09 03:57:50.571084', 1, '2024-12-09 03:57:50.574401', NULL, '+', 1, 1);
INSERT INTO `tasks_historicalcategory` VALUES (2, '', '#3357FF', 'study', 3, '2024-12-09 06:05:05.942868', '2024-12-09 06:05:05.942868', 2, '2024-12-09 06:05:05.950627', NULL, '+', 1, 1);
INSERT INTO `tasks_historicalcategory` VALUES (3, '', '#3357FF', 'study', 3, '2024-12-09 06:05:12.481552', '2024-12-09 06:05:12.481552', 3, '2024-12-09 06:05:12.486419', NULL, '+', 1, 1);
INSERT INTO `tasks_historicalcategory` VALUES (4, '', '#3357FF', 'study', 3, '2024-12-09 06:05:15.174051', '2024-12-09 06:05:15.174051', 4, '2024-12-09 06:05:15.175448', NULL, '+', 1, 1);
INSERT INTO `tasks_historicalcategory` VALUES (5, '2', '#3357FF', 'study', 3, '2024-12-09 06:09:29.886175', '2024-12-09 06:09:29.886175', 5, '2024-12-09 06:09:29.887964', NULL, '+', 1, 1);
INSERT INTO `tasks_historicalcategory` VALUES (6, '2222', '#3357FF', 'study', 3, '2024-12-09 07:24:56.105881', '2024-12-09 07:24:56.105881', 6, '2024-12-09 07:24:56.112516', NULL, '+', 1, 1);
INSERT INTO `tasks_historicalcategory` VALUES (7, '22111122', '#3357FF', 'study', 3, '2024-12-09 07:25:37.970069', '2024-12-09 07:25:37.970069', 7, '2024-12-09 07:25:37.974863', NULL, '+', 1, 1);
INSERT INTO `tasks_historicalcategory` VALUES (8, '33322111122', '#3357FF', 'study', 3, '2024-12-09 07:26:20.122245', '2024-12-09 07:26:20.122245', 8, '2024-12-09 07:26:20.130033', NULL, '+', 1, 1);
INSERT INTO `tasks_historicalcategory` VALUES (9, '12133123', '#3357FF', 'study', 3, '2024-12-09 07:27:08.189447', '2024-12-09 07:27:08.189447', 9, '2024-12-09 07:27:08.193706', NULL, '+', 1, 1);
INSERT INTO `tasks_historicalcategory` VALUES (10, '111', '#3357FF', 'study', 3, '2024-12-09 08:10:32.156864', '2024-12-09 08:10:32.157872', 10, '2024-12-09 08:10:32.158862', NULL, '+', 1, 1);
INSERT INTO `tasks_historicalcategory` VALUES (11, '11221', '#3357FF', 'study', 3, '2024-12-09 08:11:44.965993', '2024-12-09 08:11:44.965993', 11, '2024-12-09 08:11:44.969705', NULL, '+', 1, 1);
INSERT INTO `tasks_historicalcategory` VALUES (12, '1122122', '#3357FF', 'study', 3, '2024-12-09 08:13:14.227493', '2024-12-09 08:13:14.227493', 12, '2024-12-09 08:13:14.235287', NULL, '+', 1, 1);
INSERT INTO `tasks_historicalcategory` VALUES (13, '1111', '#3357FF', 'study', 3, '2024-12-09 08:19:59.801049', '2024-12-09 08:19:59.801049', 13, '2024-12-09 08:19:59.802553', NULL, '+', 1, 1);
INSERT INTO `tasks_historicalcategory` VALUES (4, '', '#3357FF', 'study', 3, '2024-12-09 06:05:15.174051', '2024-12-09 06:05:15.174051', 14, '2024-12-09 08:26:13.368068', NULL, '-', NULL, 1);
INSERT INTO `tasks_historicalcategory` VALUES (3, '', '#3357FF', 'study', 3, '2024-12-09 06:05:12.481552', '2024-12-09 06:05:12.481552', 15, '2024-12-09 08:26:13.369070', NULL, '-', NULL, 1);
INSERT INTO `tasks_historicalcategory` VALUES (14, '', '#3357FF', 'study', 3, '2024-12-09 12:44:06.291793', '2024-12-09 12:44:06.291793', 16, '2024-12-09 12:44:06.294793', NULL, '+', 4, 4);
INSERT INTO `tasks_historicalcategory` VALUES (15, '2', '#3357FF', 'study', 3, '2024-12-09 12:44:19.098337', '2024-12-09 12:44:19.098337', 17, '2024-12-09 12:44:19.102131', NULL, '+', 4, 4);
INSERT INTO `tasks_historicalcategory` VALUES (16, '2222', '#3357FF', 'study', 3, '2024-12-09 12:45:15.556651', '2024-12-09 12:45:15.556651', 18, '2024-12-09 12:45:15.560931', NULL, '+', 4, 4);
INSERT INTO `tasks_historicalcategory` VALUES (17, '111', '#13c2c2', '21312313', 0, '2024-12-09 15:24:10.151171', '2024-12-09 15:24:10.151171', 19, '2024-12-09 15:24:10.152682', NULL, '+', 5, 5);
INSERT INTO `tasks_historicalcategory` VALUES (2, '', '#3357FF', 'study', 3, '2024-12-09 06:05:05.942868', '2024-12-09 06:05:05.942868', 20, '2024-12-17 13:06:47.707960', NULL, '-', 1, 1);
INSERT INTO `tasks_historicalcategory` VALUES (6, '222212123', '#3357FF', 'study', 3, '2024-12-09 07:24:56.105881', '2024-12-18 03:41:08.844234', 21, '2024-12-18 03:41:08.846284', NULL, '~', 1, 1);
INSERT INTO `tasks_historicalcategory` VALUES (10, '111111', '#3357FF', 'study', 3, '2024-12-09 08:10:32.156864', '2024-12-18 03:50:51.703435', 22, '2024-12-18 03:50:51.706607', NULL, '~', 1, 1);
INSERT INTO `tasks_historicalcategory` VALUES (10, '111111', '#3357FF', 'study', 3, '2024-12-09 08:10:32.156864', '2024-12-18 03:50:51.703435', 23, '2024-12-18 03:50:56.958627', NULL, '-', 1, 1);
INSERT INTO `tasks_historicalcategory` VALUES (18, '1212', '#2196F3', NULL, 0, '2024-12-18 03:51:06.410555', '2024-12-18 03:51:06.410575', 24, '2024-12-18 03:51:06.412447', NULL, '+', 1, 1);
INSERT INTO `tasks_historicalcategory` VALUES (19, '1212333', '#2196F3', NULL, 0, '2024-12-18 03:51:11.715590', '2024-12-18 03:51:11.715615', 25, '2024-12-18 03:51:11.717648', NULL, '+', 1, 1);
INSERT INTO `tasks_historicalcategory` VALUES (20, '123123123', '#2196F3', NULL, 0, '2024-12-18 03:51:14.603251', '2024-12-18 03:51:14.603269', 26, '2024-12-18 03:51:14.605086', NULL, '+', 1, 1);
INSERT INTO `tasks_historicalcategory` VALUES (21, '23123', '#2196F3', NULL, 0, '2024-12-18 04:19:45.812353', '2024-12-18 04:19:45.812385', 27, '2024-12-18 04:19:45.815670', NULL, '+', 1, 1);
INSERT INTO `tasks_historicalcategory` VALUES (22, '12313', '#2196F3', NULL, 0, '2024-12-18 04:29:27.020634', '2024-12-18 04:29:27.020653', 28, '2024-12-18 04:29:27.023294', NULL, '+', 1, 1);
INSERT INTO `tasks_historicalcategory` VALUES (23, '123123', '#2196F3', NULL, 0, '2024-12-18 04:29:30.522098', '2024-12-18 04:29:30.522115', 29, '2024-12-18 04:29:30.524382', NULL, '+', 1, 1);
INSERT INTO `tasks_historicalcategory` VALUES (18, '1212', '#2196F3', NULL, 0, '2024-12-18 03:51:06.410555', '2024-12-18 03:51:06.410575', 30, '2024-12-18 04:29:33.900087', NULL, '-', 1, 1);
INSERT INTO `tasks_historicalcategory` VALUES (19, '1212333', '#2196F3', NULL, 0, '2024-12-18 03:51:11.715590', '2024-12-18 03:51:11.715615', 31, '2024-12-18 04:29:35.365064', NULL, '-', 1, 1);
INSERT INTO `tasks_historicalcategory` VALUES (20, '123123123', '#2196F3', NULL, 0, '2024-12-18 03:51:14.603251', '2024-12-18 03:51:14.603269', 32, '2024-12-18 04:29:36.652964', NULL, '-', 1, 1);
INSERT INTO `tasks_historicalcategory` VALUES (21, '23123', '#2196F3', NULL, 0, '2024-12-18 04:19:45.812353', '2024-12-18 04:19:45.812385', 33, '2024-12-18 04:29:38.003890', NULL, '-', 1, 1);
INSERT INTO `tasks_historicalcategory` VALUES (23, '123123', '#2196F3', NULL, 0, '2024-12-18 04:29:30.522098', '2024-12-18 04:29:30.522115', 34, '2024-12-18 04:29:39.303214', NULL, '-', 1, 1);
INSERT INTO `tasks_historicalcategory` VALUES (8, '33322111122', '#3357FF', 'study', 3, '2024-12-09 07:26:20.122245', '2024-12-09 07:26:20.122245', 35, '2024-12-18 04:29:40.763474', NULL, '-', 1, 1);
INSERT INTO `tasks_historicalcategory` VALUES (12, '1122122', '#3357FF', 'study', 3, '2024-12-09 08:13:14.227493', '2024-12-09 08:13:14.227493', 36, '2024-12-18 04:29:42.037107', NULL, '-', 1, 1);
INSERT INTO `tasks_historicalcategory` VALUES (13, '1111', '#3357FF', 'study', 3, '2024-12-09 08:19:59.801049', '2024-12-09 08:19:59.801049', 37, '2024-12-18 04:29:43.203081', NULL, '-', 1, 1);
INSERT INTO `tasks_historicalcategory` VALUES (11, '11221', '#3357FF', 'study', 3, '2024-12-09 08:11:44.965993', '2024-12-09 08:11:44.965993', 38, '2024-12-18 04:29:44.406035', NULL, '-', 1, 1);
INSERT INTO `tasks_historicalcategory` VALUES (9, '12133123', '#3357FF', 'study', 3, '2024-12-09 07:27:08.189447', '2024-12-09 07:27:08.189447', 39, '2024-12-18 04:29:45.566279', NULL, '-', 1, 1);
INSERT INTO `tasks_historicalcategory` VALUES (7, '22111122', '#3357FF', 'study', 3, '2024-12-09 07:25:37.970069', '2024-12-09 07:25:37.970069', 40, '2024-12-18 04:29:46.765105', NULL, '-', 1, 1);
INSERT INTO `tasks_historicalcategory` VALUES (6, '222212123', '#3357FF', 'study', 3, '2024-12-09 07:24:56.105881', '2024-12-18 03:41:08.844234', 41, '2024-12-18 04:29:48.180561', NULL, '-', 1, 1);
INSERT INTO `tasks_historicalcategory` VALUES (22, '12313', '#2196F3', NULL, 0, '2024-12-18 04:29:27.020634', '2024-12-18 04:29:27.020653', 42, '2024-12-18 04:29:49.587465', NULL, '-', 1, 1);
INSERT INTO `tasks_historicalcategory` VALUES (24, '123123', '#2196F3', NULL, 0, '2024-12-18 04:30:13.045381', '2024-12-18 04:30:13.045407', 43, '2024-12-18 04:30:13.048175', NULL, '+', 1, 1);
INSERT INTO `tasks_historicalcategory` VALUES (24, '123123', '#2196F3', NULL, 0, '2024-12-18 04:30:13.045381', '2024-12-18 04:30:13.045407', 44, '2024-12-18 04:34:34.190852', NULL, '-', 1, 1);
INSERT INTO `tasks_historicalcategory` VALUES (25, '13123', '#2196F3', NULL, 0, '2024-12-18 04:34:44.757970', '2024-12-18 04:34:44.757997', 45, '2024-12-18 04:34:44.759710', NULL, '+', 1, 1);
INSERT INTO `tasks_historicalcategory` VALUES (26, '123', '#2196F3', NULL, 0, '2024-12-22 07:38:56.935534', '2024-12-22 07:38:56.935557', 46, '2024-12-22 07:38:56.937348', NULL, '+', 13, 13);
INSERT INTO `tasks_historicalcategory` VALUES (27, '123123123', '#2196F3', NULL, 0, '2024-12-22 07:39:00.080675', '2024-12-22 07:39:00.080690', 47, '2024-12-22 07:39:00.082157', NULL, '+', 13, 13);
INSERT INTO `tasks_historicalcategory` VALUES (28, '12132', '#2196F3', NULL, 0, '2024-12-22 11:19:52.078973', '2024-12-22 11:19:52.078989', 48, '2024-12-22 11:19:52.081041', NULL, '+', 1, 1);
INSERT INTO `tasks_historicalcategory` VALUES (29, '12132123123', '#2196F3', NULL, 0, '2024-12-22 11:19:55.822385', '2024-12-22 11:19:55.822403', 49, '2024-12-22 11:19:55.824157', NULL, '+', 1, 1);
INSERT INTO `tasks_historicalcategory` VALUES (30, '1231', '#2196F3', NULL, 0, '2024-12-22 11:20:25.594965', '2024-12-22 11:20:25.594980', 50, '2024-12-22 11:20:25.596675', NULL, '+', 1, 1);
INSERT INTO `tasks_historicalcategory` VALUES (31, '1231123123', '#2196F3', NULL, 0, '2024-12-22 11:21:22.814647', '2024-12-22 11:21:22.814663', 51, '2024-12-22 11:21:22.816430', NULL, '+', 1, 1);
INSERT INTO `tasks_historicalcategory` VALUES (32, '123123', '#2196F3', NULL, 0, '2024-12-22 12:39:48.416242', '2024-12-22 12:39:48.416271', 52, '2024-12-22 12:39:48.418164', NULL, '+', 1, 1);
INSERT INTO `tasks_historicalcategory` VALUES (33, '123123123123', '#2196F3', NULL, 0, '2024-12-22 12:39:53.039449', '2024-12-22 12:39:53.039469', 53, '2024-12-22 12:39:53.041781', NULL, '+', 1, 1);
INSERT INTO `tasks_historicalcategory` VALUES (34, '123123123', '#2196F3', NULL, 0, '2024-12-22 12:39:55.622510', '2024-12-22 12:39:55.622529', 54, '2024-12-22 12:39:55.624510', NULL, '+', 1, 1);
INSERT INTO `tasks_historicalcategory` VALUES (35, '111', '#2196F3', NULL, 0, '2024-12-22 12:39:58.197542', '2024-12-22 12:39:58.197562', 55, '2024-12-22 12:39:58.199592', NULL, '+', 1, 1);
INSERT INTO `tasks_historicalcategory` VALUES (36, '12123123', '#2196F3', NULL, 0, '2024-12-22 12:40:00.960302', '2024-12-22 12:40:00.960346', 56, '2024-12-22 12:40:00.962306', NULL, '+', 1, 1);
INSERT INTO `tasks_historicalcategory` VALUES (37, '123123123123123123', '#2196F3', NULL, 0, '2024-12-22 12:40:08.614518', '2024-12-22 12:40:08.614541', 57, '2024-12-22 12:40:08.616511', NULL, '+', 1, 1);
INSERT INTO `tasks_historicalcategory` VALUES (32, '123123', '#2196F3', NULL, 0, '2024-12-22 12:39:48.416242', '2024-12-22 12:39:48.416271', 58, '2024-12-22 12:40:15.284132', NULL, '-', 1, 1);
INSERT INTO `tasks_historicalcategory` VALUES (37, '123123123123123123', '#2196F3', NULL, 0, '2024-12-22 12:40:08.614518', '2024-12-22 12:40:08.614541', 59, '2024-12-22 12:40:21.961129', NULL, '-', 1, 1);
INSERT INTO `tasks_historicalcategory` VALUES (38, '', '#2196F3', NULL, 0, '2024-12-22 13:06:12.295742', '2024-12-22 13:06:12.295767', 60, '2024-12-22 13:06:12.297863', NULL, '+', 13, 13);
INSERT INTO `tasks_historicalcategory` VALUES (39, ' ', '#2196F3', NULL, 0, '2024-12-22 13:06:23.824420', '2024-12-22 13:06:23.824441', 61, '2024-12-22 13:06:23.826441', NULL, '+', 13, 13);
INSERT INTO `tasks_historicalcategory` VALUES (40, '', '#2196F3', NULL, 0, '2024-12-22 13:06:31.325226', '2024-12-22 13:06:31.325247', 62, '2024-12-22 13:06:31.327009', NULL, '+', 13, 13);
INSERT INTO `tasks_historicalcategory` VALUES (41, ' 1', '#2196F3', NULL, 0, '2024-12-22 13:06:41.769689', '2024-12-22 13:06:41.769711', 63, '2024-12-22 13:06:41.771514', NULL, '+', 13, 13);
INSERT INTO `tasks_historicalcategory` VALUES (26, '123', '#2196F3', NULL, 0, '2024-12-22 07:38:56.935534', '2024-12-22 07:38:56.935557', 64, '2024-12-23 04:27:37.928511', NULL, '-', 13, 13);
INSERT INTO `tasks_historicalcategory` VALUES (42, '', '#2196F3', NULL, 0, '2024-12-23 04:28:50.799873', '2024-12-23 04:28:50.799889', 65, '2024-12-23 04:28:50.801521', NULL, '+', 13, 13);
INSERT INTO `tasks_historicalcategory` VALUES (43, '2312312', '#2196F3', NULL, 0, '2024-12-23 04:28:53.854983', '2024-12-23 04:28:53.854998', 66, '2024-12-23 04:28:53.856944', NULL, '+', 13, 13);
INSERT INTO `tasks_historicalcategory` VALUES (44, '1111111111111111', '#2196F3', NULL, 0, '2024-12-23 04:29:40.877042', '2024-12-23 04:29:40.877058', 67, '2024-12-23 04:29:40.879445', NULL, '+', 13, 13);

-- ----------------------------
-- Table structure for tasks_historicaltag
-- ----------------------------
DROP TABLE IF EXISTS `tasks_historicaltag`;
CREATE TABLE `tasks_historicaltag`  (
  `id` bigint NOT NULL,
  `name` varchar(50) CHARACTER SET utf8mb4 COLLATE utf8mb4_0900_ai_ci NOT NULL,
  `color` varchar(7) CHARACTER SET utf8mb4 COLLATE utf8mb4_0900_ai_ci NOT NULL,
  `created_at` datetime(6) NOT NULL,
  `updated_at` datetime(6) NOT NULL,
  `history_id` int NOT NULL AUTO_INCREMENT,
  `history_date` datetime(6) NOT NULL,
  `history_change_reason` varchar(100) CHARACTER SET utf8mb4 COLLATE utf8mb4_0900_ai_ci NULL DEFAULT NULL,
  `history_type` varchar(1) CHARACTER SET utf8mb4 COLLATE utf8mb4_0900_ai_ci NOT NULL,
  `history_user_id` bigint NULL DEFAULT NULL,
  `user_id` bigint NULL DEFAULT NULL,
  PRIMARY KEY (`history_id`) USING BTREE,
  INDEX `tasks_historicaltag_history_user_id_655d7d00_fk_accounts_user_id`(`history_user_id` ASC) USING BTREE,
  INDEX `tasks_historicaltag_id_18ede4b5`(`id` ASC) USING BTREE,
  INDEX `tasks_historicaltag_history_date_0c35d69f`(`history_date` ASC) USING BTREE,
  INDEX `tasks_historicaltag_user_id_55fe0b9c`(`user_id` ASC) USING BTREE,
  CONSTRAINT `tasks_historicaltag_history_user_id_655d7d00_fk_accounts_user_id` FOREIGN KEY (`history_user_id`) REFERENCES `accounts_user` (`id`) ON DELETE RESTRICT ON UPDATE RESTRICT
) ENGINE = InnoDB AUTO_INCREMENT = 3 CHARACTER SET = utf8mb4 COLLATE = utf8mb4_0900_ai_ci ROW_FORMAT = DYNAMIC;

-- ----------------------------
-- Records of tasks_historicaltag
-- ----------------------------
INSERT INTO `tasks_historicaltag` VALUES (1, '', '#0033FF', '2024-12-09 12:46:10.889522', '2024-12-09 12:46:10.889522', 1, '2024-12-09 12:46:10.893598', NULL, '+', 4, 4);
INSERT INTO `tasks_historicaltag` VALUES (3, '1', '#0033FF', '2024-12-09 12:48:33.417726', '2024-12-09 12:48:33.417726', 2, '2024-12-09 12:48:33.418726', NULL, '+', 4, 4);

-- ----------------------------
-- Table structure for tasks_historicaltask
-- ----------------------------
DROP TABLE IF EXISTS `tasks_historicaltask`;
CREATE TABLE `tasks_historicaltask`  (
  `id` bigint NOT NULL,
  `title` varchar(200) CHARACTER SET utf8mb4 COLLATE utf8mb4_0900_ai_ci NOT NULL,
  `description` longtext CHARACTER SET utf8mb4 COLLATE utf8mb4_0900_ai_ci NULL,
  `priority` int NOT NULL,
  `status` varchar(20) CHARACTER SET utf8mb4 COLLATE utf8mb4_0900_ai_ci NOT NULL,
  `due_date` datetime(6) NULL DEFAULT NULL,
  `reminder_time` datetime(6) NULL DEFAULT NULL,
  `repeat_type` varchar(20) CHARACTER SET utf8mb4 COLLATE utf8mb4_0900_ai_ci NOT NULL,
  `repeat_config` json NULL,
  `completed_at` datetime(6) NULL DEFAULT NULL,
  `is_important` tinyint(1) NOT NULL,
  `order` int NOT NULL,
  `created_at` datetime(6) NOT NULL,
  `updated_at` datetime(6) NOT NULL,
  `history_id` int NOT NULL AUTO_INCREMENT,
  `history_date` datetime(6) NOT NULL,
  `history_change_reason` varchar(100) CHARACTER SET utf8mb4 COLLATE utf8mb4_0900_ai_ci NULL DEFAULT NULL,
  `history_type` varchar(1) CHARACTER SET utf8mb4 COLLATE utf8mb4_0900_ai_ci NOT NULL,
  `category_id` bigint NULL DEFAULT NULL,
  `history_user_id` bigint NULL DEFAULT NULL,
  `user_id` bigint NULL DEFAULT NULL,
  PRIMARY KEY (`history_id`) USING BTREE,
  INDEX `tasks_historicaltask_history_user_id_148c89e8_fk_accounts_`(`history_user_id` ASC) USING BTREE,
  INDEX `tasks_historicaltask_id_f4566092`(`id` ASC) USING BTREE,
  INDEX `tasks_historicaltask_history_date_99005c2a`(`history_date` ASC) USING BTREE,
  INDEX `tasks_historicaltask_category_id_c05ae4ff`(`category_id` ASC) USING BTREE,
  INDEX `tasks_historicaltask_user_id_6f9d29dd`(`user_id` ASC) USING BTREE,
  CONSTRAINT `tasks_historicaltask_history_user_id_148c89e8_fk_accounts_` FOREIGN KEY (`history_user_id`) REFERENCES `accounts_user` (`id`) ON DELETE RESTRICT ON UPDATE RESTRICT
) ENGINE = InnoDB AUTO_INCREMENT = 454 CHARACTER SET = utf8mb4 COLLATE = utf8mb4_0900_ai_ci ROW_FORMAT = DYNAMIC;

-- ----------------------------
-- Records of tasks_historicaltask
-- ----------------------------
INSERT INTO `tasks_historicaltask` VALUES (1, '', '', 1, 'pending', '2024-12-15 14:00:00.000000', NULL, 'none', NULL, NULL, 1, 0, '2024-12-09 12:54:10.202760', '2024-12-09 12:54:10.202760', 1, '2024-12-09 12:54:10.204270', NULL, '+', 1, 4, 4);
INSERT INTO `tasks_historicaltask` VALUES (2, '', '', 1, 'pending', '2024-12-15 14:00:00.000000', NULL, 'none', NULL, NULL, 1, 0, '2024-12-09 12:54:26.747825', '2024-12-09 12:54:26.747825', 2, '2024-12-09 12:54:26.757234', NULL, '+', 1, 4, 4);
INSERT INTO `tasks_historicaltask` VALUES (3, '', '', 1, 'pending', '2024-12-15 14:00:00.000000', NULL, 'none', NULL, NULL, 1, 0, '2024-12-09 12:54:36.879119', '2024-12-09 12:54:36.879119', 3, '2024-12-09 12:54:36.881118', NULL, '+', 1, 4, 4);
INSERT INTO `tasks_historicaltask` VALUES (4, '', '', 1, 'pending', '2024-12-15 14:00:00.000000', NULL, 'none', NULL, NULL, 1, 0, '2024-12-09 12:54:40.977028', '2024-12-09 12:54:40.977028', 4, '2024-12-09 12:54:40.984092', NULL, '+', 1, 4, 4);
INSERT INTO `tasks_historicaltask` VALUES (5, '11', '11', 2, 'pending', '2024-12-20 16:00:00.000000', NULL, 'none', NULL, NULL, 0, 0, '2024-12-09 14:41:50.760126', '2024-12-09 14:41:50.760126', 5, '2024-12-09 14:41:50.764715', NULL, '+', 2, 1, 1);
INSERT INTO `tasks_historicaltask` VALUES (6, '111', '111', 2, 'pending', '2019-12-08 16:00:00.000000', NULL, 'none', NULL, NULL, 0, 0, '2024-12-09 15:24:35.021758', '2024-12-09 15:24:35.021758', 6, '2024-12-09 15:24:35.025626', NULL, '+', 17, 5, 5);
INSERT INTO `tasks_historicaltask` VALUES (7, '111', '111', 2, 'pending', '2019-12-08 16:00:00.000000', NULL, 'none', NULL, NULL, 0, 0, '2024-12-09 15:24:35.283262', '2024-12-09 15:24:35.283262', 7, '2024-12-09 15:24:35.284254', NULL, '+', 17, 5, 5);
INSERT INTO `tasks_historicaltask` VALUES (7, '111', '111', 2, 'pending', '2019-12-08 16:00:00.000000', NULL, 'none', NULL, NULL, 0, 0, '2024-12-09 15:24:35.283262', '2024-12-09 15:47:28.866852', 8, '2024-12-09 15:47:28.868606', NULL, '~', 17, 5, 5);
INSERT INTO `tasks_historicaltask` VALUES (6, '111', '111', 2, 'pending', '2019-12-08 16:00:00.000000', NULL, 'none', NULL, NULL, 0, 0, '2024-12-09 15:24:35.021758', '2024-12-09 15:47:31.263173', 9, '2024-12-09 15:47:31.263173', NULL, '~', 17, 5, 5);
INSERT INTO `tasks_historicaltask` VALUES (7, '111', '111', 2, 'pending', '2019-12-08 16:00:00.000000', NULL, 'none', NULL, NULL, 0, 0, '2024-12-09 15:24:35.283262', '2024-12-09 15:47:32.250001', 10, '2024-12-09 15:47:32.252001', NULL, '~', 17, 5, 5);
INSERT INTO `tasks_historicaltask` VALUES (6, '111', '111', 2, 'pending', '2019-12-08 16:00:00.000000', NULL, 'none', NULL, NULL, 0, 0, '2024-12-09 15:24:35.021758', '2024-12-09 15:47:33.061851', 11, '2024-12-09 15:47:33.066807', NULL, '~', 17, 5, 5);
INSERT INTO `tasks_historicaltask` VALUES (6, '111', '111', 2, 'pending', '2019-12-08 16:00:00.000000', NULL, 'none', NULL, NULL, 0, 0, '2024-12-09 15:24:35.021758', '2024-12-09 15:47:33.788737', 12, '2024-12-09 15:47:33.790747', NULL, '~', 17, 5, 5);
INSERT INTO `tasks_historicaltask` VALUES (7, '111', '111', 2, 'pending', '2019-12-08 16:00:00.000000', NULL, 'none', NULL, NULL, 0, 0, '2024-12-09 15:24:35.283262', '2024-12-09 15:47:35.258181', 13, '2024-12-09 15:47:35.259577', NULL, '~', 17, 5, 5);
INSERT INTO `tasks_historicaltask` VALUES (7, '111', '111', 2, 'pending', '2019-12-08 16:00:00.000000', NULL, 'none', NULL, NULL, 0, 0, '2024-12-09 15:24:35.283262', '2024-12-09 15:47:36.096575', 14, '2024-12-09 15:47:36.104546', NULL, '~', 17, 5, 5);
INSERT INTO `tasks_historicaltask` VALUES (6, '111', '111', 2, 'pending', '2019-12-08 16:00:00.000000', NULL, 'none', NULL, NULL, 0, 0, '2024-12-09 15:24:35.021758', '2024-12-09 15:47:36.965824', 15, '2024-12-09 15:47:36.981698', NULL, '~', 17, 5, 5);
INSERT INTO `tasks_historicaltask` VALUES (6, '111', '111', 2, 'pending', '2019-12-08 16:00:00.000000', NULL, 'none', NULL, NULL, 0, 0, '2024-12-09 15:24:35.021758', '2024-12-09 15:47:37.616144', 16, '2024-12-09 15:47:37.619860', NULL, '~', 17, 5, 5);
INSERT INTO `tasks_historicaltask` VALUES (7, '111', '111', 2, 'pending', '2019-12-08 16:00:00.000000', NULL, 'none', NULL, NULL, 0, 0, '2024-12-09 15:24:35.283262', '2024-12-09 15:47:38.661497', 17, '2024-12-09 15:47:38.666039', NULL, '~', 17, 5, 5);
INSERT INTO `tasks_historicaltask` VALUES (6, '111', '111', 2, 'pending', '2019-12-08 16:00:00.000000', NULL, 'none', NULL, NULL, 0, 0, '2024-12-09 15:24:35.021758', '2024-12-09 15:47:39.712032', 18, '2024-12-09 15:47:39.716217', NULL, '~', 17, 5, 5);
INSERT INTO `tasks_historicaltask` VALUES (7, '111', '111', 2, 'pending', '2019-12-08 16:00:00.000000', NULL, 'none', NULL, NULL, 0, 0, '2024-12-09 15:24:35.283262', '2024-12-09 15:47:40.404498', 19, '2024-12-09 15:47:40.405507', NULL, '~', 17, 5, 5);
INSERT INTO `tasks_historicaltask` VALUES (6, '111', '111', 2, 'pending', '2019-12-08 16:00:00.000000', NULL, 'none', NULL, NULL, 0, 0, '2024-12-09 15:24:35.021758', '2024-12-09 15:47:41.287421', 20, '2024-12-09 15:47:41.288980', NULL, '~', 17, 5, 5);
INSERT INTO `tasks_historicaltask` VALUES (6, '111', '111', 2, 'pending', '2019-12-08 16:00:00.000000', NULL, 'none', NULL, NULL, 0, 0, '2024-12-09 15:24:35.021758', '2024-12-09 15:47:41.941579', 21, '2024-12-09 15:47:41.943118', NULL, '~', 17, 5, 5);
INSERT INTO `tasks_historicaltask` VALUES (7, '111', '111', 2, 'pending', '2019-12-08 16:00:00.000000', NULL, 'none', NULL, NULL, 0, 0, '2024-12-09 15:24:35.283262', '2024-12-09 15:47:42.827282', 22, '2024-12-09 15:47:42.831864', NULL, '~', 17, 5, 5);
INSERT INTO `tasks_historicaltask` VALUES (6, '111', '111', 2, 'pending', '2019-12-08 16:00:00.000000', NULL, 'none', NULL, NULL, 0, 0, '2024-12-09 15:24:35.021758', '2024-12-09 15:47:43.476027', 23, '2024-12-09 15:47:43.481240', NULL, '~', 17, 5, 5);
INSERT INTO `tasks_historicaltask` VALUES (7, '111', '111', 2, 'pending', '2019-12-08 16:00:00.000000', NULL, 'none', NULL, NULL, 0, 0, '2024-12-09 15:24:35.283262', '2024-12-09 15:47:44.576026', 24, '2024-12-09 15:47:44.581264', NULL, '~', 17, 5, 5);
INSERT INTO `tasks_historicaltask` VALUES (6, '111', '111', 2, 'pending', '2019-12-08 16:00:00.000000', NULL, 'none', NULL, NULL, 0, 0, '2024-12-09 15:24:35.021758', '2024-12-09 15:47:45.240374', 25, '2024-12-09 15:47:45.240374', NULL, '~', 17, 5, 5);
INSERT INTO `tasks_historicaltask` VALUES (7, '111', '111', 2, 'pending', '2019-12-08 16:00:00.000000', NULL, 'none', NULL, NULL, 0, 0, '2024-12-09 15:24:35.283262', '2024-12-09 15:47:50.010013', 26, '2024-12-09 15:47:50.011000', NULL, '~', 17, 5, 5);
INSERT INTO `tasks_historicaltask` VALUES (6, '111', '111', 2, 'pending', '2019-12-08 16:00:00.000000', NULL, 'none', NULL, NULL, 0, 0, '2024-12-09 15:24:35.021758', '2024-12-09 15:47:51.613186', 27, '2024-12-09 15:47:51.616692', NULL, '~', 17, 5, 5);
INSERT INTO `tasks_historicaltask` VALUES (7, '111', '111', 2, 'pending', '2019-12-08 16:00:00.000000', NULL, 'none', NULL, NULL, 0, 0, '2024-12-09 15:24:35.283262', '2024-12-09 15:47:52.287019', 28, '2024-12-09 15:47:52.291579', NULL, '~', 17, 5, 5);
INSERT INTO `tasks_historicaltask` VALUES (6, '111', '111', 2, 'pending', '2019-12-08 16:00:00.000000', NULL, 'none', NULL, NULL, 0, 0, '2024-12-09 15:24:35.021758', '2024-12-09 15:47:53.055298', 29, '2024-12-09 15:47:53.060904', NULL, '~', 17, 5, 5);
INSERT INTO `tasks_historicaltask` VALUES (7, '111', '111', 2, 'pending', '2019-12-08 16:00:00.000000', NULL, 'none', NULL, NULL, 0, 0, '2024-12-09 15:24:35.283262', '2024-12-09 15:47:54.218158', 30, '2024-12-09 15:47:54.220166', NULL, '~', 17, 5, 5);
INSERT INTO `tasks_historicaltask` VALUES (6, '111', '111', 2, 'pending', '2019-12-08 16:00:00.000000', NULL, 'none', NULL, NULL, 0, 0, '2024-12-09 15:24:35.021758', '2024-12-09 15:47:55.188602', 31, '2024-12-09 15:47:55.193151', NULL, '~', 17, 5, 5);
INSERT INTO `tasks_historicaltask` VALUES (7, '111', '111', 2, 'pending', '2019-12-08 16:00:00.000000', NULL, 'none', NULL, NULL, 0, 0, '2024-12-09 15:24:35.283262', '2024-12-09 15:47:56.039462', 32, '2024-12-09 15:47:56.046388', NULL, '~', 17, 5, 5);
INSERT INTO `tasks_historicaltask` VALUES (6, '111', '111', 2, 'pending', '2019-12-08 16:00:00.000000', NULL, 'none', NULL, NULL, 0, 0, '2024-12-09 15:24:35.021758', '2024-12-09 15:47:57.535688', 33, '2024-12-09 15:47:57.539624', NULL, '~', 17, 5, 5);
INSERT INTO `tasks_historicaltask` VALUES (7, '111', '111', 2, 'pending', '2019-12-08 16:00:00.000000', NULL, 'none', NULL, NULL, 0, 0, '2024-12-09 15:24:35.283262', '2024-12-09 15:48:00.496907', 34, '2024-12-09 15:48:00.498631', NULL, '~', 17, 5, 5);
INSERT INTO `tasks_historicaltask` VALUES (7, '111', '111', 2, 'pending', '2019-12-08 16:00:00.000000', NULL, 'none', NULL, NULL, 0, 0, '2024-12-09 15:24:35.283262', '2024-12-09 15:48:01.231186', 35, '2024-12-09 15:48:01.235784', NULL, '~', 17, 5, 5);
INSERT INTO `tasks_historicaltask` VALUES (6, '111', '111', 2, 'pending', '2019-12-08 16:00:00.000000', NULL, 'none', NULL, NULL, 0, 0, '2024-12-09 15:24:35.021758', '2024-12-09 15:48:01.708484', 36, '2024-12-09 15:48:01.710484', NULL, '~', 17, 5, 5);
INSERT INTO `tasks_historicaltask` VALUES (7, '111', '111', 2, 'pending', '2019-12-08 16:00:00.000000', NULL, 'none', NULL, NULL, 0, 0, '2024-12-09 15:24:35.283262', '2024-12-09 15:48:04.154939', 37, '2024-12-09 15:48:04.158264', NULL, '~', 17, 5, 5);
INSERT INTO `tasks_historicaltask` VALUES (7, '111', '111', 2, 'pending', '2019-12-08 16:00:00.000000', NULL, 'none', NULL, NULL, 0, 0, '2024-12-09 15:24:35.283262', '2024-12-09 15:48:05.018013', 38, '2024-12-09 15:48:05.018013', NULL, '~', 17, 5, 5);
INSERT INTO `tasks_historicaltask` VALUES (6, '111', '111', 2, 'pending', '2019-12-08 16:00:00.000000', NULL, 'none', NULL, NULL, 0, 0, '2024-12-09 15:24:35.021758', '2024-12-09 15:48:05.709522', 39, '2024-12-09 15:48:05.710026', NULL, '~', 17, 5, 5);
INSERT INTO `tasks_historicaltask` VALUES (7, '111', '111', 2, 'pending', '2019-12-08 16:00:00.000000', NULL, 'none', NULL, NULL, 0, 0, '2024-12-09 15:24:35.283262', '2024-12-09 15:48:06.459523', 40, '2024-12-09 15:48:06.461154', NULL, '~', 17, 5, 5);
INSERT INTO `tasks_historicaltask` VALUES (6, '111', '111', 2, 'pending', '2019-12-08 16:00:00.000000', NULL, 'none', NULL, NULL, 0, 0, '2024-12-09 15:24:35.021758', '2024-12-09 15:48:07.363038', 41, '2024-12-09 15:48:07.369240', NULL, '~', 17, 5, 5);
INSERT INTO `tasks_historicaltask` VALUES (6, '111', '111', 2, 'pending', '2019-12-08 16:00:00.000000', NULL, 'none', NULL, NULL, 0, 0, '2024-12-09 15:24:35.021758', '2024-12-09 15:48:08.087538', 42, '2024-12-09 15:48:08.092526', NULL, '~', 17, 5, 5);
INSERT INTO `tasks_historicaltask` VALUES (7, '111', '111', 2, 'pending', '2019-12-08 16:00:00.000000', NULL, 'none', NULL, NULL, 0, 0, '2024-12-09 15:24:35.283262', '2024-12-09 15:48:08.768003', 43, '2024-12-09 15:48:08.770007', NULL, '~', 17, 5, 5);
INSERT INTO `tasks_historicaltask` VALUES (7, '111', '111', 2, 'pending', '2019-12-08 16:00:00.000000', NULL, 'none', NULL, NULL, 0, 0, '2024-12-09 15:24:35.283262', '2024-12-09 15:48:09.453059', 44, '2024-12-09 15:48:09.453059', NULL, '~', 17, 5, 5);
INSERT INTO `tasks_historicaltask` VALUES (7, '111', '111', 2, 'pending', '2019-12-08 16:00:00.000000', NULL, 'none', NULL, NULL, 0, 0, '2024-12-09 15:24:35.283262', '2024-12-09 15:48:10.092090', 45, '2024-12-09 15:48:10.096770', NULL, '~', 17, 5, 5);
INSERT INTO `tasks_historicaltask` VALUES (7, '111', '111', 2, 'pending', '2019-12-08 16:00:00.000000', NULL, 'none', NULL, NULL, 0, 0, '2024-12-09 15:24:35.283262', '2024-12-09 15:48:10.623443', 46, '2024-12-09 15:48:10.624453', NULL, '~', 17, 5, 5);
INSERT INTO `tasks_historicaltask` VALUES (7, '111', '111', 2, 'pending', '2019-12-08 16:00:00.000000', NULL, 'none', NULL, NULL, 0, 0, '2024-12-09 15:24:35.283262', '2024-12-09 15:48:11.151817', 47, '2024-12-09 15:48:11.154339', NULL, '~', 17, 5, 5);
INSERT INTO `tasks_historicaltask` VALUES (6, '111', '111', 2, 'pending', '2019-12-08 16:00:00.000000', NULL, 'none', NULL, NULL, 0, 0, '2024-12-09 15:24:35.021758', '2024-12-09 15:48:12.148012', 48, '2024-12-09 15:48:12.152286', NULL, '~', 17, 5, 5);
INSERT INTO `tasks_historicaltask` VALUES (6, '111', '111', 2, 'pending', '2019-12-08 16:00:00.000000', NULL, 'none', NULL, NULL, 0, 0, '2024-12-09 15:24:35.021758', '2024-12-09 15:48:12.988776', 49, '2024-12-09 15:48:12.993419', NULL, '~', 17, 5, 5);
INSERT INTO `tasks_historicaltask` VALUES (6, '111', '111', 2, 'pending', '2019-12-08 16:00:00.000000', NULL, 'none', NULL, NULL, 0, 0, '2024-12-09 15:24:35.021758', '2024-12-09 15:48:13.811817', 50, '2024-12-09 15:48:13.813339', NULL, '~', 17, 5, 5);
INSERT INTO `tasks_historicaltask` VALUES (7, '111', '111', 2, 'pending', '2019-12-08 16:00:00.000000', NULL, 'none', NULL, NULL, 0, 0, '2024-12-09 15:24:35.283262', '2024-12-09 15:48:14.363031', 51, '2024-12-09 15:48:14.365037', NULL, '~', 17, 5, 5);
INSERT INTO `tasks_historicaltask` VALUES (6, '111', '111', 2, 'pending', '2019-12-08 16:00:00.000000', NULL, 'none', NULL, NULL, 0, 0, '2024-12-09 15:24:35.021758', '2024-12-09 15:48:16.059366', 52, '2024-12-09 15:48:16.061358', NULL, '~', 17, 5, 5);
INSERT INTO `tasks_historicaltask` VALUES (7, '111', '111', 2, 'pending', '2019-12-08 16:00:00.000000', NULL, 'none', NULL, NULL, 0, 0, '2024-12-09 15:24:35.283262', '2024-12-09 15:48:16.768356', 53, '2024-12-09 15:48:16.772743', NULL, '~', 17, 5, 5);
INSERT INTO `tasks_historicaltask` VALUES (6, '111', '111', 2, 'pending', '2019-12-08 16:00:00.000000', NULL, 'none', NULL, NULL, 0, 0, '2024-12-09 15:24:35.021758', '2024-12-09 15:48:17.555579', 54, '2024-12-09 15:48:17.555579', NULL, '~', 17, 5, 5);
INSERT INTO `tasks_historicaltask` VALUES (6, '111', '111', 2, 'pending', '2019-12-08 16:00:00.000000', NULL, 'none', NULL, NULL, 0, 0, '2024-12-09 15:24:35.021758', '2024-12-09 15:48:26.156234', 55, '2024-12-09 15:48:26.159790', NULL, '~', 17, 5, 5);
INSERT INTO `tasks_historicaltask` VALUES (6, '111', '111', 2, 'pending', '2019-12-08 16:00:00.000000', NULL, 'none', NULL, NULL, 0, 0, '2024-12-09 15:24:35.021758', '2024-12-09 15:48:28.636212', 56, '2024-12-09 15:48:28.640793', NULL, '~', 17, 5, 5);
INSERT INTO `tasks_historicaltask` VALUES (7, '111', '111', 2, 'pending', '2019-12-08 16:00:00.000000', NULL, 'none', NULL, NULL, 0, 0, '2024-12-09 15:24:35.283262', '2024-12-09 15:48:29.217891', 57, '2024-12-09 15:48:29.221236', NULL, '~', 17, 5, 5);
INSERT INTO `tasks_historicaltask` VALUES (6, '111', '111', 2, 'pending', '2019-12-08 16:00:00.000000', NULL, 'none', NULL, NULL, 0, 0, '2024-12-09 15:24:35.021758', '2024-12-09 15:48:30.057491', 58, '2024-12-09 15:48:30.061486', NULL, '~', 17, 5, 5);
INSERT INTO `tasks_historicaltask` VALUES (6, '111', '111', 2, 'pending', '2019-12-08 16:00:00.000000', NULL, 'none', NULL, NULL, 0, 0, '2024-12-09 15:24:35.021758', '2024-12-09 15:48:31.355130', 59, '2024-12-09 15:48:31.360172', NULL, '~', 17, 5, 5);
INSERT INTO `tasks_historicaltask` VALUES (6, '111', '111', 2, 'pending', '2019-12-08 16:00:00.000000', NULL, 'none', NULL, NULL, 0, 0, '2024-12-09 15:24:35.021758', '2024-12-09 15:48:31.904227', 60, '2024-12-09 15:48:31.906227', NULL, '~', 17, 5, 5);
INSERT INTO `tasks_historicaltask` VALUES (7, '111', '111', 2, 'pending', '2019-12-08 16:00:00.000000', NULL, 'none', NULL, NULL, 0, 0, '2024-12-09 15:24:35.283262', '2024-12-09 15:48:38.188994', 61, '2024-12-09 15:48:38.194262', NULL, '~', 17, 5, 5);
INSERT INTO `tasks_historicaltask` VALUES (7, '111', '111', 2, 'pending', '2019-12-08 16:00:00.000000', NULL, 'none', NULL, NULL, 0, 0, '2024-12-09 15:24:35.283262', '2024-12-09 15:49:19.262985', 62, '2024-12-09 15:49:19.262985', NULL, '~', 17, 5, 5);
INSERT INTO `tasks_historicaltask` VALUES (6, '111', '111', 2, 'pending', '2019-12-08 16:00:00.000000', NULL, 'none', NULL, NULL, 0, 0, '2024-12-09 15:24:35.021758', '2024-12-09 15:49:20.040462', 63, '2024-12-09 15:49:20.042909', NULL, '~', 17, 5, 5);
INSERT INTO `tasks_historicaltask` VALUES (6, '111', '111', 2, 'pending', '2019-12-08 16:00:00.000000', NULL, 'none', NULL, NULL, 0, 0, '2024-12-09 15:24:35.021758', '2024-12-09 15:49:20.818279', 64, '2024-12-09 15:49:20.819315', NULL, '~', 17, 5, 5);
INSERT INTO `tasks_historicaltask` VALUES (6, '111', '111', 2, 'pending', '2019-12-08 16:00:00.000000', NULL, 'none', NULL, NULL, 0, 0, '2024-12-09 15:24:35.021758', '2024-12-09 15:49:21.293321', 65, '2024-12-09 15:49:21.297401', NULL, '~', 17, 5, 5);
INSERT INTO `tasks_historicaltask` VALUES (6, '111', '111', 2, 'pending', '2019-12-08 16:00:00.000000', NULL, 'none', NULL, NULL, 0, 0, '2024-12-09 15:24:35.021758', '2024-12-09 15:49:21.879319', 66, '2024-12-09 15:49:21.883685', NULL, '~', 17, 5, 5);
INSERT INTO `tasks_historicaltask` VALUES (6, '111', '111', 2, 'pending', '2019-12-08 16:00:00.000000', NULL, 'none', NULL, NULL, 0, 0, '2024-12-09 15:24:35.021758', '2024-12-09 15:49:22.629868', 67, '2024-12-09 15:49:22.634103', NULL, '~', 17, 5, 5);
INSERT INTO `tasks_historicaltask` VALUES (6, '111', '111', 2, 'pending', '2019-12-08 16:00:00.000000', NULL, 'none', NULL, NULL, 0, 0, '2024-12-09 15:24:35.021758', '2024-12-09 15:49:23.200532', 68, '2024-12-09 15:49:23.201532', NULL, '~', 17, 5, 5);
INSERT INTO `tasks_historicaltask` VALUES (6, '111', '111', 2, 'pending', '2019-12-08 16:00:00.000000', NULL, 'none', NULL, NULL, 0, 0, '2024-12-09 15:24:35.021758', '2024-12-09 15:49:23.768720', 69, '2024-12-09 15:49:23.770792', NULL, '~', 17, 5, 5);
INSERT INTO `tasks_historicaltask` VALUES (6, '111', '111', 2, 'pending', '2019-12-08 16:00:00.000000', NULL, 'none', NULL, NULL, 0, 0, '2024-12-09 15:24:35.021758', '2024-12-09 15:49:24.275405', 70, '2024-12-09 15:49:24.278403', NULL, '~', 17, 5, 5);
INSERT INTO `tasks_historicaltask` VALUES (7, '111', '111', 2, 'pending', '2019-12-08 16:00:00.000000', NULL, 'none', NULL, NULL, 0, 0, '2024-12-09 15:24:35.283262', '2024-12-09 15:49:24.833693', 71, '2024-12-09 15:49:24.835700', NULL, '~', 17, 5, 5);
INSERT INTO `tasks_historicaltask` VALUES (6, '111', '111', 2, 'pending', '2019-12-08 16:00:00.000000', NULL, 'none', NULL, NULL, 0, 0, '2024-12-09 15:24:35.021758', '2024-12-09 15:49:29.708226', 72, '2024-12-09 15:49:29.709227', NULL, '~', 17, 5, 5);
INSERT INTO `tasks_historicaltask` VALUES (7, '111', '111', 2, 'pending', '2019-12-08 16:00:00.000000', NULL, 'none', NULL, NULL, 0, 0, '2024-12-09 15:24:35.283262', '2024-12-09 15:52:14.656835', 73, '2024-12-09 15:52:14.658350', NULL, '~', 17, 5, 5);
INSERT INTO `tasks_historicaltask` VALUES (6, '111', '111', 2, 'pending', '2019-12-08 16:00:00.000000', NULL, 'none', NULL, NULL, 0, 0, '2024-12-09 15:24:35.021758', '2024-12-09 15:52:15.633193', 74, '2024-12-09 15:52:15.636688', NULL, '~', 17, 5, 5);
INSERT INTO `tasks_historicaltask` VALUES (7, '111', '111', 2, 'pending', '2019-12-08 16:00:00.000000', NULL, 'none', NULL, NULL, 0, 0, '2024-12-09 15:24:35.283262', '2024-12-09 15:52:16.474797', 75, '2024-12-09 15:52:16.476709', NULL, '~', 17, 5, 5);
INSERT INTO `tasks_historicaltask` VALUES (6, '111', '111', 2, 'pending', '2019-12-08 16:00:00.000000', NULL, 'none', NULL, NULL, 0, 0, '2024-12-09 15:24:35.021758', '2024-12-09 15:52:17.348621', 76, '2024-12-09 15:52:17.350624', NULL, '~', 17, 5, 5);
INSERT INTO `tasks_historicaltask` VALUES (6, '111', '111', 2, 'pending', '2019-12-08 16:00:00.000000', NULL, 'none', NULL, NULL, 0, 0, '2024-12-09 15:24:35.021758', '2024-12-09 15:52:17.864657', 77, '2024-12-09 15:52:17.869934', NULL, '~', 17, 5, 5);
INSERT INTO `tasks_historicaltask` VALUES (6, '111', '111', 2, 'pending', '2019-12-08 16:00:00.000000', NULL, 'none', NULL, NULL, 0, 0, '2024-12-09 15:24:35.021758', '2024-12-09 15:52:18.302669', 78, '2024-12-09 15:52:18.305608', NULL, '~', 17, 5, 5);
INSERT INTO `tasks_historicaltask` VALUES (7, '111', '111', 2, 'pending', '2019-12-08 16:00:00.000000', NULL, 'none', NULL, NULL, 0, 0, '2024-12-09 15:24:35.283262', '2024-12-09 15:52:18.826635', 79, '2024-12-09 15:52:18.832497', NULL, '~', 17, 5, 5);
INSERT INTO `tasks_historicaltask` VALUES (6, '111', '111', 2, 'pending', '2019-12-08 16:00:00.000000', NULL, 'none', NULL, NULL, 0, 0, '2024-12-09 15:24:35.021758', '2024-12-09 15:52:19.571890', 80, '2024-12-09 15:52:19.577967', NULL, '~', 17, 5, 5);
INSERT INTO `tasks_historicaltask` VALUES (7, '111', '111', 2, 'pending', '2019-12-08 16:00:00.000000', NULL, 'none', NULL, NULL, 0, 0, '2024-12-09 15:24:35.283262', '2024-12-09 15:52:20.424841', 81, '2024-12-09 15:52:20.426823', NULL, '~', 17, 5, 5);
INSERT INTO `tasks_historicaltask` VALUES (7, '111', '111', 2, 'pending', '2019-12-08 16:00:00.000000', NULL, 'none', NULL, NULL, 0, 0, '2024-12-09 15:24:35.283262', '2024-12-09 15:52:21.154098', 82, '2024-12-09 15:52:21.159189', NULL, '~', 17, 5, 5);
INSERT INTO `tasks_historicaltask` VALUES (7, '111', '111', 2, 'pending', '2019-12-08 16:00:00.000000', NULL, 'none', NULL, NULL, 0, 0, '2024-12-09 15:24:35.283262', '2024-12-09 15:52:21.638791', 83, '2024-12-09 15:52:21.643099', NULL, '~', 17, 5, 5);
INSERT INTO `tasks_historicaltask` VALUES (6, '111', '111', 2, 'pending', '2019-12-08 16:00:00.000000', NULL, 'none', NULL, NULL, 0, 0, '2024-12-09 15:24:35.021758', '2024-12-09 15:52:22.328521', 84, '2024-12-09 15:52:22.330276', NULL, '~', 17, 5, 5);
INSERT INTO `tasks_historicaltask` VALUES (6, '111', '111', 2, 'pending', '2019-12-08 16:00:00.000000', NULL, 'none', NULL, NULL, 0, 0, '2024-12-09 15:24:35.021758', '2024-12-09 15:52:22.843669', 85, '2024-12-09 15:52:22.845823', NULL, '~', 17, 5, 5);
INSERT INTO `tasks_historicaltask` VALUES (6, '111', '111', 2, 'pending', '2019-12-08 16:00:00.000000', NULL, 'none', NULL, NULL, 0, 0, '2024-12-09 15:24:35.021758', '2024-12-09 15:52:23.456610', 86, '2024-12-09 15:52:23.458114', NULL, '~', 17, 5, 5);
INSERT INTO `tasks_historicaltask` VALUES (6, '111', '111', 2, 'pending', '2019-12-08 16:00:00.000000', NULL, 'none', NULL, NULL, 0, 0, '2024-12-09 15:24:35.021758', '2024-12-09 15:52:24.104166', 87, '2024-12-09 15:52:24.106211', NULL, '~', 17, 5, 5);
INSERT INTO `tasks_historicaltask` VALUES (6, '111', '111', 2, 'pending', '2019-12-08 16:00:00.000000', NULL, 'none', NULL, NULL, 0, 0, '2024-12-09 15:24:35.021758', '2024-12-09 15:52:24.858172', 88, '2024-12-09 15:52:24.862216', NULL, '~', 17, 5, 5);
INSERT INTO `tasks_historicaltask` VALUES (6, '111', '111', 2, 'pending', '2019-12-08 16:00:00.000000', NULL, 'none', NULL, NULL, 0, 0, '2024-12-09 15:24:35.021758', '2024-12-09 15:52:25.451613', 89, '2024-12-09 15:52:25.452615', NULL, '~', 17, 5, 5);
INSERT INTO `tasks_historicaltask` VALUES (6, '111', '111', 2, 'pending', '2019-12-08 16:00:00.000000', NULL, 'none', NULL, NULL, 0, 0, '2024-12-09 15:24:35.021758', '2024-12-09 15:52:26.110018', 90, '2024-12-09 15:52:26.114173', NULL, '~', 17, 5, 5);
INSERT INTO `tasks_historicaltask` VALUES (6, '111', '111', 2, 'pending', '2019-12-08 16:00:00.000000', NULL, 'none', NULL, NULL, 0, 0, '2024-12-09 15:24:35.021758', '2024-12-09 15:52:26.535895', 91, '2024-12-09 15:52:26.536894', NULL, '~', 17, 5, 5);
INSERT INTO `tasks_historicaltask` VALUES (6, '111', '111', 2, 'pending', '2019-12-08 16:00:00.000000', NULL, 'none', NULL, NULL, 0, 0, '2024-12-09 15:24:35.021758', '2024-12-09 15:52:27.018044', 92, '2024-12-09 15:52:27.019049', NULL, '~', 17, 5, 5);
INSERT INTO `tasks_historicaltask` VALUES (6, '111', '111', 2, 'pending', '2019-12-08 16:00:00.000000', NULL, 'none', NULL, NULL, 0, 0, '2024-12-09 15:24:35.021758', '2024-12-09 15:52:27.611927', 93, '2024-12-09 15:52:27.616569', NULL, '~', 17, 5, 5);
INSERT INTO `tasks_historicaltask` VALUES (6, '111', '111', 2, 'pending', '2019-12-08 16:00:00.000000', NULL, 'none', NULL, NULL, 0, 0, '2024-12-09 15:24:35.021758', '2024-12-09 15:52:28.223879', 94, '2024-12-09 15:52:28.225870', NULL, '~', 17, 5, 5);
INSERT INTO `tasks_historicaltask` VALUES (6, '111', '111', 2, 'pending', '2019-12-08 16:00:00.000000', NULL, 'none', NULL, NULL, 0, 0, '2024-12-09 15:24:35.021758', '2024-12-09 15:52:30.639491', 95, '2024-12-09 15:52:30.641496', NULL, '~', 17, 5, 5);
INSERT INTO `tasks_historicaltask` VALUES (6, '111', '111', 2, 'pending', '2019-12-08 16:00:00.000000', NULL, 'none', NULL, NULL, 0, 0, '2024-12-09 15:24:35.021758', '2024-12-09 15:52:31.183546', 96, '2024-12-09 15:52:31.184545', NULL, '~', 17, 5, 5);
INSERT INTO `tasks_historicaltask` VALUES (6, '111', '111', 2, 'pending', '2019-12-08 16:00:00.000000', NULL, 'none', NULL, NULL, 0, 0, '2024-12-09 15:24:35.021758', '2024-12-09 15:52:31.731968', 97, '2024-12-09 15:52:31.736458', NULL, '~', 17, 5, 5);
INSERT INTO `tasks_historicaltask` VALUES (6, '111', '111', 2, 'pending', '2019-12-08 16:00:00.000000', NULL, 'none', NULL, NULL, 0, 0, '2024-12-09 15:24:35.021758', '2024-12-09 15:52:32.433920', 98, '2024-12-09 15:52:32.439087', NULL, '~', 17, 5, 5);
INSERT INTO `tasks_historicaltask` VALUES (6, '111', '111', 2, 'pending', '2019-12-08 16:00:00.000000', NULL, 'none', NULL, NULL, 0, 0, '2024-12-09 15:24:35.021758', '2024-12-09 15:52:33.044508', 99, '2024-12-09 15:52:33.048747', NULL, '~', 17, 5, 5);
INSERT INTO `tasks_historicaltask` VALUES (6, '111', '111', 2, 'pending', '2019-12-08 16:00:00.000000', NULL, 'none', NULL, NULL, 0, 0, '2024-12-09 15:24:35.021758', '2024-12-09 15:52:34.191903', 100, '2024-12-09 15:52:34.193902', NULL, '~', 17, 5, 5);
INSERT INTO `tasks_historicaltask` VALUES (6, '111', '111', 2, 'pending', '2019-12-08 16:00:00.000000', NULL, 'none', NULL, NULL, 0, 0, '2024-12-09 15:24:35.021758', '2024-12-09 15:52:35.689737', 101, '2024-12-09 15:52:35.691737', NULL, '~', 17, 5, 5);
INSERT INTO `tasks_historicaltask` VALUES (6, '111', '111', 2, 'pending', '2019-12-08 16:00:00.000000', NULL, 'none', NULL, NULL, 0, 0, '2024-12-09 15:24:35.021758', '2024-12-09 15:52:36.417918', 102, '2024-12-09 15:52:36.419438', NULL, '~', 17, 5, 5);
INSERT INTO `tasks_historicaltask` VALUES (6, '111', '111', 2, 'pending', '2019-12-08 16:00:00.000000', NULL, 'none', NULL, NULL, 0, 0, '2024-12-09 15:24:35.021758', '2024-12-09 15:52:36.923435', 103, '2024-12-09 15:52:36.927822', NULL, '~', 17, 5, 5);
INSERT INTO `tasks_historicaltask` VALUES (6, '111', '111', 2, 'pending', '2019-12-08 16:00:00.000000', NULL, 'none', NULL, NULL, 0, 0, '2024-12-09 15:24:35.021758', '2024-12-09 15:52:37.622798', 104, '2024-12-09 15:52:37.626573', NULL, '~', 17, 5, 5);
INSERT INTO `tasks_historicaltask` VALUES (6, '111', '111', 2, 'pending', '2019-12-08 16:00:00.000000', NULL, 'none', NULL, NULL, 0, 0, '2024-12-09 15:24:35.021758', '2024-12-09 15:52:38.140456', 105, '2024-12-09 15:52:38.145079', NULL, '~', 17, 5, 5);
INSERT INTO `tasks_historicaltask` VALUES (6, '111', '111', 2, 'pending', '2019-12-08 16:00:00.000000', NULL, 'none', NULL, NULL, 0, 0, '2024-12-09 15:24:35.021758', '2024-12-09 15:52:41.831643', 106, '2024-12-09 15:52:41.831643', NULL, '~', 17, 5, 5);
INSERT INTO `tasks_historicaltask` VALUES (7, '111', '111', 2, 'pending', '2019-12-08 16:00:00.000000', NULL, 'none', NULL, NULL, 0, 0, '2024-12-09 15:24:35.283262', '2024-12-09 15:52:42.518149', 107, '2024-12-09 15:52:42.518995', NULL, '~', 17, 5, 5);
INSERT INTO `tasks_historicaltask` VALUES (6, '111', '111', 2, 'pending', '2019-12-08 16:00:00.000000', NULL, 'none', NULL, NULL, 0, 0, '2024-12-09 15:24:35.021758', '2024-12-09 15:52:43.328013', 108, '2024-12-09 15:52:43.328163', NULL, '~', 17, 5, 5);
INSERT INTO `tasks_historicaltask` VALUES (7, '111', '111', 2, 'pending', '2019-12-08 16:00:00.000000', NULL, 'none', NULL, NULL, 0, 0, '2024-12-09 15:24:35.283262', '2024-12-09 15:52:44.058167', 109, '2024-12-09 15:52:44.059176', NULL, '~', 17, 5, 5);
INSERT INTO `tasks_historicaltask` VALUES (6, '111', '111', 2, 'pending', '2019-12-08 16:00:00.000000', NULL, 'none', NULL, NULL, 0, 0, '2024-12-09 15:24:35.021758', '2024-12-09 15:52:44.903391', 110, '2024-12-09 15:52:44.908083', NULL, '~', 17, 5, 5);
INSERT INTO `tasks_historicaltask` VALUES (8, '123', '123', 1, 'pending', '2024-09-08 16:00:00.000000', NULL, 'none', NULL, NULL, 0, 0, '2024-12-09 15:53:06.269996', '2024-12-09 15:53:06.269996', 111, '2024-12-09 15:53:06.270996', NULL, '+', 17, 5, 5);
INSERT INTO `tasks_historicaltask` VALUES (8, '123', '123', 1, 'pending', '2024-09-08 16:00:00.000000', NULL, 'none', NULL, NULL, 0, 0, '2024-12-09 15:53:06.269996', '2024-12-09 15:53:12.146375', 112, '2024-12-09 15:53:12.151583', NULL, '~', 17, 5, 5);
INSERT INTO `tasks_historicaltask` VALUES (6, '111', '111', 2, 'pending', '2019-12-08 16:00:00.000000', NULL, 'none', NULL, NULL, 0, 0, '2024-12-09 15:24:35.021758', '2024-12-09 15:53:13.401703', 113, '2024-12-09 15:53:13.402702', NULL, '~', 17, 5, 5);
INSERT INTO `tasks_historicaltask` VALUES (6, '111', '111', 2, 'pending', '2019-12-08 16:00:00.000000', NULL, 'none', NULL, NULL, 0, 0, '2024-12-09 15:24:35.021758', '2024-12-09 15:53:14.338131', 114, '2024-12-09 15:53:14.342100', NULL, '~', 17, 5, 5);
INSERT INTO `tasks_historicaltask` VALUES (8, '123', '123', 1, 'pending', '2024-09-08 16:00:00.000000', NULL, 'none', NULL, NULL, 0, 0, '2024-12-09 15:53:06.269996', '2024-12-09 15:53:15.185988', 115, '2024-12-09 15:53:15.188023', NULL, '~', 17, 5, 5);
INSERT INTO `tasks_historicaltask` VALUES (6, '111', '111', 2, 'pending', '2019-12-08 16:00:00.000000', NULL, 'none', NULL, NULL, 0, 0, '2024-12-09 15:24:35.021758', '2024-12-09 15:53:15.851623', 116, '2024-12-09 15:53:15.852622', NULL, '~', 17, 5, 5);
INSERT INTO `tasks_historicaltask` VALUES (7, '111', '111', 2, 'pending', '2019-12-08 16:00:00.000000', NULL, 'none', NULL, NULL, 0, 0, '2024-12-09 15:24:35.283262', '2024-12-09 15:53:16.875611', 117, '2024-12-09 15:53:16.876612', NULL, '~', 17, 5, 5);
INSERT INTO `tasks_historicaltask` VALUES (8, '123', '123', 1, 'pending', '2024-09-08 16:00:00.000000', NULL, 'none', NULL, NULL, 0, 0, '2024-12-09 15:53:06.269996', '2024-12-09 15:53:17.626642', 118, '2024-12-09 15:53:17.630085', NULL, '~', 17, 5, 5);
INSERT INTO `tasks_historicaltask` VALUES (7, '111', '111', 2, 'pending', '2019-12-08 16:00:00.000000', NULL, 'none', NULL, NULL, 0, 0, '2024-12-09 15:24:35.283262', '2024-12-09 15:53:18.255236', 119, '2024-12-09 15:53:18.258619', NULL, '~', 17, 5, 5);
INSERT INTO `tasks_historicaltask` VALUES (6, '111', '111', 2, 'pending', '2019-12-08 16:00:00.000000', NULL, 'none', NULL, NULL, 0, 0, '2024-12-09 15:24:35.021758', '2024-12-09 15:53:18.896957', 120, '2024-12-09 15:53:18.901761', NULL, '~', 17, 5, 5);
INSERT INTO `tasks_historicaltask` VALUES (8, '123', '123', 1, 'pending', '2024-09-08 16:00:00.000000', NULL, 'none', NULL, NULL, 0, 0, '2024-12-09 15:53:06.269996', '2024-12-09 15:53:19.489853', 121, '2024-12-09 15:53:19.490834', NULL, '~', 17, 5, 5);
INSERT INTO `tasks_historicaltask` VALUES (6, '111', '111', 2, 'pending', '2019-12-08 16:00:00.000000', NULL, 'none', NULL, NULL, 0, 0, '2024-12-09 15:24:35.021758', '2024-12-09 15:53:20.226479', 122, '2024-12-09 15:53:20.229770', NULL, '~', 17, 5, 5);
INSERT INTO `tasks_historicaltask` VALUES (7, '111', '111', 2, 'pending', '2019-12-08 16:00:00.000000', NULL, 'none', NULL, NULL, 0, 0, '2024-12-09 15:24:35.283262', '2024-12-09 15:53:20.769186', 123, '2024-12-09 15:53:20.771580', NULL, '~', 17, 5, 5);
INSERT INTO `tasks_historicaltask` VALUES (7, '111', '111', 2, 'pending', '2019-12-08 16:00:00.000000', NULL, 'none', NULL, NULL, 0, 0, '2024-12-09 15:24:35.283262', '2024-12-09 15:53:21.459862', 124, '2024-12-09 15:53:21.461863', NULL, '~', 17, 5, 5);
INSERT INTO `tasks_historicaltask` VALUES (6, '111', '111', 2, 'pending', '2019-12-08 16:00:00.000000', NULL, 'none', NULL, NULL, 0, 0, '2024-12-09 15:24:35.021758', '2024-12-09 15:53:21.862948', 125, '2024-12-09 15:53:21.864948', NULL, '~', 17, 5, 5);
INSERT INTO `tasks_historicaltask` VALUES (7, '111', '111', 2, 'pending', '2019-12-08 16:00:00.000000', NULL, 'none', NULL, NULL, 0, 0, '2024-12-09 15:24:35.283262', '2024-12-09 15:53:55.644718', 126, '2024-12-09 15:53:55.647743', NULL, '~', 17, 5, 5);
INSERT INTO `tasks_historicaltask` VALUES (6, '111', '111', 2, 'pending', '2019-12-08 16:00:00.000000', NULL, 'none', NULL, NULL, 0, 0, '2024-12-09 15:24:35.021758', '2024-12-09 15:54:12.552585', 127, '2024-12-09 15:54:12.553584', NULL, '~', 17, 5, 5);
INSERT INTO `tasks_historicaltask` VALUES (8, '123', '123', 1, 'pending', '2024-09-08 16:00:00.000000', NULL, 'none', NULL, NULL, 0, 0, '2024-12-09 15:53:06.269996', '2024-12-09 15:54:13.837928', 128, '2024-12-09 15:54:13.850114', NULL, '~', 17, 5, 5);
INSERT INTO `tasks_historicaltask` VALUES (7, '111', '111', 2, 'pending', '2019-12-08 16:00:00.000000', NULL, 'none', NULL, NULL, 0, 0, '2024-12-09 15:24:35.283262', '2024-12-09 15:54:15.334459', 129, '2024-12-09 15:54:15.336458', NULL, '~', 17, 5, 5);
INSERT INTO `tasks_historicaltask` VALUES (6, '111', '111', 2, 'pending', '2019-12-08 16:00:00.000000', NULL, 'none', NULL, NULL, 0, 0, '2024-12-09 15:24:35.021758', '2024-12-09 15:54:16.052261', 130, '2024-12-09 15:54:16.053830', NULL, '~', 17, 5, 5);
INSERT INTO `tasks_historicaltask` VALUES (7, '111', '111', 2, 'pending', '2019-12-08 16:00:00.000000', NULL, 'none', NULL, NULL, 0, 0, '2024-12-09 15:24:35.283262', '2024-12-09 15:54:17.014310', 131, '2024-12-09 15:54:17.018041', NULL, '~', 17, 5, 5);
INSERT INTO `tasks_historicaltask` VALUES (6, '111', '111', 2, 'pending', '2019-12-08 16:00:00.000000', NULL, 'none', NULL, NULL, 0, 0, '2024-12-09 15:24:35.021758', '2024-12-09 15:54:17.760030', 132, '2024-12-09 15:54:17.762035', NULL, '~', 17, 5, 5);
INSERT INTO `tasks_historicaltask` VALUES (8, '123', '123', 1, 'pending', '2024-09-08 16:00:00.000000', NULL, 'none', NULL, NULL, 0, 0, '2024-12-09 15:53:06.269996', '2024-12-09 15:54:18.904888', 133, '2024-12-09 15:54:18.905886', NULL, '~', 17, 5, 5);
INSERT INTO `tasks_historicaltask` VALUES (7, '111', '111', 2, 'pending', '2019-12-08 16:00:00.000000', NULL, 'none', NULL, NULL, 0, 0, '2024-12-09 15:24:35.283262', '2024-12-09 15:54:39.686530', 134, '2024-12-09 15:54:39.692150', NULL, '~', 17, 5, 5);
INSERT INTO `tasks_historicaltask` VALUES (8, '123', '123', 1, 'pending', '2024-09-08 16:00:00.000000', NULL, 'none', NULL, NULL, 0, 0, '2024-12-09 15:53:06.269996', '2024-12-09 15:54:40.403314', 135, '2024-12-09 15:54:40.405666', NULL, '~', 17, 5, 5);
INSERT INTO `tasks_historicaltask` VALUES (6, '111', '111', 2, 'pending', '2019-12-08 16:00:00.000000', NULL, 'none', NULL, NULL, 0, 0, '2024-12-09 15:24:35.021758', '2024-12-09 15:54:42.890456', 136, '2024-12-09 15:54:42.891320', NULL, '~', 17, 5, 5);
INSERT INTO `tasks_historicaltask` VALUES (7, '111', '111', 2, 'pending', '2019-12-08 16:00:00.000000', NULL, 'none', NULL, NULL, 0, 0, '2024-12-09 15:24:35.283262', '2024-12-09 15:54:43.457049', 137, '2024-12-09 15:54:43.458049', NULL, '~', 17, 5, 5);
INSERT INTO `tasks_historicaltask` VALUES (6, '111', '111', 2, 'pending', '2019-12-08 16:00:00.000000', NULL, 'none', NULL, NULL, 0, 0, '2024-12-09 15:24:35.021758', '2024-12-09 15:54:43.922457', 138, '2024-12-09 15:54:43.925120', NULL, '~', 17, 5, 5);
INSERT INTO `tasks_historicaltask` VALUES (8, '123', '123', 1, 'pending', '2024-09-08 16:00:00.000000', NULL, 'none', NULL, NULL, 0, 0, '2024-12-09 15:53:06.269996', '2024-12-09 15:54:44.333304', 139, '2024-12-09 15:54:44.344744', NULL, '~', 17, 5, 5);
INSERT INTO `tasks_historicaltask` VALUES (8, '123', '123', 1, 'pending', '2024-09-08 16:00:00.000000', NULL, 'none', NULL, NULL, 0, 0, '2024-12-09 15:53:06.269996', '2024-12-09 15:57:15.105590', 140, '2024-12-09 15:57:15.111469', NULL, '~', 17, 5, 5);
INSERT INTO `tasks_historicaltask` VALUES (6, '111', '111', 2, 'pending', '2019-12-08 16:00:00.000000', NULL, 'none', NULL, NULL, 0, 0, '2024-12-09 15:24:35.021758', '2024-12-09 15:57:16.472575', 141, '2024-12-09 15:57:16.472575', NULL, '~', 17, 5, 5);
INSERT INTO `tasks_historicaltask` VALUES (7, '111', '111', 2, 'pending', '2019-12-08 16:00:00.000000', NULL, 'none', NULL, NULL, 0, 0, '2024-12-09 15:24:35.283262', '2024-12-09 15:57:17.399597', 142, '2024-12-09 15:57:17.407981', NULL, '~', 17, 5, 5);
INSERT INTO `tasks_historicaltask` VALUES (7, '111', '111', 2, 'pending', '2019-12-08 16:00:00.000000', NULL, 'none', NULL, NULL, 0, 0, '2024-12-09 15:24:35.283262', '2024-12-09 15:57:18.157085', 143, '2024-12-09 15:57:18.159877', NULL, '~', 17, 5, 5);
INSERT INTO `tasks_historicaltask` VALUES (6, '111', '111', 2, 'pending', '2019-12-08 16:00:00.000000', NULL, 'none', NULL, NULL, 0, 0, '2024-12-09 15:24:35.021758', '2024-12-09 15:57:18.733285', 144, '2024-12-09 15:57:18.737683', NULL, '~', 17, 5, 5);
INSERT INTO `tasks_historicaltask` VALUES (8, '123', '123', 1, 'pending', '2024-09-08 16:00:00.000000', NULL, 'none', NULL, NULL, 0, 0, '2024-12-09 15:53:06.269996', '2024-12-09 15:57:19.607624', 145, '2024-12-09 15:57:19.607624', NULL, '~', 17, 5, 5);
INSERT INTO `tasks_historicaltask` VALUES (7, '111', '111', 2, 'pending', '2019-12-08 16:00:00.000000', NULL, 'none', NULL, NULL, 0, 0, '2024-12-09 15:24:35.283262', '2024-12-09 15:57:20.232287', 146, '2024-12-09 15:57:20.236405', NULL, '~', 17, 5, 5);
INSERT INTO `tasks_historicaltask` VALUES (6, '111', '111', 2, 'pending', '2019-12-08 16:00:00.000000', NULL, 'none', NULL, NULL, 0, 0, '2024-12-09 15:24:35.021758', '2024-12-09 15:57:21.047608', 147, '2024-12-09 15:57:21.056380', NULL, '~', 17, 5, 5);
INSERT INTO `tasks_historicaltask` VALUES (8, '123', '123', 1, 'pending', '2024-09-08 16:00:00.000000', NULL, 'none', NULL, NULL, 0, 0, '2024-12-09 15:53:06.269996', '2024-12-09 15:57:21.700659', 148, '2024-12-09 15:57:21.705308', NULL, '~', 17, 5, 5);
INSERT INTO `tasks_historicaltask` VALUES (7, '111', '111', 2, 'pending', '2019-12-08 16:00:00.000000', NULL, 'none', NULL, NULL, 0, 0, '2024-12-09 15:24:35.283262', '2024-12-09 15:57:22.190876', 149, '2024-12-09 15:57:22.194749', NULL, '~', 17, 5, 5);
INSERT INTO `tasks_historicaltask` VALUES (6, '111', '111', 2, 'pending', '2019-12-08 16:00:00.000000', NULL, 'none', NULL, NULL, 0, 0, '2024-12-09 15:24:35.021758', '2024-12-09 15:57:22.854500', 150, '2024-12-09 15:57:22.858036', NULL, '~', 17, 5, 5);
INSERT INTO `tasks_historicaltask` VALUES (8, '123', '123', 1, 'pending', '2024-09-08 16:00:00.000000', NULL, 'none', NULL, NULL, 0, 0, '2024-12-09 15:53:06.269996', '2024-12-09 15:57:23.530095', 151, '2024-12-09 15:57:23.531598', NULL, '~', 17, 5, 5);
INSERT INTO `tasks_historicaltask` VALUES (6, '111', '111', 2, 'pending', '2019-12-08 16:00:00.000000', NULL, 'none', NULL, NULL, 0, 0, '2024-12-09 15:24:35.021758', '2024-12-09 15:57:40.052147', 152, '2024-12-09 15:57:40.057630', NULL, '~', 17, 5, 5);
INSERT INTO `tasks_historicaltask` VALUES (8, '123', '123', 1, 'pending', '2024-09-08 16:00:00.000000', NULL, 'none', NULL, NULL, 0, 0, '2024-12-09 15:53:06.269996', '2024-12-09 15:57:43.901000', 153, '2024-12-09 15:57:43.905920', NULL, '~', 17, 5, 5);
INSERT INTO `tasks_historicaltask` VALUES (8, '123', '123', 1, 'pending', '2024-09-08 16:00:00.000000', NULL, 'none', NULL, NULL, 0, 0, '2024-12-09 15:53:06.269996', '2024-12-09 15:57:46.814670', 154, '2024-12-09 15:57:46.816295', NULL, '~', 17, 5, 5);
INSERT INTO `tasks_historicaltask` VALUES (8, '123', '123', 1, 'pending', '2024-09-08 16:00:00.000000', NULL, 'none', NULL, NULL, 0, 0, '2024-12-09 15:53:06.269996', '2024-12-09 15:58:01.383072', 155, '2024-12-09 15:58:01.387777', NULL, '~', 17, 5, 5);
INSERT INTO `tasks_historicaltask` VALUES (6, '111', '111', 2, 'pending', '2019-12-08 16:00:00.000000', NULL, 'none', NULL, NULL, 0, 0, '2024-12-09 15:24:35.021758', '2024-12-09 15:58:02.729934', 156, '2024-12-09 15:58:02.734787', NULL, '~', 17, 5, 5);
INSERT INTO `tasks_historicaltask` VALUES (7, '111', '111', 2, 'pending', '2019-12-08 16:00:00.000000', NULL, 'none', NULL, NULL, 0, 0, '2024-12-09 15:24:35.283262', '2024-12-09 16:00:04.190515', 157, '2024-12-09 16:00:04.191515', NULL, '~', 17, 5, 5);
INSERT INTO `tasks_historicaltask` VALUES (8, '123', '123', 1, 'pending', '2024-09-08 16:00:00.000000', NULL, 'none', NULL, NULL, 0, 0, '2024-12-09 15:53:06.269996', '2024-12-09 16:01:12.377824', 158, '2024-12-09 16:01:12.378887', NULL, '~', 17, 5, 5);
INSERT INTO `tasks_historicaltask` VALUES (7, '111', '111', 2, 'completed', '2019-12-08 16:00:00.000000', NULL, 'none', NULL, NULL, 0, 0, '2024-12-09 15:24:35.283262', '2024-12-09 16:05:23.458138', 159, '2024-12-09 16:05:23.460647', NULL, '~', 17, 5, 5);
INSERT INTO `tasks_historicaltask` VALUES (8, '123', '123', 1, 'completed', '2024-09-08 16:00:00.000000', NULL, 'none', NULL, NULL, 0, 0, '2024-12-09 15:53:06.269996', '2024-12-09 16:05:25.242794', 160, '2024-12-09 16:05:25.244795', NULL, '~', 17, 5, 5);
INSERT INTO `tasks_historicaltask` VALUES (7, '111', '111', 2, 'completed', '2019-12-08 16:00:00.000000', NULL, 'none', NULL, NULL, 0, 0, '2024-12-09 15:24:35.283262', '2024-12-09 16:05:46.104380', 161, '2024-12-09 16:05:46.108909', NULL, '~', 17, 5, 5);
INSERT INTO `tasks_historicaltask` VALUES (8, '123', '123', 1, 'completed', '2024-09-08 16:00:00.000000', NULL, 'none', NULL, NULL, 0, 0, '2024-12-09 15:53:06.269996', '2024-12-09 16:05:46.823261', 162, '2024-12-09 16:05:46.827681', NULL, '~', 17, 5, 5);
INSERT INTO `tasks_historicaltask` VALUES (7, '111', '111', 2, 'pending', '2019-12-08 16:00:00.000000', NULL, 'none', NULL, NULL, 0, 0, '2024-12-09 15:24:35.283262', '2024-12-09 16:09:16.324756', 163, '2024-12-09 16:09:16.328327', NULL, '~', 17, 5, 5);
INSERT INTO `tasks_historicaltask` VALUES (6, '111', '111', 2, 'completed', '2019-12-08 16:00:00.000000', NULL, 'none', NULL, NULL, 0, 0, '2024-12-09 15:24:35.021758', '2024-12-09 16:19:13.932055', 164, '2024-12-09 16:19:13.934033', NULL, '~', 17, 5, 5);
INSERT INTO `tasks_historicaltask` VALUES (9, '123', '1231', 2, 'pending', '2024-12-09 16:00:00.000000', NULL, 'none', NULL, NULL, 0, 0, '2024-12-10 02:54:29.157154', '2024-12-10 02:54:29.157154', 165, '2024-12-10 02:54:29.161032', NULL, '+', 2, 1, 1);
INSERT INTO `tasks_historicaltask` VALUES (10, '111', '111', 1, 'pending', '2024-12-09 16:00:00.000000', NULL, 'none', NULL, NULL, 0, 0, '2024-12-10 03:18:00.778579', '2024-12-10 03:18:00.778579', 166, '2024-12-10 03:18:00.779576', NULL, '+', 2, 1, 1);
INSERT INTO `tasks_historicaltask` VALUES (11, '11', '11', 3, 'pending', '2024-10-09 16:00:00.000000', NULL, 'none', NULL, NULL, 0, 0, '2024-12-10 03:21:03.632105', '2024-12-10 03:21:03.632105', 167, '2024-12-10 03:21:03.636172', NULL, '+', 6, 1, 1);
INSERT INTO `tasks_historicaltask` VALUES (12, '1212', '1212', 2, 'pending', '2024-12-09 16:00:00.000000', NULL, 'none', NULL, NULL, 0, 0, '2024-12-10 03:35:13.115299', '2024-12-10 03:35:13.115299', 168, '2024-12-10 03:35:13.119523', NULL, '+', 2, 1, 1);
INSERT INTO `tasks_historicaltask` VALUES (13, '1212', '1212', 2, 'pending', '2024-12-09 16:00:00.000000', NULL, 'none', NULL, NULL, 0, 0, '2024-12-10 03:35:18.837592', '2024-12-10 03:35:18.837592', 169, '2024-12-10 03:35:18.841794', NULL, '+', 2, 1, 1);
INSERT INTO `tasks_historicaltask` VALUES (14, '1212', '1212', 2, 'pending', '2024-12-09 16:00:00.000000', NULL, 'none', NULL, NULL, 0, 0, '2024-12-10 03:35:40.153541', '2024-12-10 03:35:40.153541', 170, '2024-12-10 03:35:40.154534', NULL, '+', 2, 1, 1);
INSERT INTO `tasks_historicaltask` VALUES (15, '11', '11', 3, 'pending', '2024-12-09 16:00:00.000000', NULL, 'none', NULL, NULL, 0, 0, '2024-12-10 03:44:22.020531', '2024-12-10 03:44:22.020531', 171, '2024-12-10 03:44:22.033151', NULL, '+', 11, 1, 1);
INSERT INTO `tasks_historicaltask` VALUES (11, '11', '11', 3, 'completed', '2024-10-09 16:00:00.000000', NULL, 'none', NULL, NULL, 0, 0, '2024-12-10 03:21:03.632105', '2024-12-10 06:38:01.787128', 172, '2024-12-10 06:38:01.790695', NULL, '~', 6, 1, 1);
INSERT INTO `tasks_historicaltask` VALUES (15, '11', '11', 3, 'completed', '2024-12-09 16:00:00.000000', NULL, 'none', NULL, NULL, 0, 0, '2024-12-10 03:44:22.020531', '2024-12-10 06:38:05.000363', 173, '2024-12-10 06:38:05.001878', NULL, '~', 11, 1, 1);
INSERT INTO `tasks_historicaltask` VALUES (14, '1212', '1212', 2, 'completed', '2024-12-09 16:00:00.000000', NULL, 'none', NULL, NULL, 0, 0, '2024-12-10 03:35:40.153541', '2024-12-10 06:38:06.232179', 174, '2024-12-10 06:38:06.236883', NULL, '~', 2, 1, 1);
INSERT INTO `tasks_historicaltask` VALUES (13, '1212', '1212', 2, 'completed', '2024-12-09 16:00:00.000000', NULL, 'none', NULL, NULL, 0, 0, '2024-12-10 03:35:18.837592', '2024-12-10 06:38:06.696549', 175, '2024-12-10 06:38:06.698814', NULL, '~', 2, 1, 1);
INSERT INTO `tasks_historicaltask` VALUES (12, '1212', '1212', 2, 'completed', '2024-12-09 16:00:00.000000', NULL, 'none', NULL, NULL, 0, 0, '2024-12-10 03:35:13.115299', '2024-12-10 06:38:07.191956', 176, '2024-12-10 06:38:07.193767', NULL, '~', 2, 1, 1);
INSERT INTO `tasks_historicaltask` VALUES (9, '123', '1231', 2, 'completed', '2024-12-09 16:00:00.000000', NULL, 'none', NULL, NULL, 0, 0, '2024-12-10 02:54:29.157154', '2024-12-10 06:38:07.640708', 177, '2024-12-10 06:38:07.643826', NULL, '~', 2, 1, 1);
INSERT INTO `tasks_historicaltask` VALUES (5, '11', '11', 2, 'completed', '2024-12-20 16:00:00.000000', NULL, 'none', NULL, NULL, 0, 0, '2024-12-09 14:41:50.760126', '2024-12-10 06:38:08.057980', 178, '2024-12-10 06:38:08.059316', NULL, '~', 2, 1, 1);
INSERT INTO `tasks_historicaltask` VALUES (16, '', '', 1, 'pending', '2024-11-09 16:00:00.000000', NULL, 'none', NULL, NULL, 0, 0, '2024-12-10 12:29:00.326191', '2024-12-10 12:29:00.326191', 179, '2024-12-10 12:29:00.327189', NULL, '+', 2, 1, 1);
INSERT INTO `tasks_historicaltask` VALUES (17, 'fff', 'dff', 3, 'pending', '2024-06-09 16:00:00.000000', NULL, 'none', NULL, NULL, 0, 0, '2024-12-10 12:29:30.723174', '2024-12-10 12:29:30.723174', 180, '2024-12-10 12:29:30.725173', NULL, '+', 10, 1, 1);
INSERT INTO `tasks_historicaltask` VALUES (18, 'fwef', 'fsdfasdf', 3, 'pending', '2024-12-09 16:00:00.000000', NULL, 'none', NULL, NULL, 0, 0, '2024-12-10 12:46:58.801049', '2024-12-10 12:46:58.801049', 181, '2024-12-10 12:46:58.805882', NULL, '+', 8, 1, 1);
INSERT INTO `tasks_historicaltask` VALUES (19, '111', '123123', 1, 'pending', '2024-12-10 16:00:00.000000', NULL, 'none', NULL, NULL, 0, 0, '2024-12-11 15:11:12.818260', '2024-12-11 15:11:12.818275', 182, '2024-12-11 15:11:12.820387', NULL, '+', 2, 1, 1);
INSERT INTO `tasks_historicaltask` VALUES (20, '111', '123123', 1, 'pending', '2024-12-10 16:00:00.000000', NULL, 'none', NULL, NULL, 0, 0, '2024-12-11 15:11:12.835056', '2024-12-11 15:11:12.835068', 183, '2024-12-11 15:11:12.836518', NULL, '+', 2, 1, 1);
INSERT INTO `tasks_historicaltask` VALUES (21, '123123123', '123123123', 1, 'pending', '2024-12-10 16:00:00.000000', NULL, 'none', NULL, NULL, 0, 0, '2024-12-11 15:11:48.625430', '2024-12-11 15:11:48.625446', 184, '2024-12-11 15:11:48.627379', NULL, '+', 2, 1, 1);
INSERT INTO `tasks_historicaltask` VALUES (22, '123123123', '123123123', 1, 'pending', '2024-12-10 16:00:00.000000', NULL, 'none', NULL, NULL, 0, 0, '2024-12-11 15:11:48.642049', '2024-12-11 15:11:48.642062', 185, '2024-12-11 15:11:48.643493', NULL, '+', 2, 1, 1);
INSERT INTO `tasks_historicaltask` VALUES (23, '1112312312312', '123123', 1, 'pending', '2024-12-10 16:00:00.000000', NULL, 'none', NULL, NULL, 0, 0, '2024-12-11 15:21:07.280281', '2024-12-11 15:21:07.280292', 186, '2024-12-11 15:21:07.282451', NULL, '+', 2, 1, 1);
INSERT INTO `tasks_historicaltask` VALUES (24, '111111111111111111', '111111111111111111111', 1, 'pending', '2024-12-10 16:00:00.000000', NULL, 'none', NULL, NULL, 0, 0, '2024-12-11 15:21:55.067570', '2024-12-11 15:21:55.067577', 187, '2024-12-11 15:21:55.069588', NULL, '+', 2, 1, 1);
INSERT INTO `tasks_historicaltask` VALUES (25, '22222222222222', '2222222222222222222222222222', 1, 'pending', '2024-12-10 16:00:00.000000', NULL, 'none', NULL, NULL, 0, 0, '2024-12-11 15:22:12.591329', '2024-12-11 15:22:12.591336', 188, '2024-12-11 15:22:12.593249', NULL, '+', 2, 1, 1);
INSERT INTO `tasks_historicaltask` VALUES (26, '', '1', 1, 'pending', '2024-12-10 16:00:00.000000', NULL, 'none', NULL, NULL, 0, 0, '2024-12-11 15:22:31.323415', '2024-12-11 15:22:31.323422', 189, '2024-12-11 15:22:31.326037', NULL, '+', 2, 1, 1);
INSERT INTO `tasks_historicaltask` VALUES (26, '', '1', 1, 'completed', '2024-12-10 16:00:00.000000', NULL, 'none', NULL, NULL, 0, 0, '2024-12-11 15:22:31.323415', '2024-12-12 04:12:59.478204', 190, '2024-12-12 04:12:59.490305', NULL, '~', 2, 1, 1);
INSERT INTO `tasks_historicaltask` VALUES (22, '123123123', '123123123', 1, 'completed', '2024-12-10 16:00:00.000000', NULL, 'none', NULL, NULL, 0, 0, '2024-12-11 15:11:48.642049', '2024-12-12 04:13:03.133022', 191, '2024-12-12 04:13:03.134723', NULL, '~', 2, 1, 1);
INSERT INTO `tasks_historicaltask` VALUES (20, '111', '123123', 1, 'completed', '2024-12-10 16:00:00.000000', NULL, 'none', NULL, NULL, 0, 0, '2024-12-11 15:11:12.835056', '2024-12-12 04:13:05.907712', 192, '2024-12-12 04:13:05.910122', NULL, '~', 2, 1, 1);
INSERT INTO `tasks_historicaltask` VALUES (21, '123123123', '123123123', 1, 'completed', '2024-12-10 16:00:00.000000', NULL, 'none', NULL, NULL, 0, 0, '2024-12-11 15:11:48.625430', '2024-12-12 04:13:08.012880', 193, '2024-12-12 04:13:08.015977', NULL, '~', 2, 1, 1);
INSERT INTO `tasks_historicaltask` VALUES (23, '1112312312312', '123123', 1, 'completed', '2024-12-10 16:00:00.000000', NULL, 'none', NULL, NULL, 0, 0, '2024-12-11 15:21:07.280281', '2024-12-12 04:13:09.132722', 194, '2024-12-12 04:13:09.135343', NULL, '~', 2, 1, 1);
INSERT INTO `tasks_historicaltask` VALUES (24, '111111111111111111', '111111111111111111111', 1, 'completed', '2024-12-10 16:00:00.000000', NULL, 'none', NULL, NULL, 0, 0, '2024-12-11 15:21:55.067570', '2024-12-12 04:13:10.516253', 195, '2024-12-12 04:13:10.518672', NULL, '~', 2, 1, 1);
INSERT INTO `tasks_historicaltask` VALUES (25, '22222222222222', '2222222222222222222222222222', 1, 'completed', '2024-12-10 16:00:00.000000', NULL, 'none', NULL, NULL, 0, 0, '2024-12-11 15:22:12.591329', '2024-12-12 04:13:11.485318', 196, '2024-12-12 04:13:11.487510', NULL, '~', 2, 1, 1);
INSERT INTO `tasks_historicaltask` VALUES (19, '111', '123123', 1, 'completed', '2024-12-10 16:00:00.000000', NULL, 'none', NULL, NULL, 0, 0, '2024-12-11 15:11:12.818260', '2024-12-12 04:13:21.114653', 197, '2024-12-12 04:13:21.116791', NULL, '~', 2, 1, 1);
INSERT INTO `tasks_historicaltask` VALUES (18, 'fwef', 'fsdfasdf', 3, 'completed', '2024-12-09 16:00:00.000000', NULL, 'none', NULL, NULL, 0, 0, '2024-12-10 12:46:58.801049', '2024-12-12 04:13:27.612198', 198, '2024-12-12 04:13:27.614930', NULL, '~', 8, 1, 1);
INSERT INTO `tasks_historicaltask` VALUES (19, '111', '123123', 1, 'pending', '2024-12-10 16:00:00.000000', NULL, 'none', NULL, NULL, 0, 0, '2024-12-11 15:11:12.818260', '2024-12-12 04:13:32.235036', 199, '2024-12-12 04:13:32.237217', NULL, '~', 2, 1, 1);
INSERT INTO `tasks_historicaltask` VALUES (19, '111', '123123', 1, 'completed', '2024-12-10 16:00:00.000000', NULL, 'none', NULL, NULL, 0, 0, '2024-12-11 15:11:12.818260', '2024-12-12 04:44:39.964468', 200, '2024-12-12 04:44:39.966927', NULL, '~', 2, 1, 1);
INSERT INTO `tasks_historicaltask` VALUES (17, 'fff', 'dff', 3, 'completed', '2024-06-09 16:00:00.000000', NULL, 'none', NULL, NULL, 0, 0, '2024-12-10 12:29:30.723174', '2024-12-13 05:05:51.722297', 201, '2024-12-13 05:05:51.724961', NULL, '~', 10, 1, 1);
INSERT INTO `tasks_historicaltask` VALUES (25, '22222222222222', '2222222222222222222222222222', 1, 'pending', '2024-12-10 16:00:00.000000', NULL, 'none', NULL, NULL, 0, 0, '2024-12-11 15:22:12.591329', '2024-12-13 05:05:54.965815', 202, '2024-12-13 05:05:54.968505', NULL, '~', 2, 1, 1);
INSERT INTO `tasks_historicaltask` VALUES (24, '111111111111111111', '111111111111111111111', 1, 'pending', '2024-12-10 16:00:00.000000', NULL, 'none', NULL, NULL, 0, 0, '2024-12-11 15:21:55.067570', '2024-12-13 05:05:56.387497', 203, '2024-12-13 05:05:56.390521', NULL, '~', 2, 1, 1);
INSERT INTO `tasks_historicaltask` VALUES (23, '1112312312312', '123123', 1, 'pending', '2024-12-10 16:00:00.000000', NULL, 'none', NULL, NULL, 0, 0, '2024-12-11 15:21:07.280281', '2024-12-13 05:05:57.148458', 204, '2024-12-13 05:05:57.150462', NULL, '~', 2, 1, 1);
INSERT INTO `tasks_historicaltask` VALUES (22, '123123123', '123123123', 1, 'pending', '2024-12-10 16:00:00.000000', NULL, 'none', NULL, NULL, 0, 0, '2024-12-11 15:11:48.642049', '2024-12-13 05:05:58.027296', 205, '2024-12-13 05:05:58.033316', NULL, '~', 2, 1, 1);
INSERT INTO `tasks_historicaltask` VALUES (21, '123123123', '123123123', 1, 'pending', '2024-12-10 16:00:00.000000', NULL, 'none', NULL, NULL, 0, 0, '2024-12-11 15:11:48.625430', '2024-12-13 05:05:58.892392', 206, '2024-12-13 05:05:58.894477', NULL, '~', 2, 1, 1);
INSERT INTO `tasks_historicaltask` VALUES (20, '111', '123123', 1, 'pending', '2024-12-10 16:00:00.000000', NULL, 'none', NULL, NULL, 0, 0, '2024-12-11 15:11:12.835056', '2024-12-13 05:06:00.384861', 207, '2024-12-13 05:06:00.389027', NULL, '~', 2, 1, 1);
INSERT INTO `tasks_historicaltask` VALUES (25, '22222222222222', '2222222222222222222222222222', 1, 'completed', '2024-12-10 16:00:00.000000', NULL, 'none', NULL, NULL, 0, 0, '2024-12-11 15:22:12.591329', '2024-12-13 07:37:55.634637', 208, '2024-12-13 07:37:55.637361', NULL, '~', 2, 1, 1);
INSERT INTO `tasks_historicaltask` VALUES (23, '1112312312312', '123123', 1, 'completed', '2024-12-10 16:00:00.000000', NULL, 'none', NULL, NULL, 0, 0, '2024-12-11 15:21:07.280281', '2024-12-13 07:37:56.370667', 209, '2024-12-13 07:37:56.372639', NULL, '~', 2, 1, 1);
INSERT INTO `tasks_historicaltask` VALUES (24, '111111111111111111', '111111111111111111111', 1, 'completed', '2024-12-10 16:00:00.000000', NULL, 'none', NULL, NULL, 0, 0, '2024-12-11 15:21:55.067570', '2024-12-13 07:37:56.880409', 210, '2024-12-13 07:37:56.882392', NULL, '~', 2, 1, 1);
INSERT INTO `tasks_historicaltask` VALUES (21, '123123123', '123123123', 1, 'completed', '2024-12-10 16:00:00.000000', NULL, 'none', NULL, NULL, 0, 0, '2024-12-11 15:11:48.625430', '2024-12-13 07:37:57.538626', 211, '2024-12-13 07:37:57.540677', NULL, '~', 2, 1, 1);
INSERT INTO `tasks_historicaltask` VALUES (22, '123123123', '123123123', 1, 'completed', '2024-12-10 16:00:00.000000', NULL, 'none', NULL, NULL, 0, 0, '2024-12-11 15:11:48.642049', '2024-12-13 07:38:01.649371', 212, '2024-12-13 07:38:01.652048', NULL, '~', 2, 1, 1);
INSERT INTO `tasks_historicaltask` VALUES (20, '111', '123123', 1, 'completed', '2024-12-10 16:00:00.000000', NULL, 'none', NULL, NULL, 0, 0, '2024-12-11 15:11:12.835056', '2024-12-13 12:35:07.732099', 213, '2024-12-13 12:35:07.734308', NULL, '~', 2, 1, 1);
INSERT INTO `tasks_historicaltask` VALUES (22, '123123123', '123123123', 1, 'pending', '2024-12-10 16:00:00.000000', NULL, 'none', NULL, NULL, 0, 0, '2024-12-11 15:11:48.642049', '2024-12-13 12:41:06.690162', 214, '2024-12-13 12:41:06.692791', NULL, '~', 2, 1, 1);
INSERT INTO `tasks_historicaltask` VALUES (24, '111111111111111111', '111111111111111111111', 1, 'pending', '2024-12-10 16:00:00.000000', NULL, 'none', NULL, NULL, 0, 0, '2024-12-11 15:21:55.067570', '2024-12-13 12:41:07.407587', 215, '2024-12-13 12:41:07.409739', NULL, '~', 2, 1, 1);
INSERT INTO `tasks_historicaltask` VALUES (25, '22222222222222', '2222222222222222222222222222', 1, 'pending', '2024-12-10 16:00:00.000000', NULL, 'none', NULL, NULL, 0, 0, '2024-12-11 15:22:12.591329', '2024-12-13 12:41:08.091382', 216, '2024-12-13 12:41:08.093768', NULL, '~', 2, 1, 1);
INSERT INTO `tasks_historicaltask` VALUES (26, '', '1', 1, 'pending', '2024-12-10 16:00:00.000000', NULL, 'none', NULL, NULL, 0, 0, '2024-12-11 15:22:31.323415', '2024-12-13 12:41:08.351760', 217, '2024-12-13 12:41:08.353505', NULL, '~', 2, 1, 1);
INSERT INTO `tasks_historicaltask` VALUES (26, '', '1', 1, 'completed', '2024-12-10 16:00:00.000000', NULL, 'none', NULL, NULL, 0, 0, '2024-12-11 15:22:31.323415', '2024-12-13 12:41:08.564902', 218, '2024-12-13 12:41:08.566560', NULL, '~', 2, 1, 1);
INSERT INTO `tasks_historicaltask` VALUES (22, '123123123', '123123123', 1, 'completed', '2024-12-10 16:00:00.000000', NULL, 'none', NULL, NULL, 0, 0, '2024-12-11 15:11:48.642049', '2024-12-13 13:00:28.874435', 219, '2024-12-13 13:00:28.877555', NULL, '~', 2, 1, 1);
INSERT INTO `tasks_historicaltask` VALUES (24, '111111111111111111', '111111111111111111111', 1, 'completed', '2024-12-10 16:00:00.000000', NULL, 'none', NULL, NULL, 0, 0, '2024-12-11 15:21:55.067570', '2024-12-13 13:00:29.457615', 220, '2024-12-13 13:00:29.459920', NULL, '~', 2, 1, 1);
INSERT INTO `tasks_historicaltask` VALUES (22, '123123123', '123123123', 1, 'pending', '2024-12-10 16:00:00.000000', NULL, 'none', NULL, NULL, 0, 0, '2024-12-11 15:11:48.642049', '2024-12-13 13:00:34.057685', 221, '2024-12-13 13:00:34.060474', NULL, '~', 2, 1, 1);
INSERT INTO `tasks_historicaltask` VALUES (26, '', '1', 1, 'pending', '2024-12-10 16:00:00.000000', NULL, 'none', NULL, NULL, 0, 0, '2024-12-11 15:22:31.323415', '2024-12-13 13:00:34.423701', 222, '2024-12-13 13:00:34.425543', NULL, '~', 2, 1, 1);
INSERT INTO `tasks_historicaltask` VALUES (26, '', '1', 1, 'completed', '2024-12-10 16:00:00.000000', NULL, 'none', NULL, NULL, 0, 0, '2024-12-11 15:22:31.323415', '2024-12-13 15:24:18.806013', 223, '2024-12-13 15:24:18.808819', NULL, '~', 2, 1, 1);
INSERT INTO `tasks_historicaltask` VALUES (25, '22222222222222', '2222222222222222222222222222', 1, 'completed', '2024-12-10 16:00:00.000000', NULL, 'none', NULL, NULL, 0, 0, '2024-12-11 15:22:12.591329', '2024-12-13 15:24:19.623571', 224, '2024-12-13 15:24:19.626061', NULL, '~', 2, 1, 1);
INSERT INTO `tasks_historicaltask` VALUES (22, '123123123', '123123123', 1, 'completed', '2024-12-10 16:00:00.000000', NULL, 'none', NULL, NULL, 0, 0, '2024-12-11 15:11:48.642049', '2024-12-13 15:24:20.397928', 225, '2024-12-13 15:24:20.399681', NULL, '~', 2, 1, 1);
INSERT INTO `tasks_historicaltask` VALUES (22, '123123123', '123123123', 1, 'pending', '2024-12-10 16:00:00.000000', NULL, 'none', NULL, NULL, 0, 0, '2024-12-11 15:11:48.642049', '2024-12-13 15:24:21.005085', 226, '2024-12-13 15:24:21.007046', NULL, '~', 2, 1, 1);
INSERT INTO `tasks_historicaltask` VALUES (27, '231231231231231233', '1231231231', 3, 'pending', '2029-12-13 16:00:00.000000', NULL, 'none', NULL, NULL, 0, 0, '2024-12-14 03:56:36.473967', '2024-12-14 03:56:36.473975', 227, '2024-12-14 03:56:36.485809', NULL, '+', 11, 1, 1);
INSERT INTO `tasks_historicaltask` VALUES (27, '231231231231231233', '1231231231', 3, 'completed', '2029-12-13 16:00:00.000000', NULL, 'none', NULL, NULL, 0, 0, '2024-12-14 03:56:36.473967', '2024-12-14 05:10:21.808081', 228, '2024-12-14 05:10:21.810716', NULL, '~', 11, 1, 1);
INSERT INTO `tasks_historicaltask` VALUES (22, '123123123', '123123123', 1, 'pending', '2024-12-10 16:00:00.000000', NULL, 'none', NULL, NULL, 0, 0, '2024-12-11 15:11:48.642049', '2024-12-13 15:24:21.005085', 229, '2024-12-14 08:32:00.350377', NULL, '-', 2, 1, 1);
INSERT INTO `tasks_historicaltask` VALUES (27, '231231231231231233', '1231231231', 3, 'completed', '2029-12-13 16:00:00.000000', NULL, 'none', NULL, NULL, 0, 0, '2024-12-14 03:56:36.473967', '2024-12-14 05:10:21.808081', 230, '2024-12-14 08:37:00.387861', NULL, '-', 11, 1, 1);
INSERT INTO `tasks_historicaltask` VALUES (24, '111111111111111111', '111111111111111111111', 1, 'completed', '2024-12-10 16:00:00.000000', NULL, 'none', NULL, NULL, 0, 0, '2024-12-11 15:21:55.067570', '2024-12-13 13:00:29.457615', 231, '2024-12-14 08:39:00.180835', NULL, '-', 2, 1, 1);
INSERT INTO `tasks_historicaltask` VALUES (26, '', '1', 1, 'completed', '2024-12-10 16:00:00.000000', NULL, 'none', NULL, NULL, 0, 0, '2024-12-11 15:22:31.323415', '2024-12-13 15:24:18.806013', 232, '2024-12-14 08:39:11.507377', NULL, '-', 2, 1, 1);
INSERT INTO `tasks_historicaltask` VALUES (16, '111', '1111', 1, 'pending', '2024-11-09 16:00:00.000000', NULL, 'none', NULL, NULL, 0, 0, '2024-12-10 12:29:00.326191', '2024-12-14 08:44:34.219959', 233, '2024-12-14 08:44:34.222595', NULL, '~', 2, 1, 1);
INSERT INTO `tasks_historicaltask` VALUES (25, '22222222222222111111111111111111', '2222222222222222222222222222', 1, 'completed', '2024-12-10 16:00:00.000000', NULL, 'none', NULL, NULL, 0, 0, '2024-12-11 15:22:12.591329', '2024-12-14 08:46:40.534177', 234, '2024-12-14 08:46:40.536500', NULL, '~', 2, 1, 1);
INSERT INTO `tasks_historicaltask` VALUES (16, '111', '1111', 3, 'pending', '2024-11-04 16:00:00.000000', NULL, 'none', NULL, NULL, 0, 0, '2024-12-10 12:29:00.326191', '2024-12-14 13:28:00.963642', 235, '2024-12-14 13:28:00.966228', NULL, '~', 2, 1, 1);
INSERT INTO `tasks_historicaltask` VALUES (16, '111', '1111', 3, 'completed', '2024-11-04 16:00:00.000000', NULL, 'none', NULL, NULL, 0, 0, '2024-12-10 12:29:00.326191', '2024-12-14 13:28:08.106312', 236, '2024-12-14 13:28:08.108510', NULL, '~', 2, 1, 1);
INSERT INTO `tasks_historicaltask` VALUES (23, '1112312312312', '123123', 1, 'pending', '2024-12-10 16:00:00.000000', NULL, 'none', NULL, NULL, 0, 0, '2024-12-11 15:21:07.280281', '2024-12-14 13:44:18.698909', 237, '2024-12-14 13:44:18.701168', NULL, '~', 2, 1, 1);
INSERT INTO `tasks_historicaltask` VALUES (10, '111', '111', 1, 'completed', '2024-12-09 16:00:00.000000', NULL, 'none', NULL, NULL, 0, 0, '2024-12-10 03:18:00.778579', '2024-12-15 14:23:11.779219', 238, '2024-12-15 14:23:11.782466', NULL, '~', 2, 1, 1);
INSERT INTO `tasks_historicaltask` VALUES (23, '1112312312312', '123123', 1, 'completed', '2024-12-10 16:00:00.000000', NULL, 'none', NULL, NULL, 0, 0, '2024-12-11 15:21:07.280281', '2024-12-15 14:23:12.340951', 239, '2024-12-15 14:23:12.345051', NULL, '~', 2, 1, 1);
INSERT INTO `tasks_historicaltask` VALUES (5, '11121123123', '11', 2, 'completed', '2024-12-20 16:00:00.000000', NULL, 'none', NULL, NULL, 0, 0, '2024-12-09 14:41:50.760126', '2024-12-15 14:25:44.008134', 240, '2024-12-15 14:25:44.010755', NULL, '~', 2, 1, 1);
INSERT INTO `tasks_historicaltask` VALUES (28, '1231231', '123123', 3, 'pending', '2024-12-16 16:00:00.000000', NULL, 'none', NULL, NULL, 0, 0, '2024-12-16 12:22:47.287819', '2024-12-16 12:22:47.287834', 241, '2024-12-16 12:22:47.293828', NULL, '+', 7, 1, 1);
INSERT INTO `tasks_historicaltask` VALUES (29, '123', '123123', 3, 'pending', '2024-12-26 16:00:00.000000', NULL, 'none', NULL, NULL, 0, 0, '2024-12-16 12:23:19.737223', '2024-12-16 12:23:19.737237', 242, '2024-12-16 12:23:19.741347', NULL, '+', 12, 1, 1);
INSERT INTO `tasks_historicaltask` VALUES (30, '111111111111', '111111111111111111111111', 3, 'pending', '2024-12-23 16:00:00.000000', NULL, 'none', NULL, NULL, 0, 0, '2024-12-16 12:35:20.651434', '2024-12-16 12:35:20.651457', 243, '2024-12-16 12:35:20.653511', NULL, '+', 2, 1, 1);
INSERT INTO `tasks_historicaltask` VALUES (31, '11', '111', 3, 'pending', '2024-12-30 16:00:00.000000', NULL, 'none', NULL, NULL, 0, 0, '2024-12-16 12:36:12.787256', '2024-12-16 12:36:12.787269', 244, '2024-12-16 12:36:12.789020', NULL, '+', 9, 1, 1);
INSERT INTO `tasks_historicaltask` VALUES (32, '111111111111', '111111111111111111111111111', 1, 'pending', '2024-12-30 16:00:00.000000', NULL, 'none', NULL, NULL, 0, 0, '2024-12-16 12:37:44.176170', '2024-12-16 12:37:44.176183', 245, '2024-12-16 12:37:44.178605', NULL, '+', 2, 1, 1);
INSERT INTO `tasks_historicaltask` VALUES (33, '2222', '22222222222222222222', 1, 'pending', '2025-12-15 16:00:00.000000', NULL, 'none', NULL, NULL, 0, 0, '2024-12-16 12:38:56.086345', '2024-12-16 12:38:56.086357', 246, '2024-12-16 12:38:56.089296', NULL, '+', 2, 1, 1);
INSERT INTO `tasks_historicaltask` VALUES (34, '1231', '23123123', 1, 'pending', '2025-12-15 16:00:00.000000', NULL, 'none', NULL, NULL, 0, 0, '2024-12-16 12:40:40.846858', '2024-12-16 12:40:40.846881', 247, '2024-12-16 12:40:40.848993', NULL, '+', 2, 1, 1);
INSERT INTO `tasks_historicaltask` VALUES (35, '', '', 1, 'pending', '2024-12-15 16:00:00.000000', NULL, 'none', NULL, NULL, 0, 0, '2024-12-16 12:41:38.642520', '2024-12-16 12:41:38.642544', 248, '2024-12-16 12:41:38.645256', NULL, '+', 9, 1, 1);
INSERT INTO `tasks_historicaltask` VALUES (36, '1231', '23123', 1, 'pending', '2024-12-30 16:00:00.000000', NULL, 'none', NULL, NULL, 0, 0, '2024-12-16 12:42:15.955905', '2024-12-16 12:42:15.955917', 249, '2024-12-16 12:42:15.957959', NULL, '+', 2, 1, 1);
INSERT INTO `tasks_historicaltask` VALUES (37, '12', '123', 3, 'pending', '2024-12-18 16:00:00.000000', NULL, 'none', NULL, NULL, 0, 0, '2024-12-16 12:43:24.122756', '2024-12-16 12:43:24.122769', 250, '2024-12-16 12:43:24.124728', NULL, '+', 2, 1, 1);
INSERT INTO `tasks_historicaltask` VALUES (38, '123123123', '1231231', 1, 'pending', '2024-12-30 16:00:00.000000', NULL, 'none', NULL, NULL, 0, 0, '2024-12-16 12:51:11.128705', '2024-12-16 12:51:11.128717', 251, '2024-12-16 12:51:11.130516', NULL, '+', 2, 1, 1);
INSERT INTO `tasks_historicaltask` VALUES (39, '13231', '231 12', 1, 'pending', '2025-12-15 16:00:00.000000', NULL, 'none', NULL, NULL, 0, 0, '2024-12-16 12:54:30.408086', '2024-12-16 12:54:30.408099', 252, '2024-12-16 12:54:30.410099', NULL, '+', 2, 1, 1);
INSERT INTO `tasks_historicaltask` VALUES (28, '1231231', '123123', 3, 'pending', '2024-12-16 16:00:00.000000', NULL, 'none', NULL, NULL, 0, 0, '2024-12-16 12:22:47.287819', '2024-12-16 12:22:47.287834', 253, '2024-12-16 12:56:36.901125', NULL, '-', 7, 1, 1);
INSERT INTO `tasks_historicaltask` VALUES (35, '', '', 1, 'completed', '2024-12-15 16:00:00.000000', NULL, 'none', NULL, NULL, 0, 0, '2024-12-16 12:41:38.642520', '2024-12-17 12:04:42.114420', 254, '2024-12-17 12:04:42.117459', NULL, '~', 9, 1, 1);
INSERT INTO `tasks_historicaltask` VALUES (36, '1231', '23123', 1, 'completed', '2024-12-30 16:00:00.000000', NULL, 'none', NULL, NULL, 0, 0, '2024-12-16 12:42:15.955905', '2024-12-17 12:04:43.174682', 255, '2024-12-17 12:04:43.176817', NULL, '~', 2, 1, 1);
INSERT INTO `tasks_historicaltask` VALUES (33, '2222', '22222222222222222222', 1, 'completed', '2025-12-15 16:00:00.000000', NULL, 'none', NULL, NULL, 0, 0, '2024-12-16 12:38:56.086345', '2024-12-17 12:04:46.956749', 256, '2024-12-17 12:04:46.959397', NULL, '~', 2, 1, 1);
INSERT INTO `tasks_historicaltask` VALUES (34, '1231', '23123123', 1, 'completed', '2025-12-15 16:00:00.000000', NULL, 'none', NULL, NULL, 0, 0, '2024-12-16 12:40:40.846858', '2024-12-17 12:04:47.316862', 257, '2024-12-17 12:04:47.319063', NULL, '~', 2, 1, 1);
INSERT INTO `tasks_historicaltask` VALUES (39, '13231', '231 12', 1, 'completed', '2025-12-15 16:00:00.000000', NULL, 'none', NULL, NULL, 0, 0, '2024-12-16 12:54:30.408086', '2024-12-17 13:07:48.597167', 258, '2024-12-17 13:07:48.600110', NULL, '~', NULL, 1, 1);
INSERT INTO `tasks_historicaltask` VALUES (38, '123123123', '1231231', 1, 'completed', '2024-12-30 16:00:00.000000', NULL, 'none', NULL, NULL, 0, 0, '2024-12-16 12:51:11.128705', '2024-12-17 13:07:49.364512', 259, '2024-12-17 13:07:49.366791', NULL, '~', NULL, 1, 1);
INSERT INTO `tasks_historicaltask` VALUES (15, '11', '11', 3, 'pending', '2024-12-09 16:00:00.000000', NULL, 'none', NULL, NULL, 0, 0, '2024-12-10 03:44:22.020531', '2024-12-18 02:47:06.823210', 260, '2024-12-18 02:47:06.825265', NULL, '~', 11, 1, 1);
INSERT INTO `tasks_historicaltask` VALUES (39, '13231', '231 12', 1, 'pending', '2025-12-15 16:00:00.000000', NULL, 'none', NULL, NULL, 0, 0, '2024-12-16 12:54:30.408086', '2024-12-18 02:47:08.550049', 261, '2024-12-18 02:47:08.552913', NULL, '~', NULL, 1, 1);
INSERT INTO `tasks_historicaltask` VALUES (38, '123123123', '1231231', 1, 'pending', '2024-12-30 16:00:00.000000', NULL, 'none', NULL, NULL, 0, 0, '2024-12-16 12:51:11.128705', '2024-12-18 02:47:09.297889', 262, '2024-12-18 02:47:09.300506', NULL, '~', NULL, 1, 1);
INSERT INTO `tasks_historicaltask` VALUES (33, '2222', '22222222222222222222', 1, 'pending', '2025-12-15 16:00:00.000000', NULL, 'none', NULL, NULL, 0, 0, '2024-12-16 12:38:56.086345', '2024-12-18 02:47:10.540405', 263, '2024-12-18 02:47:10.542495', NULL, '~', NULL, 1, 1);
INSERT INTO `tasks_historicaltask` VALUES (25, '22222222222222111111111111111111', '2222222222222222222222222222', 1, 'pending', '2024-12-10 16:00:00.000000', NULL, 'none', NULL, NULL, 0, 0, '2024-12-11 15:22:12.591329', '2024-12-18 02:47:12.236998', 264, '2024-12-18 02:47:12.238839', NULL, '~', NULL, 1, 1);
INSERT INTO `tasks_historicaltask` VALUES (34, '1231', '23123123', 1, 'pending', '2025-12-15 16:00:00.000000', NULL, 'none', NULL, NULL, 0, 0, '2024-12-16 12:40:40.846858', '2024-12-18 02:47:13.869929', 265, '2024-12-18 02:47:13.872494', NULL, '~', NULL, 1, 1);
INSERT INTO `tasks_historicaltask` VALUES (23, '1112312312312', '123123', 1, 'pending', '2024-12-10 16:00:00.000000', NULL, 'none', NULL, NULL, 0, 0, '2024-12-11 15:21:07.280281', '2024-12-18 02:47:35.301673', 266, '2024-12-18 02:47:35.303861', NULL, '~', NULL, 1, 1);
INSERT INTO `tasks_historicaltask` VALUES (15, '11', '11', 3, 'completed', '2024-12-09 16:00:00.000000', NULL, 'none', NULL, NULL, 0, 0, '2024-12-10 03:44:22.020531', '2024-12-18 02:51:31.718195', 267, '2024-12-18 02:51:31.720641', NULL, '~', 11, 1, 1);
INSERT INTO `tasks_historicaltask` VALUES (29, '123', '123123', 3, 'completed', '2024-12-26 16:00:00.000000', NULL, 'none', NULL, NULL, 0, 0, '2024-12-16 12:23:19.737223', '2024-12-18 02:51:32.211777', 268, '2024-12-18 02:51:32.213641', NULL, '~', 12, 1, 1);
INSERT INTO `tasks_historicaltask` VALUES (30, '111111111111', '111111111111111111111111', 3, 'completed', '2024-12-23 16:00:00.000000', NULL, 'none', NULL, NULL, 0, 0, '2024-12-16 12:35:20.651434', '2024-12-18 02:51:32.750252', 269, '2024-12-18 02:51:32.752675', NULL, '~', NULL, 1, 1);
INSERT INTO `tasks_historicaltask` VALUES (39, '13231', '231 12', 1, 'completed', '2025-12-15 16:00:00.000000', NULL, 'none', NULL, NULL, 0, 0, '2024-12-16 12:54:30.408086', '2024-12-18 02:52:00.852964', 270, '2024-12-18 02:52:00.855265', NULL, '~', NULL, 1, 1);
INSERT INTO `tasks_historicaltask` VALUES (31, '11', '111', 3, 'completed', '2024-12-30 16:00:00.000000', NULL, 'none', NULL, NULL, 0, 0, '2024-12-16 12:36:12.787256', '2024-12-18 02:52:01.500559', 271, '2024-12-18 02:52:01.502434', NULL, '~', 9, 1, 1);
INSERT INTO `tasks_historicaltask` VALUES (34, '1231', '23123123', 1, 'completed', '2025-12-15 16:00:00.000000', NULL, 'none', NULL, NULL, 0, 0, '2024-12-16 12:40:40.846858', '2024-12-18 03:10:33.293477', 272, '2024-12-18 03:10:33.296975', NULL, '~', NULL, 1, 1);
INSERT INTO `tasks_historicaltask` VALUES (32, '111111111111', '111111111111111111111111111', 1, 'completed', '2024-12-30 16:00:00.000000', NULL, 'none', NULL, NULL, 0, 0, '2024-12-16 12:37:44.176170', '2024-12-18 03:10:44.606535', 273, '2024-12-18 03:10:44.608970', NULL, '~', NULL, 1, 1);
INSERT INTO `tasks_historicaltask` VALUES (33, '2222', '22222222222222222222', 1, 'pending', '2025-12-15 16:00:00.000000', NULL, 'none', NULL, NULL, 0, 0, '2024-12-16 12:38:56.086345', '2024-12-18 03:31:05.980775', 274, '2024-12-18 03:31:05.983746', NULL, '~', 6, 1, 1);
INSERT INTO `tasks_historicaltask` VALUES (33, '2222', '22222222222222222222', 1, 'pending', '2025-12-15 16:00:00.000000', NULL, 'none', NULL, NULL, 0, 0, '2024-12-16 12:38:56.086345', '2024-12-18 03:31:18.970150', 275, '2024-12-18 03:31:18.972888', NULL, '~', NULL, 1, 1);
INSERT INTO `tasks_historicaltask` VALUES (38, '123123123', '1231231', 1, 'pending', '2024-12-30 16:00:00.000000', NULL, 'none', NULL, NULL, 0, 0, '2024-12-16 12:51:11.128705', '2024-12-18 03:32:22.434933', 276, '2024-12-18 03:32:22.437437', NULL, '~', 6, 1, 1);
INSERT INTO `tasks_historicaltask` VALUES (38, '123123123', '1231231', 1, 'pending', '2024-12-30 16:00:00.000000', NULL, 'none', NULL, NULL, 0, 0, '2024-12-16 12:51:11.128705', '2024-12-18 03:32:42.869175', 277, '2024-12-18 03:32:42.871701', NULL, '~', 7, 1, 1);
INSERT INTO `tasks_historicaltask` VALUES (40, '123', '123', 2, 'pending', '2024-12-17 16:00:00.000000', NULL, 'none', NULL, NULL, 0, 0, '2024-12-18 04:34:57.387888', '2024-12-18 04:34:57.387901', 278, '2024-12-18 04:34:57.390061', NULL, '+', 25, 1, 1);
INSERT INTO `tasks_historicaltask` VALUES (41, '1231', '23213', 1, 'pending', '2024-12-21 16:00:00.000000', NULL, 'none', NULL, NULL, 0, 0, '2024-12-22 12:15:13.781815', '2024-12-22 12:15:13.781822', 279, '2024-12-22 12:15:13.784868', NULL, '+', 25, 1, 1);
INSERT INTO `tasks_historicaltask` VALUES (42, '3', '', 1, 'pending', '2024-12-21 16:00:00.000000', NULL, 'none', NULL, NULL, 0, 0, '2024-12-22 12:16:43.578137', '2024-12-22 12:16:43.578143', 280, '2024-12-22 12:16:43.579719', NULL, '+', 28, 1, 1);
INSERT INTO `tasks_historicaltask` VALUES (43, '431', '123', 1, 'pending', '2024-12-21 16:00:00.000000', NULL, 'none', NULL, NULL, 0, 0, '2024-12-22 12:44:50.888801', '2024-12-22 12:44:50.888814', 281, '2024-12-22 12:44:50.891002', NULL, '+', 26, 13, 13);
INSERT INTO `tasks_historicaltask` VALUES (43, '431', '123', 1, 'completed', '2024-12-21 16:00:00.000000', NULL, 'none', NULL, NULL, 0, 0, '2024-12-22 12:44:50.888801', '2024-12-22 12:56:55.343605', 282, '2024-12-22 12:56:55.346195', NULL, '~', 26, 13, 13);
INSERT INTO `tasks_historicaltask` VALUES (44, '1231', '123123', 3, 'pending', '2024-10-21 16:00:00.000000', NULL, 'none', NULL, NULL, 0, 0, '2024-12-22 13:00:15.794844', '2024-12-22 13:00:15.794857', 283, '2024-12-22 13:00:15.796719', NULL, '+', 27, 13, 13);
INSERT INTO `tasks_historicaltask` VALUES (45, '3124121', '12212', 1, 'pending', '2024-12-21 16:00:00.000000', NULL, 'none', NULL, NULL, 0, 0, '2024-12-22 13:05:26.968166', '2024-12-22 13:05:26.968179', 284, '2024-12-22 13:05:26.970405', NULL, '+', 26, 13, 13);
INSERT INTO `tasks_historicaltask` VALUES (46, 'as', '', 1, 'pending', '2024-12-21 16:00:00.000000', NULL, 'none', NULL, NULL, 0, 0, '2024-12-22 13:05:46.795251', '2024-12-22 13:05:46.795263', 285, '2024-12-22 13:05:46.797136', NULL, '+', 26, 13, 13);
INSERT INTO `tasks_historicaltask` VALUES (46, 'as', '', 1, 'completed', '2024-12-21 16:00:00.000000', NULL, 'none', NULL, NULL, 0, 0, '2024-12-22 13:05:46.795251', '2024-12-22 13:49:44.758534', 286, '2024-12-22 13:49:44.760613', NULL, '~', 26, 13, 13);
INSERT INTO `tasks_historicaltask` VALUES (45, '3124121', '12212', 1, 'completed', '2024-12-21 16:00:00.000000', NULL, 'none', NULL, NULL, 0, 0, '2024-12-22 13:05:26.968166', '2024-12-22 13:59:08.482841', 287, '2024-12-22 13:59:08.485190', NULL, '~', 26, 13, 13);
INSERT INTO `tasks_historicaltask` VALUES (44, '1231', '123123', 3, 'completed', '2024-10-21 16:00:00.000000', NULL, 'none', NULL, NULL, 0, 0, '2024-12-22 13:00:15.794844', '2024-12-22 13:59:09.617274', 288, '2024-12-22 13:59:09.619579', NULL, '~', 27, 13, 13);
INSERT INTO `tasks_historicaltask` VALUES (45, '3124121', '12212', 1, 'pending', '2024-12-21 16:00:00.000000', NULL, 'none', NULL, NULL, 0, 0, '2024-12-22 13:05:26.968166', '2024-12-22 13:59:10.633209', 289, '2024-12-22 13:59:10.635758', NULL, '~', 26, 13, 13);
INSERT INTO `tasks_historicaltask` VALUES (44, '1231', '123123', 3, 'pending', '2024-10-21 16:00:00.000000', NULL, 'none', NULL, NULL, 0, 0, '2024-12-22 13:00:15.794844', '2024-12-22 13:59:11.414859', 290, '2024-12-22 13:59:11.416773', NULL, '~', 27, 13, 13);
INSERT INTO `tasks_historicaltask` VALUES (46, 'as', '', 1, 'pending', '2024-12-21 16:00:00.000000', NULL, 'none', NULL, NULL, 0, 0, '2024-12-22 13:05:46.795251', '2024-12-22 13:59:12.291732', 291, '2024-12-22 13:59:12.303600', NULL, '~', 26, 13, 13);
INSERT INTO `tasks_historicaltask` VALUES (43, '431', '123', 1, 'pending', '2024-12-21 16:00:00.000000', NULL, 'none', NULL, NULL, 0, 0, '2024-12-22 12:44:50.888801', '2024-12-22 13:59:13.090175', 292, '2024-12-22 13:59:13.092428', NULL, '~', 26, 13, 13);
INSERT INTO `tasks_historicaltask` VALUES (47, '1231', '31231', 1, 'pending', '2024-12-21 16:00:00.000000', NULL, 'none', NULL, NULL, 0, 0, '2024-12-22 14:01:39.250298', '2024-12-22 14:01:39.250311', 293, '2024-12-22 14:01:39.252200', NULL, '+', 26, 13, 13);
INSERT INTO `tasks_historicaltask` VALUES (48, '123123', '123123', 1, 'pending', '2024-12-21 16:00:00.000000', NULL, 'none', NULL, NULL, 0, 0, '2024-12-22 14:01:49.946945', '2024-12-22 14:01:49.946958', 294, '2024-12-22 14:01:49.948791', NULL, '+', 26, 13, 13);
INSERT INTO `tasks_historicaltask` VALUES (49, '123123', '123123', 1, 'pending', '2024-12-21 16:00:00.000000', NULL, 'none', NULL, NULL, 0, 0, '2024-12-22 14:02:02.390792', '2024-12-22 14:02:02.390819', 295, '2024-12-22 14:02:02.393139', NULL, '+', 26, 13, 13);
INSERT INTO `tasks_historicaltask` VALUES (50, '123123', '23123123', 1, 'pending', '2024-12-21 16:00:00.000000', NULL, 'none', NULL, NULL, 0, 0, '2024-12-22 14:02:37.312326', '2024-12-22 14:02:37.312340', 296, '2024-12-22 14:02:37.314361', NULL, '+', 26, 13, 13);
INSERT INTO `tasks_historicaltask` VALUES (51, '23123', '1231', 1, 'pending', '2024-12-21 16:00:00.000000', NULL, 'none', NULL, NULL, 0, 0, '2024-12-22 14:02:55.330399', '2024-12-22 14:02:55.330413', 297, '2024-12-22 14:02:55.332321', NULL, '+', 26, 13, 13);
INSERT INTO `tasks_historicaltask` VALUES (52, '1231', '312312', 1, 'pending', '2024-12-21 16:00:00.000000', NULL, 'none', NULL, NULL, 0, 0, '2024-12-22 14:03:08.034352', '2024-12-22 14:03:08.034365', 298, '2024-12-22 14:03:08.036324', NULL, '+', 26, 13, 13);
INSERT INTO `tasks_historicaltask` VALUES (53, '123', '23123', 1, 'pending', '2024-12-21 16:00:00.000000', NULL, 'none', NULL, NULL, 0, 0, '2024-12-22 14:03:22.225675', '2024-12-22 14:03:22.225688', 299, '2024-12-22 14:03:22.227924', NULL, '+', 26, 13, 13);
INSERT INTO `tasks_historicaltask` VALUES (54, '123123', '23123', 1, 'pending', '2024-12-21 16:00:00.000000', NULL, 'none', NULL, NULL, 0, 0, '2024-12-22 14:03:32.718767', '2024-12-22 14:03:32.718779', 300, '2024-12-22 14:03:32.720508', NULL, '+', 26, 13, 13);
INSERT INTO `tasks_historicaltask` VALUES (54, '123123', '23123', 1, 'completed', '2024-12-21 16:00:00.000000', NULL, 'none', NULL, NULL, 0, 0, '2024-12-22 14:03:32.718767', '2024-12-22 14:03:44.504434', 301, '2024-12-22 14:03:44.508223', NULL, '~', 26, 13, 13);
INSERT INTO `tasks_historicaltask` VALUES (50, '123123', '23123123', 1, 'completed', '2024-12-21 16:00:00.000000', NULL, 'none', NULL, NULL, 0, 0, '2024-12-22 14:02:37.312326', '2024-12-22 14:03:47.232041', 302, '2024-12-22 14:03:47.234265', NULL, '~', 26, 13, 13);
INSERT INTO `tasks_historicaltask` VALUES (53, '123', '23123', 1, 'completed', '2024-12-21 16:00:00.000000', NULL, 'none', NULL, NULL, 0, 0, '2024-12-22 14:03:22.225675', '2024-12-22 14:03:48.319962', 303, '2024-12-22 14:03:48.322055', NULL, '~', 26, 13, 13);
INSERT INTO `tasks_historicaltask` VALUES (52, '1231', '312312', 1, 'completed', '2024-12-21 16:00:00.000000', NULL, 'none', NULL, NULL, 0, 0, '2024-12-22 14:03:08.034352', '2024-12-22 14:03:48.859175', 304, '2024-12-22 14:03:48.861384', NULL, '~', 26, 13, 13);
INSERT INTO `tasks_historicaltask` VALUES (51, '23123', '1231', 1, 'completed', '2024-12-21 16:00:00.000000', NULL, 'none', NULL, NULL, 0, 0, '2024-12-22 14:02:55.330399', '2024-12-22 14:03:49.291666', 305, '2024-12-22 14:03:49.294008', NULL, '~', 26, 13, 13);
INSERT INTO `tasks_historicaltask` VALUES (49, '123123', '123123', 1, 'completed', '2024-12-21 16:00:00.000000', NULL, 'none', NULL, NULL, 0, 0, '2024-12-22 14:02:02.390792', '2024-12-22 14:03:49.623230', 306, '2024-12-22 14:03:49.625282', NULL, '~', 26, 13, 13);
INSERT INTO `tasks_historicaltask` VALUES (48, '123123', '123123', 1, 'completed', '2024-12-21 16:00:00.000000', NULL, 'none', NULL, NULL, 0, 0, '2024-12-22 14:01:49.946945', '2024-12-22 14:03:49.876117', 307, '2024-12-22 14:03:49.879400', NULL, '~', 26, 13, 13);
INSERT INTO `tasks_historicaltask` VALUES (47, '1231', '31231', 1, 'completed', '2024-12-21 16:00:00.000000', NULL, 'none', NULL, NULL, 0, 0, '2024-12-22 14:01:39.250298', '2024-12-22 14:03:50.098743', 308, '2024-12-22 14:03:50.100615', NULL, '~', 26, 13, 13);
INSERT INTO `tasks_historicaltask` VALUES (46, 'as', '', 1, 'completed', '2024-12-21 16:00:00.000000', NULL, 'none', NULL, NULL, 0, 0, '2024-12-22 13:05:46.795251', '2024-12-22 14:03:50.306219', 309, '2024-12-22 14:03:50.308430', NULL, '~', 26, 13, 13);
INSERT INTO `tasks_historicaltask` VALUES (45, '3124121', '12212', 1, 'completed', '2024-12-21 16:00:00.000000', NULL, 'none', NULL, NULL, 0, 0, '2024-12-22 13:05:26.968166', '2024-12-22 14:03:50.510850', 310, '2024-12-22 14:03:50.513085', NULL, '~', 26, 13, 13);
INSERT INTO `tasks_historicaltask` VALUES (44, '1231', '123123', 3, 'completed', '2024-10-21 16:00:00.000000', NULL, 'none', NULL, NULL, 0, 0, '2024-12-22 13:00:15.794844', '2024-12-22 14:03:50.720690', 311, '2024-12-22 14:03:50.722753', NULL, '~', 27, 13, 13);
INSERT INTO `tasks_historicaltask` VALUES (43, '431', '123', 1, 'completed', '2024-12-21 16:00:00.000000', NULL, 'none', NULL, NULL, 0, 0, '2024-12-22 12:44:50.888801', '2024-12-22 14:03:50.932521', 312, '2024-12-22 14:03:50.934727', NULL, '~', 26, 13, 13);
INSERT INTO `tasks_historicaltask` VALUES (55, '123123', '23123', 1, 'pending', '2024-12-21 16:00:00.000000', NULL, 'none', NULL, NULL, 0, 0, '2024-12-22 14:04:06.121753', '2024-12-22 14:04:06.121766', 313, '2024-12-22 14:04:06.123733', NULL, '+', 26, 13, 13);
INSERT INTO `tasks_historicaltask` VALUES (56, '123', '1231', 1, 'pending', '2024-12-21 16:00:00.000000', NULL, 'none', NULL, NULL, 0, 0, '2024-12-22 14:04:19.300293', '2024-12-22 14:04:19.300306', 314, '2024-12-22 14:04:19.302059', NULL, '+', 26, 13, 13);
INSERT INTO `tasks_historicaltask` VALUES (57, '213', '123123', 2, 'pending', '2024-12-21 16:00:00.000000', NULL, 'none', NULL, NULL, 0, 0, '2024-12-22 14:05:12.090506', '2024-12-22 14:05:12.090520', 315, '2024-12-22 14:05:12.092545', NULL, '+', 27, 13, 13);
INSERT INTO `tasks_historicaltask` VALUES (56, '123', '1231', 1, 'completed', '2024-12-21 16:00:00.000000', NULL, 'none', NULL, NULL, 0, 0, '2024-12-22 14:04:19.300293', '2024-12-22 14:10:25.158850', 316, '2024-12-22 14:10:25.161106', NULL, '~', 26, 13, 13);
INSERT INTO `tasks_historicaltask` VALUES (55, '123123', '23123', 1, 'completed', '2024-12-21 16:00:00.000000', NULL, 'none', NULL, NULL, 0, 0, '2024-12-22 14:04:06.121753', '2024-12-23 02:32:07.164113', 317, '2024-12-23 02:32:07.166736', NULL, '~', 26, 13, 13);
INSERT INTO `tasks_historicaltask` VALUES (57, '213', '123123', 2, 'completed', '2024-12-21 16:00:00.000000', NULL, 'none', NULL, NULL, 0, 0, '2024-12-22 14:05:12.090506', '2024-12-23 02:32:07.946112', 318, '2024-12-23 02:32:07.948296', NULL, '~', 27, 13, 13);
INSERT INTO `tasks_historicaltask` VALUES (44, '1231', '123123', 3, 'completed', '2024-10-21 16:00:00.000000', NULL, 'none', NULL, NULL, 0, 0, '2024-12-22 13:00:15.794844', '2024-12-22 14:03:50.720690', 319, '2024-12-23 02:32:45.995893', NULL, '-', 27, 13, 13);
INSERT INTO `tasks_historicaltask` VALUES (38, '123123123', '1231231', 1, 'completed', '2024-12-30 16:00:00.000000', NULL, 'none', NULL, NULL, 0, 0, '2024-12-16 12:51:11.128705', '2024-12-23 03:40:09.284854', 320, '2024-12-23 03:40:09.287592', NULL, '~', NULL, 1, 1);
INSERT INTO `tasks_historicaltask` VALUES (33, '2222', '22222222222222222222', 1, 'completed', '2025-12-15 16:00:00.000000', NULL, 'none', NULL, NULL, 0, 0, '2024-12-16 12:38:56.086345', '2024-12-23 03:40:13.303693', 321, '2024-12-23 03:40:13.306015', NULL, '~', NULL, 1, 1);
INSERT INTO `tasks_historicaltask` VALUES (30, '111111111111', '111111111111111111111111', 3, 'pending', '2024-12-23 16:00:00.000000', NULL, 'none', NULL, NULL, 0, 0, '2024-12-16 12:35:20.651434', '2024-12-23 03:40:31.962062', 322, '2024-12-23 03:40:31.964060', NULL, '~', NULL, 1, 1);
INSERT INTO `tasks_historicaltask` VALUES (29, '123', '123123', 3, 'pending', '2024-12-26 16:00:00.000000', NULL, 'none', NULL, NULL, 0, 0, '2024-12-16 12:23:19.737223', '2024-12-23 03:42:15.095625', 323, '2024-12-23 03:42:15.098146', NULL, '~', NULL, 1, 1);
INSERT INTO `tasks_historicaltask` VALUES (31, '11', '111', 3, 'pending', '2024-12-30 16:00:00.000000', NULL, 'none', NULL, NULL, 0, 0, '2024-12-16 12:36:12.787256', '2024-12-23 03:42:18.002954', 324, '2024-12-23 03:42:18.005238', NULL, '~', NULL, 1, 1);
INSERT INTO `tasks_historicaltask` VALUES (29, '123', '123123', 3, 'pending', '2024-12-26 16:00:00.000000', NULL, 'none', NULL, NULL, 0, 0, '2024-12-16 12:23:19.737223', '2024-12-23 03:43:47.817770', 325, '2024-12-23 03:43:47.829606', NULL, '~', NULL, 1, 1);
INSERT INTO `tasks_historicaltask` VALUES (31, '11', '111', 3, 'pending', '2024-12-30 16:00:00.000000', NULL, 'none', NULL, NULL, 0, 0, '2024-12-16 12:36:12.787256', '2024-12-23 03:43:50.632132', 326, '2024-12-23 03:43:50.634332', NULL, '~', NULL, 1, 1);
INSERT INTO `tasks_historicaltask` VALUES (38, '123123123', '1231231', 1, 'pending', '2024-12-30 16:00:00.000000', NULL, 'none', NULL, NULL, 0, 0, '2024-12-16 12:51:11.128705', '2024-12-23 03:43:51.925752', 327, '2024-12-23 03:43:51.928045', NULL, '~', NULL, 1, 1);
INSERT INTO `tasks_historicaltask` VALUES (30, '111111111111', '111111111111111111111111', 3, 'completed', '2024-12-23 16:00:00.000000', NULL, 'none', NULL, NULL, 0, 0, '2024-12-16 12:35:20.651434', '2024-12-23 03:46:32.622228', 328, '2024-12-23 03:46:32.624408', NULL, '~', NULL, 1, 1);
INSERT INTO `tasks_historicaltask` VALUES (29, '123', '123123', 3, 'completed', '2024-12-26 16:00:00.000000', NULL, 'none', NULL, NULL, 0, 0, '2024-12-16 12:23:19.737223', '2024-12-23 03:46:35.698682', 329, '2024-12-23 03:46:35.701052', NULL, '~', NULL, 1, 1);
INSERT INTO `tasks_historicaltask` VALUES (37, '12', '123', 3, 'completed', '2024-12-18 16:00:00.000000', NULL, 'none', NULL, NULL, 0, 0, '2024-12-16 12:43:24.122756', '2024-12-23 03:47:39.147880', 330, '2024-12-23 03:47:39.150692', NULL, '~', NULL, 1, 1);
INSERT INTO `tasks_historicaltask` VALUES (38, '123123123', '1231231', 1, 'completed', '2024-12-30 16:00:00.000000', NULL, 'none', NULL, NULL, 0, 0, '2024-12-16 12:51:11.128705', '2024-12-23 03:47:43.621229', 331, '2024-12-23 03:47:43.623309', NULL, '~', NULL, 1, 1);
INSERT INTO `tasks_historicaltask` VALUES (41, '1231', '23213', 1, 'completed', '2024-12-21 16:00:00.000000', NULL, 'none', NULL, NULL, 0, 0, '2024-12-22 12:15:13.781815', '2024-12-23 03:47:52.397573', 332, '2024-12-23 03:47:52.399603', NULL, '~', 25, 1, 1);
INSERT INTO `tasks_historicaltask` VALUES (30, '111111111111', '111111111111111111111111', 3, 'pending', '2024-12-23 16:00:00.000000', NULL, 'none', NULL, NULL, 0, 0, '2024-12-16 12:35:20.651434', '2024-12-23 03:51:44.758695', 333, '2024-12-23 03:51:44.761135', NULL, '~', NULL, 1, 1);
INSERT INTO `tasks_historicaltask` VALUES (29, '123', '123123', 3, 'pending', '2024-12-26 16:00:00.000000', NULL, 'none', NULL, NULL, 0, 0, '2024-12-16 12:23:19.737223', '2024-12-23 03:51:47.063082', 334, '2024-12-23 03:51:47.065256', NULL, '~', NULL, 1, 1);
INSERT INTO `tasks_historicaltask` VALUES (41, '1231', '23213', 1, 'pending', '2024-12-21 16:00:00.000000', NULL, 'none', NULL, NULL, 0, 0, '2024-12-22 12:15:13.781815', '2024-12-23 03:51:47.931950', 335, '2024-12-23 03:51:47.934169', NULL, '~', 25, 1, 1);
INSERT INTO `tasks_historicaltask` VALUES (31, '11', '111', 3, 'completed', '2024-12-30 16:00:00.000000', NULL, 'none', NULL, NULL, 0, 0, '2024-12-16 12:36:12.787256', '2024-12-23 03:52:08.135584', 336, '2024-12-23 03:52:08.137569', NULL, '~', NULL, 1, 1);
INSERT INTO `tasks_historicaltask` VALUES (38, '123123123', '1231231', 1, 'pending', '2024-12-30 16:00:00.000000', NULL, 'none', NULL, NULL, 0, 0, '2024-12-16 12:51:11.128705', '2024-12-23 03:52:12.478701', 337, '2024-12-23 03:52:12.480910', NULL, '~', NULL, 1, 1);
INSERT INTO `tasks_historicaltask` VALUES (38, '123123123', '1231231', 1, 'pending', '2024-12-30 16:00:00.000000', NULL, 'none', NULL, NULL, 0, 0, '2024-12-16 12:51:11.128705', '2024-12-23 03:52:13.789669', 338, '2024-12-23 03:52:13.791392', NULL, '~', NULL, 1, 1);
INSERT INTO `tasks_historicaltask` VALUES (29, '123', '123123', 3, 'completed', '2024-12-26 16:00:00.000000', NULL, 'none', NULL, NULL, 0, 0, '2024-12-16 12:23:19.737223', '2024-12-23 03:52:23.858413', 339, '2024-12-23 03:52:23.860111', NULL, '~', NULL, 1, 1);
INSERT INTO `tasks_historicaltask` VALUES (29, '123', '123123', 3, 'completed', '2024-12-26 16:00:00.000000', NULL, 'none', NULL, NULL, 0, 0, '2024-12-16 12:23:19.737223', '2024-12-23 03:52:24.776518', 340, '2024-12-23 03:52:24.778217', NULL, '~', NULL, 1, 1);
INSERT INTO `tasks_historicaltask` VALUES (31, '11', '111', 3, 'completed', '2024-12-30 16:00:00.000000', NULL, 'none', NULL, NULL, 0, 0, '2024-12-16 12:36:12.787256', '2024-12-23 03:52:25.807359', 341, '2024-12-23 03:52:25.808952', NULL, '~', NULL, 1, 1);
INSERT INTO `tasks_historicaltask` VALUES (31, '11', '111', 3, 'completed', '2024-12-30 16:00:00.000000', NULL, 'none', NULL, NULL, 0, 0, '2024-12-16 12:36:12.787256', '2024-12-23 03:52:26.523855', 342, '2024-12-23 03:52:26.525304', NULL, '~', NULL, 1, 1);
INSERT INTO `tasks_historicaltask` VALUES (31, '11', '111', 3, 'completed', '2024-12-30 16:00:00.000000', NULL, 'none', NULL, NULL, 0, 0, '2024-12-16 12:36:12.787256', '2024-12-23 03:52:27.233979', 343, '2024-12-23 03:52:27.235713', NULL, '~', NULL, 1, 1);
INSERT INTO `tasks_historicaltask` VALUES (38, '123123123', '1231231', 1, 'pending', '2024-12-30 16:00:00.000000', NULL, 'none', NULL, NULL, 0, 0, '2024-12-16 12:51:11.128705', '2024-12-23 03:52:29.093171', 344, '2024-12-23 03:52:29.094809', NULL, '~', NULL, 1, 1);
INSERT INTO `tasks_historicaltask` VALUES (38, '123123123', '1231231', 1, 'pending', '2024-12-30 16:00:00.000000', NULL, 'none', NULL, NULL, 0, 0, '2024-12-16 12:51:11.128705', '2024-12-23 03:52:30.208010', 345, '2024-12-23 03:52:30.209939', NULL, '~', NULL, 1, 1);
INSERT INTO `tasks_historicaltask` VALUES (38, '123123123', '1231231', 1, 'pending', '2024-12-30 16:00:00.000000', NULL, 'none', NULL, NULL, 0, 0, '2024-12-16 12:51:11.128705', '2024-12-23 03:52:32.692063', 346, '2024-12-23 03:52:32.693784', NULL, '~', NULL, 1, 1);
INSERT INTO `tasks_historicaltask` VALUES (38, '123123123', '1231231', 1, 'pending', '2024-12-30 16:00:00.000000', NULL, 'none', NULL, NULL, 0, 0, '2024-12-16 12:51:11.128705', '2024-12-23 03:52:33.621814', 347, '2024-12-23 03:52:33.623820', NULL, '~', NULL, 1, 1);
INSERT INTO `tasks_historicaltask` VALUES (38, '123123123', '1231231', 1, 'pending', '2024-12-30 16:00:00.000000', NULL, 'none', NULL, NULL, 0, 0, '2024-12-16 12:51:11.128705', '2024-12-23 03:52:34.395797', 348, '2024-12-23 03:52:34.398180', NULL, '~', NULL, 1, 1);
INSERT INTO `tasks_historicaltask` VALUES (38, '123123123', '1231231', 1, 'pending', '2024-12-30 16:00:00.000000', NULL, 'none', NULL, NULL, 0, 0, '2024-12-16 12:51:11.128705', '2024-12-23 03:52:35.664055', 349, '2024-12-23 03:52:35.666656', NULL, '~', NULL, 1, 1);
INSERT INTO `tasks_historicaltask` VALUES (38, '123123123', '1231231', 1, 'pending', '2024-12-30 16:00:00.000000', NULL, 'none', NULL, NULL, 0, 0, '2024-12-16 12:51:11.128705', '2024-12-23 03:52:36.348761', 350, '2024-12-23 03:52:36.350425', NULL, '~', NULL, 1, 1);
INSERT INTO `tasks_historicaltask` VALUES (38, '123123123', '1231231', 1, 'pending', '2024-12-30 16:00:00.000000', NULL, 'none', NULL, NULL, 0, 0, '2024-12-16 12:51:11.128705', '2024-12-23 03:52:37.271294', 351, '2024-12-23 03:52:37.273182', NULL, '~', NULL, 1, 1);
INSERT INTO `tasks_historicaltask` VALUES (38, '123123123', '1231231', 1, 'pending', '2024-12-30 16:00:00.000000', NULL, 'none', NULL, NULL, 0, 0, '2024-12-16 12:51:11.128705', '2024-12-23 03:52:37.978614', 352, '2024-12-23 03:52:37.980538', NULL, '~', NULL, 1, 1);
INSERT INTO `tasks_historicaltask` VALUES (38, '123123123', '1231231', 1, 'pending', '2024-12-30 16:00:00.000000', NULL, 'none', NULL, NULL, 0, 0, '2024-12-16 12:51:11.128705', '2024-12-23 03:52:39.109431', 353, '2024-12-23 03:52:39.111540', NULL, '~', NULL, 1, 1);
INSERT INTO `tasks_historicaltask` VALUES (41, '1231', '23213', 1, 'completed', '2024-12-21 16:00:00.000000', NULL, 'none', NULL, NULL, 0, 0, '2024-12-22 12:15:13.781815', '2024-12-23 03:52:44.699521', 354, '2024-12-23 03:52:44.701152', NULL, '~', 25, 1, 1);
INSERT INTO `tasks_historicaltask` VALUES (30, '111111111111', '111111111111111111111111', 3, 'completed', '2024-12-23 16:00:00.000000', NULL, 'none', NULL, NULL, 0, 0, '2024-12-16 12:35:20.651434', '2024-12-23 03:58:03.290846', 355, '2024-12-23 03:58:03.292759', NULL, '~', NULL, 1, 1);
INSERT INTO `tasks_historicaltask` VALUES (38, '123123123', '1231231', 1, 'completed', '2024-12-30 16:00:00.000000', NULL, 'none', NULL, NULL, 0, 0, '2024-12-16 12:51:11.128705', '2024-12-23 03:58:04.757513', 356, '2024-12-23 03:58:04.760027', NULL, '~', NULL, 1, 1);
INSERT INTO `tasks_historicaltask` VALUES (38, '123123123', '1231231', 1, 'completed', '2024-12-30 16:00:00.000000', NULL, 'none', NULL, NULL, 0, 0, '2024-12-16 12:51:11.128705', '2024-12-23 03:58:05.460463', 357, '2024-12-23 03:58:05.463324', NULL, '~', NULL, 1, 1);
INSERT INTO `tasks_historicaltask` VALUES (30, '111111111111', '111111111111111111111111', 3, 'pending', '2024-12-23 16:00:00.000000', NULL, 'none', NULL, NULL, 0, 0, '2024-12-16 12:35:20.651434', '2024-12-23 03:58:10.789009', 358, '2024-12-23 03:58:10.791286', NULL, '~', NULL, 1, 1);
INSERT INTO `tasks_historicaltask` VALUES (41, '1231', '23213', 1, 'pending', '2024-12-21 16:00:00.000000', NULL, 'none', NULL, NULL, 0, 0, '2024-12-22 12:15:13.781815', '2024-12-23 04:00:18.591146', 359, '2024-12-23 04:00:18.593905', NULL, '~', 25, 1, 1);
INSERT INTO `tasks_historicaltask` VALUES (39, '13231', '231 12', 1, 'pending', '2025-12-15 16:00:00.000000', NULL, 'none', NULL, NULL, 0, 0, '2024-12-16 12:54:30.408086', '2024-12-23 04:00:21.196001', 360, '2024-12-23 04:00:21.198518', NULL, '~', NULL, 1, 1);
INSERT INTO `tasks_historicaltask` VALUES (38, '123123123', '1231231', 1, 'pending', '2024-12-30 16:00:00.000000', NULL, 'none', NULL, NULL, 0, 0, '2024-12-16 12:51:11.128705', '2024-12-23 04:00:22.285404', 361, '2024-12-23 04:00:22.288197', NULL, '~', NULL, 1, 1);
INSERT INTO `tasks_historicaltask` VALUES (37, '12', '123', 3, 'pending', '2024-12-18 16:00:00.000000', NULL, 'none', NULL, NULL, 0, 0, '2024-12-16 12:43:24.122756', '2024-12-23 04:00:23.348852', 362, '2024-12-23 04:00:23.350686', NULL, '~', NULL, 1, 1);
INSERT INTO `tasks_historicaltask` VALUES (30, '111111111111', '111111111111111111111111', 3, 'completed', '2024-12-23 16:00:00.000000', NULL, 'none', NULL, NULL, 0, 0, '2024-12-16 12:35:20.651434', '2024-12-23 04:04:46.772250', 363, '2024-12-23 04:04:46.776077', NULL, '~', NULL, 1, 1);
INSERT INTO `tasks_historicaltask` VALUES (30, '111111111111', '111111111111111111111111', 3, 'completed', '2024-12-23 16:00:00.000000', NULL, 'none', NULL, NULL, 0, 0, '2024-12-16 12:35:20.651434', '2024-12-23 04:04:48.063208', 364, '2024-12-23 04:04:48.065661', NULL, '~', NULL, 1, 1);
INSERT INTO `tasks_historicaltask` VALUES (30, '111111111111', '111111111111111111111111', 3, 'completed', '2024-12-23 16:00:00.000000', NULL, 'none', NULL, NULL, 0, 0, '2024-12-16 12:35:20.651434', '2024-12-23 04:04:49.205937', 365, '2024-12-23 04:04:49.209100', NULL, '~', NULL, 1, 1);
INSERT INTO `tasks_historicaltask` VALUES (30, '111111111111', '111111111111111111111111', 3, 'completed', '2024-12-23 16:00:00.000000', NULL, 'none', NULL, NULL, 0, 0, '2024-12-16 12:35:20.651434', '2024-12-23 04:04:50.018625', 366, '2024-12-23 04:04:50.020936', NULL, '~', NULL, 1, 1);
INSERT INTO `tasks_historicaltask` VALUES (41, '1231', '23213', 1, 'completed', '2024-12-21 16:00:00.000000', NULL, 'none', NULL, NULL, 0, 0, '2024-12-22 12:15:13.781815', '2024-12-23 04:04:52.953394', 367, '2024-12-23 04:04:52.956154', NULL, '~', 25, 1, 1);
INSERT INTO `tasks_historicaltask` VALUES (42, '3', '', 1, 'completed', '2024-12-21 16:00:00.000000', NULL, 'none', NULL, NULL, 0, 0, '2024-12-22 12:16:43.578137', '2024-12-23 04:06:39.246886', 368, '2024-12-23 04:06:39.250332', NULL, '~', 28, 1, 1);
INSERT INTO `tasks_historicaltask` VALUES (39, '13231', '231 12', 1, 'completed', '2025-12-15 16:00:00.000000', NULL, 'none', NULL, NULL, 0, 0, '2024-12-16 12:54:30.408086', '2024-12-23 04:06:40.646578', 369, '2024-12-23 04:06:40.649099', NULL, '~', NULL, 1, 1);
INSERT INTO `tasks_historicaltask` VALUES (37, '12', '123', 3, 'completed', '2024-12-18 16:00:00.000000', NULL, 'none', NULL, NULL, 0, 0, '2024-12-16 12:43:24.122756', '2024-12-23 04:16:01.472473', 370, '2024-12-23 04:16:01.475462', NULL, '~', NULL, 1, 1);
INSERT INTO `tasks_historicaltask` VALUES (38, '123123123', '1231231', 1, 'completed', '2024-12-30 16:00:00.000000', NULL, 'none', NULL, NULL, 0, 0, '2024-12-16 12:51:11.128705', '2024-12-23 04:16:03.039767', 371, '2024-12-23 04:16:03.043471', NULL, '~', NULL, 1, 1);
INSERT INTO `tasks_historicaltask` VALUES (42, '3', '', 1, 'pending', '2024-12-21 16:00:00.000000', NULL, 'none', NULL, NULL, 0, 0, '2024-12-22 12:16:43.578137', '2024-12-23 04:16:09.096146', 372, '2024-12-23 04:16:09.102403', NULL, '~', 28, 1, 1);
INSERT INTO `tasks_historicaltask` VALUES (58, '1', '2313123', 1, 'pending', '2024-12-30 16:00:00.000000', NULL, 'none', NULL, NULL, 0, 0, '2024-12-23 04:16:42.894168', '2024-12-23 04:16:42.894180', 373, '2024-12-23 04:16:42.896069', NULL, '+', 31, 1, 1);
INSERT INTO `tasks_historicaltask` VALUES (59, '1', '2313123', 1, 'pending', '2024-12-30 16:00:00.000000', NULL, 'none', NULL, NULL, 0, 0, '2024-12-23 04:16:43.261558', '2024-12-23 04:16:43.261570', 374, '2024-12-23 04:16:43.263658', NULL, '+', 31, 1, 1);
INSERT INTO `tasks_historicaltask` VALUES (60, '111111111111111', '111111111111111111111111', 1, 'pending', '2024-12-30 16:00:00.000000', NULL, 'none', NULL, NULL, 0, 0, '2024-12-23 04:17:06.836999', '2024-12-23 04:17:06.837014', 375, '2024-12-23 04:17:06.839178', NULL, '+', 25, 1, 1);
INSERT INTO `tasks_historicaltask` VALUES (61, '23123123', '123123', 3, 'pending', '2024-12-30 16:00:00.000000', NULL, 'none', NULL, NULL, 0, 0, '2024-12-23 04:17:32.924147', '2024-12-23 04:17:32.924166', 376, '2024-12-23 04:17:32.926463', NULL, '+', 33, 1, 1);
INSERT INTO `tasks_historicaltask` VALUES (57, '213', '123123', 2, 'pending', '2024-12-21 16:00:00.000000', NULL, 'none', NULL, NULL, 0, 0, '2024-12-22 14:05:12.090506', '2024-12-23 04:24:00.715193', 377, '2024-12-23 04:24:00.717745', NULL, '~', 27, 13, 13);
INSERT INTO `tasks_historicaltask` VALUES (55, '123123', '23123', 1, 'pending', '2024-12-21 16:00:00.000000', NULL, 'none', NULL, NULL, 0, 0, '2024-12-22 14:04:06.121753', '2024-12-23 04:24:02.119558', 378, '2024-12-23 04:24:02.121868', NULL, '~', 26, 13, 13);
INSERT INTO `tasks_historicaltask` VALUES (54, '123123', '23123', 1, 'pending', '2024-12-21 16:00:00.000000', NULL, 'none', NULL, NULL, 0, 0, '2024-12-22 14:03:32.718767', '2024-12-23 04:24:06.424975', 379, '2024-12-23 04:24:06.427482', NULL, '~', 26, 13, 13);
INSERT INTO `tasks_historicaltask` VALUES (56, '123', '1231', 1, 'pending', '2024-12-21 16:00:00.000000', NULL, 'none', NULL, NULL, 0, 0, '2024-12-22 14:04:19.300293', '2024-12-23 04:26:09.623026', 380, '2024-12-23 04:26:09.626277', NULL, '~', 26, 13, 13);
INSERT INTO `tasks_historicaltask` VALUES (53, '123', '23123', 1, 'pending', '2024-12-21 16:00:00.000000', NULL, 'none', NULL, NULL, 0, 0, '2024-12-22 14:03:22.225675', '2024-12-23 04:26:10.952804', 381, '2024-12-23 04:26:10.954940', NULL, '~', 26, 13, 13);
INSERT INTO `tasks_historicaltask` VALUES (57, '213', '123123', 2, 'completed', '2024-12-21 16:00:00.000000', NULL, 'none', NULL, NULL, 0, 0, '2024-12-22 14:05:12.090506', '2024-12-23 04:52:22.766612', 382, '2024-12-23 04:52:22.769850', NULL, '~', 27, 13, 13);
INSERT INTO `tasks_historicaltask` VALUES (56, '123', '1231', 1, 'completed', '2024-12-21 16:00:00.000000', NULL, 'none', NULL, NULL, 0, 0, '2024-12-22 14:04:19.300293', '2024-12-23 04:52:27.344986', 383, '2024-12-23 04:52:27.347136', NULL, '~', NULL, 13, 13);
INSERT INTO `tasks_historicaltask` VALUES (55, '123123', '23123', 1, 'completed', '2024-12-21 16:00:00.000000', NULL, 'none', NULL, NULL, 0, 0, '2024-12-22 14:04:06.121753', '2024-12-23 04:52:27.879798', 384, '2024-12-23 04:52:27.882041', NULL, '~', NULL, 13, 13);
INSERT INTO `tasks_historicaltask` VALUES (54, '123123', '23123', 1, 'completed', '2024-12-21 16:00:00.000000', NULL, 'none', NULL, NULL, 0, 0, '2024-12-22 14:03:32.718767', '2024-12-23 04:52:28.212441', 385, '2024-12-23 04:52:28.214429', NULL, '~', NULL, 13, 13);
INSERT INTO `tasks_historicaltask` VALUES (53, '123', '23123', 1, 'completed', '2024-12-21 16:00:00.000000', NULL, 'none', NULL, NULL, 0, 0, '2024-12-22 14:03:22.225675', '2024-12-23 04:52:45.392729', 386, '2024-12-23 04:52:45.394709', NULL, '~', NULL, 13, 13);
INSERT INTO `tasks_historicaltask` VALUES (53, '123', '23123', 1, 'pending', '2024-12-21 16:00:00.000000', NULL, 'none', NULL, NULL, 0, 0, '2024-12-22 14:03:22.225675', '2024-12-23 04:53:04.614061', 387, '2024-12-23 04:53:04.617181', NULL, '~', NULL, 13, 13);
INSERT INTO `tasks_historicaltask` VALUES (53, '123', '23123', 1, 'completed', '2024-12-21 16:00:00.000000', NULL, 'none', NULL, NULL, 0, 0, '2024-12-22 14:03:22.225675', '2024-12-23 04:53:07.329212', 388, '2024-12-23 04:53:07.331406', NULL, '~', NULL, 13, 13);
INSERT INTO `tasks_historicaltask` VALUES (57, '213', '123123', 2, 'pending', '2024-12-21 16:00:00.000000', NULL, 'none', NULL, NULL, 0, 0, '2024-12-22 14:05:12.090506', '2024-12-23 04:53:08.100408', 389, '2024-12-23 04:53:08.102312', NULL, '~', 27, 13, 13);
INSERT INTO `tasks_historicaltask` VALUES (57, '213', '123123', 2, 'completed', '2024-12-21 16:00:00.000000', NULL, 'none', NULL, NULL, 0, 0, '2024-12-22 14:05:12.090506', '2024-12-23 04:53:08.910820', 390, '2024-12-23 04:53:08.912485', NULL, '~', 27, 13, 13);
INSERT INTO `tasks_historicaltask` VALUES (57, '213', '123123', 2, 'pending', '2024-12-21 16:00:00.000000', NULL, 'none', NULL, NULL, 0, 0, '2024-12-22 14:05:12.090506', '2024-12-23 04:53:09.695852', 391, '2024-12-23 04:53:09.698205', NULL, '~', 27, 13, 13);
INSERT INTO `tasks_historicaltask` VALUES (57, '213', '123123', 2, 'completed', '2024-12-21 16:00:00.000000', NULL, 'none', NULL, NULL, 0, 0, '2024-12-22 14:05:12.090506', '2024-12-23 04:53:10.262672', 392, '2024-12-23 04:53:10.264362', NULL, '~', 27, 13, 13);
INSERT INTO `tasks_historicaltask` VALUES (57, '213', '123123', 2, 'pending', '2024-12-21 16:00:00.000000', NULL, 'none', NULL, NULL, 0, 0, '2024-12-22 14:05:12.090506', '2024-12-23 04:53:27.582999', 393, '2024-12-23 04:53:27.585756', NULL, '~', 27, 13, 13);
INSERT INTO `tasks_historicaltask` VALUES (53, '123', '23123', 1, 'pending', '2024-12-21 16:00:00.000000', NULL, 'none', NULL, NULL, 0, 0, '2024-12-22 14:03:22.225675', '2024-12-23 04:53:29.094135', 394, '2024-12-23 04:53:29.096302', NULL, '~', NULL, 13, 13);
INSERT INTO `tasks_historicaltask` VALUES (55, '123123', '23123', 1, 'pending', '2024-12-21 16:00:00.000000', NULL, 'none', NULL, NULL, 0, 0, '2024-12-22 14:04:06.121753', '2024-12-23 04:53:33.206649', 395, '2024-12-23 04:53:33.208781', NULL, '~', NULL, 13, 13);
INSERT INTO `tasks_historicaltask` VALUES (54, '123123', '23123', 1, 'pending', '2024-12-21 16:00:00.000000', NULL, 'none', NULL, NULL, 0, 0, '2024-12-22 14:03:32.718767', '2024-12-23 04:53:35.567516', 396, '2024-12-23 04:53:35.569829', NULL, '~', NULL, 13, 13);
INSERT INTO `tasks_historicaltask` VALUES (52, '1231', '312312', 1, 'pending', '2024-12-21 16:00:00.000000', NULL, 'none', NULL, NULL, 0, 0, '2024-12-22 14:03:08.034352', '2024-12-23 04:53:37.942385', 397, '2024-12-23 04:53:37.944463', NULL, '~', NULL, 13, 13);
INSERT INTO `tasks_historicaltask` VALUES (55, '123123', '23123', 1, 'completed', '2024-12-21 16:00:00.000000', NULL, 'none', NULL, NULL, 0, 0, '2024-12-22 14:04:06.121753', '2024-12-23 04:53:43.528778', 398, '2024-12-23 04:53:43.531182', NULL, '~', NULL, 13, 13);
INSERT INTO `tasks_historicaltask` VALUES (54, '123123', '23123', 1, 'completed', '2024-12-21 16:00:00.000000', NULL, 'none', NULL, NULL, 0, 0, '2024-12-22 14:03:32.718767', '2024-12-23 04:53:44.901775', 399, '2024-12-23 04:53:44.904010', NULL, '~', NULL, 13, 13);
INSERT INTO `tasks_historicaltask` VALUES (56, '123', '1231', 1, 'pending', '2024-12-21 16:00:00.000000', NULL, 'none', NULL, NULL, 0, 0, '2024-12-22 14:04:19.300293', '2024-12-23 04:53:46.534644', 400, '2024-12-23 04:53:46.536402', NULL, '~', NULL, 13, 13);
INSERT INTO `tasks_historicaltask` VALUES (55, '123123', '23123', 1, 'pending', '2024-12-21 16:00:00.000000', NULL, 'none', NULL, NULL, 0, 0, '2024-12-22 14:04:06.121753', '2024-12-23 04:53:47.551505', 401, '2024-12-23 04:53:47.553359', NULL, '~', NULL, 13, 13);
INSERT INTO `tasks_historicaltask` VALUES (52, '1231', '312312', 1, 'completed', '2024-12-21 16:00:00.000000', NULL, 'none', NULL, NULL, 0, 0, '2024-12-22 14:03:08.034352', '2024-12-23 04:53:52.431226', 402, '2024-12-23 04:53:52.433698', NULL, '~', NULL, 13, 13);
INSERT INTO `tasks_historicaltask` VALUES (55, '123123', '23123', 1, 'completed', '2024-12-21 16:00:00.000000', NULL, 'none', NULL, NULL, 0, 0, '2024-12-22 14:04:06.121753', '2024-12-23 04:53:53.308766', 403, '2024-12-23 04:53:53.311096', NULL, '~', NULL, 13, 13);
INSERT INTO `tasks_historicaltask` VALUES (56, '123', '1231', 1, 'completed', '2024-12-21 16:00:00.000000', NULL, 'none', NULL, NULL, 0, 0, '2024-12-22 14:04:19.300293', '2024-12-23 04:53:53.855810', 404, '2024-12-23 04:53:53.857685', NULL, '~', NULL, 13, 13);
INSERT INTO `tasks_historicaltask` VALUES (53, '123', '23123', 1, 'completed', '2024-12-21 16:00:00.000000', NULL, 'none', NULL, NULL, 0, 0, '2024-12-22 14:03:22.225675', '2024-12-23 04:53:54.347865', 405, '2024-12-23 04:53:54.349858', NULL, '~', NULL, 13, 13);
INSERT INTO `tasks_historicaltask` VALUES (57, '213', '123123', 2, 'completed', '2024-12-21 16:00:00.000000', NULL, 'none', NULL, NULL, 0, 0, '2024-12-22 14:05:12.090506', '2024-12-23 04:55:40.927823', 406, '2024-12-23 04:55:40.930527', NULL, '~', 27, 13, 13);
INSERT INTO `tasks_historicaltask` VALUES (56, '123', '1231', 1, 'pending', '2024-12-21 16:00:00.000000', NULL, 'none', NULL, NULL, 0, 0, '2024-12-22 14:04:19.300293', '2024-12-23 04:56:00.624099', 407, '2024-12-23 04:56:00.626457', NULL, '~', NULL, 13, 13);
INSERT INTO `tasks_historicaltask` VALUES (55, '123123', '23123', 1, 'pending', '2024-12-21 16:00:00.000000', NULL, 'none', NULL, NULL, 0, 0, '2024-12-22 14:04:06.121753', '2024-12-23 04:56:01.342680', 408, '2024-12-23 04:56:01.345882', NULL, '~', NULL, 13, 13);
INSERT INTO `tasks_historicaltask` VALUES (54, '123123', '23123', 1, 'pending', '2024-12-21 16:00:00.000000', NULL, 'none', NULL, NULL, 0, 0, '2024-12-22 14:03:32.718767', '2024-12-23 04:56:06.070499', 409, '2024-12-23 04:56:06.072634', NULL, '~', NULL, 13, 13);
INSERT INTO `tasks_historicaltask` VALUES (48, '123123', '123123', 1, 'pending', '2024-12-21 16:00:00.000000', NULL, 'none', NULL, NULL, 0, 0, '2024-12-22 14:01:49.946945', '2024-12-23 04:56:08.369653', 410, '2024-12-23 04:56:08.371969', NULL, '~', NULL, 13, 13);
INSERT INTO `tasks_historicaltask` VALUES (50, '123123', '23123123', 1, 'pending', '2024-12-21 16:00:00.000000', NULL, 'none', NULL, NULL, 0, 0, '2024-12-22 14:02:37.312326', '2024-12-23 04:56:11.407698', 411, '2024-12-23 04:56:11.410009', NULL, '~', NULL, 13, 13);
INSERT INTO `tasks_historicaltask` VALUES (53, '123', '23123', 1, 'pending', '2024-12-21 16:00:00.000000', NULL, 'none', NULL, NULL, 0, 0, '2024-12-22 14:03:22.225675', '2024-12-23 04:56:14.913213', 412, '2024-12-23 04:56:14.915368', NULL, '~', NULL, 13, 13);
INSERT INTO `tasks_historicaltask` VALUES (48, '123123', '123123', 1, 'completed', '2024-12-21 16:00:00.000000', NULL, 'none', NULL, NULL, 0, 0, '2024-12-22 14:01:49.946945', '2024-12-23 04:56:28.535199', 413, '2024-12-23 04:56:28.537492', NULL, '~', NULL, 13, 13);
INSERT INTO `tasks_historicaltask` VALUES (57, '213', '123123', 2, 'pending', '2024-12-21 16:00:00.000000', NULL, 'none', NULL, NULL, 0, 0, '2024-12-22 14:05:12.090506', '2024-12-23 04:57:33.264314', 414, '2024-12-23 04:57:33.266678', NULL, '~', 27, 13, 13);
INSERT INTO `tasks_historicaltask` VALUES (52, '1231', '312312', 1, 'pending', '2024-12-21 16:00:00.000000', NULL, 'none', NULL, NULL, 0, 0, '2024-12-22 14:03:08.034352', '2024-12-23 04:57:35.728719', 415, '2024-12-23 04:57:35.730982', NULL, '~', NULL, 13, 13);
INSERT INTO `tasks_historicaltask` VALUES (51, '23123', '1231', 1, 'pending', '2024-12-21 16:00:00.000000', NULL, 'none', NULL, NULL, 0, 0, '2024-12-22 14:02:55.330399', '2024-12-23 04:57:37.526135', 416, '2024-12-23 04:57:37.528208', NULL, '~', NULL, 13, 13);
INSERT INTO `tasks_historicaltask` VALUES (48, '123123', '123123', 1, 'pending', '2024-12-21 16:00:00.000000', NULL, 'none', NULL, NULL, 0, 0, '2024-12-22 14:01:49.946945', '2024-12-23 04:57:49.185815', 417, '2024-12-23 04:57:49.188178', NULL, '~', NULL, 13, 13);
INSERT INTO `tasks_historicaltask` VALUES (49, '123123', '123123', 1, 'pending', '2024-12-21 16:00:00.000000', NULL, 'none', NULL, NULL, 0, 0, '2024-12-22 14:02:02.390792', '2024-12-23 04:57:51.198858', 418, '2024-12-23 04:57:51.201117', NULL, '~', NULL, 13, 13);
INSERT INTO `tasks_historicaltask` VALUES (48, '123123', '123123', 1, 'completed', '2024-12-21 16:00:00.000000', NULL, 'none', NULL, NULL, 0, 0, '2024-12-22 14:01:49.946945', '2024-12-23 04:59:00.785012', 419, '2024-12-23 04:59:00.787076', NULL, '~', NULL, 13, 13);
INSERT INTO `tasks_historicaltask` VALUES (49, '123123', '123123', 1, 'completed', '2024-12-21 16:00:00.000000', NULL, 'none', NULL, NULL, 0, 0, '2024-12-22 14:02:02.390792', '2024-12-23 04:59:54.377064', 420, '2024-12-23 04:59:54.379337', NULL, '~', NULL, 13, 13);
INSERT INTO `tasks_historicaltask` VALUES (50, '123123', '23123123', 1, 'completed', '2024-12-21 16:00:00.000000', NULL, 'none', NULL, NULL, 0, 0, '2024-12-22 14:02:37.312326', '2024-12-23 04:59:56.078560', 421, '2024-12-23 04:59:56.080886', NULL, '~', NULL, 13, 13);
INSERT INTO `tasks_historicaltask` VALUES (48, '123123', '123123', 1, 'pending', '2024-12-21 16:00:00.000000', NULL, 'none', NULL, NULL, 0, 0, '2024-12-22 14:01:49.946945', '2024-12-23 05:00:02.848721', 422, '2024-12-23 05:00:02.850645', NULL, '~', NULL, 13, 13);
INSERT INTO `tasks_historicaltask` VALUES (50, '123123', '23123123', 1, 'pending', '2024-12-21 16:00:00.000000', NULL, 'none', NULL, NULL, 0, 0, '2024-12-22 14:02:37.312326', '2024-12-23 05:00:04.278003', 423, '2024-12-23 05:00:04.280538', NULL, '~', NULL, 13, 13);
INSERT INTO `tasks_historicaltask` VALUES (49, '123123', '123123', 1, 'pending', '2024-12-21 16:00:00.000000', NULL, 'none', NULL, NULL, 0, 0, '2024-12-22 14:02:02.390792', '2024-12-23 05:00:05.412241', 424, '2024-12-23 05:00:05.414239', NULL, '~', NULL, 13, 13);
INSERT INTO `tasks_historicaltask` VALUES (55, '123123', '23123', 1, 'completed', '2024-12-21 16:00:00.000000', NULL, 'none', NULL, NULL, 0, 0, '2024-12-22 14:04:06.121753', '2024-12-23 05:02:09.354287', 425, '2024-12-23 05:02:09.356344', NULL, '~', NULL, 13, 13);
INSERT INTO `tasks_historicaltask` VALUES (53, '123', '23123', 1, 'completed', '2024-12-21 16:00:00.000000', NULL, 'none', NULL, NULL, 0, 0, '2024-12-22 14:03:22.225675', '2024-12-23 05:02:11.999811', 426, '2024-12-23 05:02:12.001969', NULL, '~', NULL, 13, 13);
INSERT INTO `tasks_historicaltask` VALUES (54, '123123', '23123', 1, 'completed', '2024-12-21 16:00:00.000000', NULL, 'none', NULL, NULL, 0, 0, '2024-12-22 14:03:32.718767', '2024-12-23 05:02:12.797455', 427, '2024-12-23 05:02:12.799165', NULL, '~', NULL, 13, 13);
INSERT INTO `tasks_historicaltask` VALUES (56, '123', '1231', 1, 'completed', '2024-12-21 16:00:00.000000', NULL, 'none', NULL, NULL, 0, 0, '2024-12-22 14:04:19.300293', '2024-12-23 05:02:13.312684', 428, '2024-12-23 05:02:13.314373', NULL, '~', NULL, 13, 13);
INSERT INTO `tasks_historicaltask` VALUES (57, '213', '123123', 2, 'completed', '2024-12-21 16:00:00.000000', NULL, 'none', NULL, NULL, 0, 0, '2024-12-22 14:05:12.090506', '2024-12-23 05:02:13.893329', 429, '2024-12-23 05:02:13.895786', NULL, '~', 27, 13, 13);
INSERT INTO `tasks_historicaltask` VALUES (51, '23123', '1231', 1, 'completed', '2024-12-21 16:00:00.000000', NULL, 'none', NULL, NULL, 0, 0, '2024-12-22 14:02:55.330399', '2024-12-23 05:02:14.577680', 430, '2024-12-23 05:02:14.580087', NULL, '~', NULL, 13, 13);
INSERT INTO `tasks_historicaltask` VALUES (49, '123123', '123123', 1, 'completed', '2024-12-21 16:00:00.000000', NULL, 'none', NULL, NULL, 0, 0, '2024-12-22 14:02:02.390792', '2024-12-23 05:02:15.023439', 431, '2024-12-23 05:02:15.025342', NULL, '~', NULL, 13, 13);
INSERT INTO `tasks_historicaltask` VALUES (48, '123123', '123123', 1, 'completed', '2024-12-21 16:00:00.000000', NULL, 'none', NULL, NULL, 0, 0, '2024-12-22 14:01:49.946945', '2024-12-23 05:02:16.055418', 432, '2024-12-23 05:02:16.057768', NULL, '~', NULL, 13, 13);
INSERT INTO `tasks_historicaltask` VALUES (49, '123123', '123123', 1, 'pending', '2024-12-21 16:00:00.000000', NULL, 'none', NULL, NULL, 0, 0, '2024-12-22 14:02:02.390792', '2024-12-23 05:02:17.057091', 433, '2024-12-23 05:02:17.058913', NULL, '~', NULL, 13, 13);
INSERT INTO `tasks_historicaltask` VALUES (51, '23123', '1231', 1, 'pending', '2024-12-21 16:00:00.000000', NULL, 'none', NULL, NULL, 0, 0, '2024-12-22 14:02:55.330399', '2024-12-23 05:02:17.543638', 434, '2024-12-23 05:02:17.545648', NULL, '~', NULL, 13, 13);
INSERT INTO `tasks_historicaltask` VALUES (57, '213', '123123', 2, 'pending', '2024-12-21 16:00:00.000000', NULL, 'none', NULL, NULL, 0, 0, '2024-12-22 14:05:12.090506', '2024-12-23 05:02:22.350526', 435, '2024-12-23 05:02:22.352651', NULL, '~', 27, 13, 13);
INSERT INTO `tasks_historicaltask` VALUES (48, '123123', '123123', 1, 'pending', '2024-12-21 16:00:00.000000', NULL, 'none', NULL, NULL, 0, 0, '2024-12-22 14:01:49.946945', '2024-12-23 05:02:23.054860', 436, '2024-12-23 05:02:23.056575', NULL, '~', NULL, 13, 13);
INSERT INTO `tasks_historicaltask` VALUES (56, '123', '1231', 1, 'pending', '2024-12-21 16:00:00.000000', NULL, 'none', NULL, NULL, 0, 0, '2024-12-22 14:04:19.300293', '2024-12-23 05:02:24.197080', 437, '2024-12-23 05:02:24.198932', NULL, '~', NULL, 13, 13);
INSERT INTO `tasks_historicaltask` VALUES (54, '123123', '23123', 1, 'pending', '2024-12-21 16:00:00.000000', NULL, 'none', NULL, NULL, 0, 0, '2024-12-22 14:03:32.718767', '2024-12-23 05:02:25.576989', 438, '2024-12-23 05:02:25.578977', NULL, '~', NULL, 13, 13);
INSERT INTO `tasks_historicaltask` VALUES (45, '3124121', '12212', 1, 'pending', '2024-12-21 16:00:00.000000', NULL, 'none', NULL, NULL, 0, 0, '2024-12-22 13:05:26.968166', '2024-12-23 05:02:35.063654', 439, '2024-12-23 05:02:35.065803', NULL, '~', NULL, 13, 13);
INSERT INTO `tasks_historicaltask` VALUES (54, '123123', '23123', 1, 'completed', '2024-12-21 16:00:00.000000', NULL, 'none', NULL, NULL, 0, 0, '2024-12-22 14:03:32.718767', '2024-12-23 05:57:39.386679', 440, '2024-12-23 05:57:39.388604', NULL, '~', NULL, 13, 13);
INSERT INTO `tasks_historicaltask` VALUES (51, '23123', '1231', 1, 'completed', '2024-12-21 16:00:00.000000', NULL, 'none', NULL, NULL, 0, 0, '2024-12-22 14:02:55.330399', '2024-12-23 05:57:41.625703', 441, '2024-12-23 05:57:41.627671', NULL, '~', NULL, 13, 13);
INSERT INTO `tasks_historicaltask` VALUES (50, '123123', '23123123', 1, 'completed', '2024-12-21 16:00:00.000000', NULL, 'none', NULL, NULL, 0, 0, '2024-12-22 14:02:37.312326', '2024-12-23 05:57:43.912322', 442, '2024-12-23 05:57:43.915058', NULL, '~', NULL, 13, 13);
INSERT INTO `tasks_historicaltask` VALUES (49, '123123', '123123', 1, 'completed', '2024-12-21 16:00:00.000000', NULL, 'none', NULL, NULL, 0, 0, '2024-12-22 14:02:02.390792', '2024-12-23 05:57:45.987548', 443, '2024-12-23 05:57:45.989879', NULL, '~', NULL, 13, 13);
INSERT INTO `tasks_historicaltask` VALUES (48, '123123', '123123', 1, 'completed', '2024-12-21 16:00:00.000000', NULL, 'none', NULL, NULL, 0, 0, '2024-12-22 14:01:49.946945', '2024-12-23 05:57:47.291363', 444, '2024-12-23 05:57:47.299195', NULL, '~', NULL, 13, 13);
INSERT INTO `tasks_historicaltask` VALUES (52, '1231', '312312', 1, 'completed', '2024-12-21 16:00:00.000000', NULL, 'none', NULL, NULL, 0, 0, '2024-12-22 14:03:08.034352', '2024-12-23 05:58:07.210769', 445, '2024-12-23 05:58:07.212672', NULL, '~', NULL, 13, 13);
INSERT INTO `tasks_historicaltask` VALUES (57, '213', '123123', 2, 'completed', '2024-12-21 16:00:00.000000', NULL, 'none', NULL, NULL, 0, 0, '2024-12-22 14:05:12.090506', '2024-12-23 05:58:13.377127', 446, '2024-12-23 05:58:13.379405', NULL, '~', 27, 13, 13);
INSERT INTO `tasks_historicaltask` VALUES (56, '123', '1231', 1, 'completed', '2024-12-21 16:00:00.000000', NULL, 'none', NULL, NULL, 0, 0, '2024-12-22 14:04:19.300293', '2024-12-23 05:58:14.270033', 447, '2024-12-23 05:58:14.272017', NULL, '~', NULL, 13, 13);
INSERT INTO `tasks_historicaltask` VALUES (45, '3124121', '12212', 1, 'completed', '2024-12-21 16:00:00.000000', NULL, 'none', NULL, NULL, 0, 0, '2024-12-22 13:05:26.968166', '2024-12-23 05:58:15.055193', 448, '2024-12-23 05:58:15.058023', NULL, '~', NULL, 13, 13);
INSERT INTO `tasks_historicaltask` VALUES (57, '213', '123123', 2, 'completed', '2024-12-21 16:00:00.000000', NULL, 'none', NULL, NULL, 0, 0, '2024-12-22 14:05:12.090506', '2024-12-23 06:08:40.153614', 449, '2024-12-23 06:08:40.155890', NULL, '~', 39, 13, 13);
INSERT INTO `tasks_historicaltask` VALUES (54, '123123', '23123', 1, 'completed', '2024-12-21 16:00:00.000000', NULL, 'none', NULL, NULL, 0, 0, '2024-12-22 14:03:32.718767', '2024-12-23 06:08:58.169088', 450, '2024-12-23 06:08:58.171144', NULL, '~', 40, 13, 13);
INSERT INTO `tasks_historicaltask` VALUES (52, '1231', '312312', 1, 'completed', '2024-12-21 16:00:00.000000', NULL, 'none', NULL, NULL, 0, 0, '2024-12-22 14:03:08.034352', '2024-12-23 06:09:16.952646', 451, '2024-12-23 06:09:16.954518', NULL, '~', 41, 13, 13);
INSERT INTO `tasks_historicaltask` VALUES (48, '123123', '123123', 1, 'completed', '2024-12-21 16:00:00.000000', NULL, 'none', NULL, NULL, 0, 0, '2024-12-22 14:01:49.946945', '2024-12-23 06:09:53.918273', 452, '2024-12-23 06:09:53.920897', NULL, '~', 40, 13, 13);
INSERT INTO `tasks_historicaltask` VALUES (43, '431', '123', 1, 'completed', '2024-12-21 16:00:00.000000', NULL, 'none', NULL, NULL, 0, 0, '2024-12-22 12:44:50.888801', '2024-12-23 06:10:19.986840', 453, '2024-12-23 06:10:19.988864', NULL, '~', 27, 13, 13);

-- ----------------------------
-- Table structure for tasks_historicaltaskcomment
-- ----------------------------
DROP TABLE IF EXISTS `tasks_historicaltaskcomment`;
CREATE TABLE `tasks_historicaltaskcomment`  (
  `id` bigint NOT NULL,
  `content` longtext CHARACTER SET utf8mb4 COLLATE utf8mb4_0900_ai_ci NOT NULL,
  `created_at` datetime(6) NOT NULL,
  `updated_at` datetime(6) NOT NULL,
  `history_id` int NOT NULL AUTO_INCREMENT,
  `history_date` datetime(6) NOT NULL,
  `history_change_reason` varchar(100) CHARACTER SET utf8mb4 COLLATE utf8mb4_0900_ai_ci NULL DEFAULT NULL,
  `history_type` varchar(1) CHARACTER SET utf8mb4 COLLATE utf8mb4_0900_ai_ci NOT NULL,
  `history_user_id` bigint NULL DEFAULT NULL,
  `user_id` bigint NULL DEFAULT NULL,
  `task_id` bigint NULL DEFAULT NULL,
  PRIMARY KEY (`history_id`) USING BTREE,
  INDEX `tasks_historicaltask_history_user_id_ef3f7c3f_fk_accounts_`(`history_user_id` ASC) USING BTREE,
  INDEX `tasks_historicaltaskcomment_id_5173cd6a`(`id` ASC) USING BTREE,
  INDEX `tasks_historicaltaskcomment_history_date_9ed2d99d`(`history_date` ASC) USING BTREE,
  INDEX `tasks_historicaltaskcomment_user_id_0c37f0e0`(`user_id` ASC) USING BTREE,
  INDEX `tasks_historicaltaskcomment_task_id_6ef3a02a`(`task_id` ASC) USING BTREE,
  CONSTRAINT `tasks_historicaltask_history_user_id_ef3f7c3f_fk_accounts_` FOREIGN KEY (`history_user_id`) REFERENCES `accounts_user` (`id`) ON DELETE RESTRICT ON UPDATE RESTRICT
) ENGINE = InnoDB AUTO_INCREMENT = 187 CHARACTER SET = utf8mb4 COLLATE = utf8mb4_0900_ai_ci ROW_FORMAT = DYNAMIC;

-- ----------------------------
-- Records of tasks_historicaltaskcomment
-- ----------------------------
INSERT INTO `tasks_historicaltaskcomment` VALUES (1, '', '2024-12-09 12:55:48.644291', '2024-12-09 12:55:48.644291', 1, '2024-12-09 12:55:48.648600', NULL, '+', 4, 4, 3);
INSERT INTO `tasks_historicaltaskcomment` VALUES (2, '', '2024-12-09 12:55:53.358027', '2024-12-09 12:55:53.358027', 2, '2024-12-09 12:55:53.363912', NULL, '+', 4, 4, 3);
INSERT INTO `tasks_historicaltaskcomment` VALUES (3, '', '2024-12-09 12:55:54.140099', '2024-12-09 12:55:54.140099', 3, '2024-12-09 12:55:54.142047', NULL, '+', 4, 4, 3);
INSERT INTO `tasks_historicaltaskcomment` VALUES (4, '', '2024-12-09 12:55:54.698455', '2024-12-09 12:55:54.698455', 4, '2024-12-09 12:55:54.703884', NULL, '+', 4, 4, 3);
INSERT INTO `tasks_historicaltaskcomment` VALUES (5, '', '2024-12-09 12:55:55.217938', '2024-12-09 12:55:55.217938', 5, '2024-12-09 12:55:55.219556', NULL, '+', 4, 4, 3);
INSERT INTO `tasks_historicaltaskcomment` VALUES (6, '', '2024-12-09 12:55:55.684984', '2024-12-09 12:55:55.684984', 6, '2024-12-09 12:55:55.688842', NULL, '+', 4, 4, 3);
INSERT INTO `tasks_historicaltaskcomment` VALUES (7, '', '2024-12-09 12:55:55.924508', '2024-12-09 12:55:55.924508', 7, '2024-12-09 12:55:55.928233', NULL, '+', 4, 4, 3);
INSERT INTO `tasks_historicaltaskcomment` VALUES (8, '', '2024-12-09 12:55:56.136976', '2024-12-09 12:55:56.136976', 8, '2024-12-09 12:55:56.137983', NULL, '+', 4, 4, 3);
INSERT INTO `tasks_historicaltaskcomment` VALUES (9, '', '2024-12-09 12:55:56.359176', '2024-12-09 12:55:56.359176', 9, '2024-12-09 12:55:56.361149', NULL, '+', 4, 4, 3);
INSERT INTO `tasks_historicaltaskcomment` VALUES (10, '', '2024-12-09 12:55:56.584931', '2024-12-09 12:55:56.584931', 10, '2024-12-09 12:55:56.592289', NULL, '+', 4, 4, 3);
INSERT INTO `tasks_historicaltaskcomment` VALUES (11, '', '2024-12-09 12:55:56.830405', '2024-12-09 12:55:56.830405', 11, '2024-12-09 12:55:56.834377', NULL, '+', 4, 4, 3);
INSERT INTO `tasks_historicaltaskcomment` VALUES (12, '', '2024-12-09 12:55:57.025653', '2024-12-09 12:55:57.025653', 12, '2024-12-09 12:55:57.027089', NULL, '+', 4, 4, 3);
INSERT INTO `tasks_historicaltaskcomment` VALUES (13, '', '2024-12-09 12:55:57.217999', '2024-12-09 12:55:57.217999', 13, '2024-12-09 12:55:57.217999', NULL, '+', 4, 4, 3);
INSERT INTO `tasks_historicaltaskcomment` VALUES (14, '', '2024-12-09 12:55:57.437037', '2024-12-09 12:55:57.437037', 14, '2024-12-09 12:55:57.439037', NULL, '+', 4, 4, 3);
INSERT INTO `tasks_historicaltaskcomment` VALUES (15, '', '2024-12-09 12:55:57.645090', '2024-12-09 12:55:57.645090', 15, '2024-12-09 12:55:57.645090', NULL, '+', 4, 4, 3);
INSERT INTO `tasks_historicaltaskcomment` VALUES (16, '', '2024-12-09 12:55:57.881496', '2024-12-09 12:55:57.881496', 16, '2024-12-09 12:55:57.885462', NULL, '+', 4, 4, 3);
INSERT INTO `tasks_historicaltaskcomment` VALUES (17, '', '2024-12-09 12:55:58.077421', '2024-12-09 12:55:58.077421', 17, '2024-12-09 12:55:58.078427', NULL, '+', 4, 4, 3);
INSERT INTO `tasks_historicaltaskcomment` VALUES (18, '', '2024-12-14 05:13:00.849606', '2024-12-14 05:13:00.849620', 18, '2024-12-14 05:13:00.853088', NULL, '+', 1, 1, 1);
INSERT INTO `tasks_historicaltaskcomment` VALUES (19, '111', '2024-12-14 05:21:12.798949', '2024-12-14 05:21:12.798972', 19, '2024-12-14 05:21:12.800801', NULL, '+', 1, 1, 27);
INSERT INTO `tasks_historicaltaskcomment` VALUES (20, '3243423', '2024-12-14 05:21:16.355148', '2024-12-14 05:21:16.355170', 20, '2024-12-14 05:21:16.357184', NULL, '+', 1, 1, 27);
INSERT INTO `tasks_historicaltaskcomment` VALUES (21, '12342134234', '2024-12-14 05:21:18.347523', '2024-12-14 05:21:18.347545', 21, '2024-12-14 05:21:18.349532', NULL, '+', 1, 1, 27);
INSERT INTO `tasks_historicaltaskcomment` VALUES (22, '12341234', '2024-12-14 05:21:20.282681', '2024-12-14 05:21:20.282703', 22, '2024-12-14 05:21:20.284667', NULL, '+', 1, 1, 27);
INSERT INTO `tasks_historicaltaskcomment` VALUES (23, '1234234', '2024-12-14 05:21:22.435652', '2024-12-14 05:21:22.435673', 23, '2024-12-14 05:21:22.437699', NULL, '+', 1, 1, 27);
INSERT INTO `tasks_historicaltaskcomment` VALUES (24, '123123123', '2024-12-14 05:21:44.067982', '2024-12-14 05:21:44.068003', 24, '2024-12-14 05:21:44.069988', NULL, '+', 1, 1, 27);
INSERT INTO `tasks_historicaltaskcomment` VALUES (25, '123123123', '2024-12-14 05:21:45.763533', '2024-12-14 05:21:45.763554', 25, '2024-12-14 05:21:45.765849', NULL, '+', 1, 1, 27);
INSERT INTO `tasks_historicaltaskcomment` VALUES (26, '123123123', '2024-12-14 05:21:47.939066', '2024-12-14 05:21:47.939087', 26, '2024-12-14 05:21:47.940648', NULL, '+', 1, 1, 27);
INSERT INTO `tasks_historicaltaskcomment` VALUES (27, '111', '2024-12-14 05:27:14.406470', '2024-12-14 05:27:14.406493', 27, '2024-12-14 05:27:14.408899', NULL, '+', 1, 1, 23);
INSERT INTO `tasks_historicaltaskcomment` VALUES (28, '111', '2024-12-14 05:27:16.327551', '2024-12-14 05:27:16.327573', 28, '2024-12-14 05:27:16.329288', NULL, '+', 1, 1, 23);
INSERT INTO `tasks_historicaltaskcomment` VALUES (29, '111', '2024-12-14 05:27:18.162812', '2024-12-14 05:27:18.162836', 29, '2024-12-14 05:27:18.164555', NULL, '+', 1, 1, 23);
INSERT INTO `tasks_historicaltaskcomment` VALUES (30, '111', '2024-12-14 05:27:19.825503', '2024-12-14 05:27:19.825525', 30, '2024-12-14 05:27:19.827595', NULL, '+', 1, 1, 23);
INSERT INTO `tasks_historicaltaskcomment` VALUES (31, '111', '2024-12-14 05:28:05.704718', '2024-12-14 05:28:05.704741', 31, '2024-12-14 05:28:05.707361', NULL, '+', 1, 1, 23);
INSERT INTO `tasks_historicaltaskcomment` VALUES (32, '111', '2024-12-14 05:28:07.515973', '2024-12-14 05:28:07.515993', 32, '2024-12-14 05:28:07.517953', NULL, '+', 1, 1, 23);
INSERT INTO `tasks_historicaltaskcomment` VALUES (33, '111', '2024-12-14 05:28:09.443666', '2024-12-14 05:28:09.443687', 33, '2024-12-14 05:28:09.445902', NULL, '+', 1, 1, 23);
INSERT INTO `tasks_historicaltaskcomment` VALUES (34, '111', '2024-12-14 05:31:59.006707', '2024-12-14 05:31:59.006732', 34, '2024-12-14 05:31:59.008972', NULL, '+', 1, 1, 23);
INSERT INTO `tasks_historicaltaskcomment` VALUES (35, '111111', '2024-12-14 05:32:02.323376', '2024-12-14 05:32:02.323398', 35, '2024-12-14 05:32:02.325615', NULL, '+', 1, 1, 23);
INSERT INTO `tasks_historicaltaskcomment` VALUES (36, '111', '2024-12-14 05:32:08.869168', '2024-12-14 05:32:08.869189', 36, '2024-12-14 05:32:08.871615', NULL, '+', 1, 1, 27);
INSERT INTO `tasks_historicaltaskcomment` VALUES (37, '111222', '2024-12-14 05:32:34.348823', '2024-12-14 05:32:34.348845', 37, '2024-12-14 05:32:34.351229', NULL, '+', 1, 1, 27);
INSERT INTO `tasks_historicaltaskcomment` VALUES (38, '111', '2024-12-14 05:33:55.482567', '2024-12-14 05:33:55.482590', 38, '2024-12-14 05:33:55.485907', NULL, '+', 1, 1, 27);
INSERT INTO `tasks_historicaltaskcomment` VALUES (39, '2123123', '2024-12-14 05:33:58.727937', '2024-12-14 05:33:58.727958', 39, '2024-12-14 05:33:58.730387', NULL, '+', 1, 1, 27);
INSERT INTO `tasks_historicaltaskcomment` VALUES (40, '123123', '2024-12-14 05:34:00.523722', '2024-12-14 05:34:00.523747', 40, '2024-12-14 05:34:00.525898', NULL, '+', 1, 1, 27);
INSERT INTO `tasks_historicaltaskcomment` VALUES (41, '123123', '2024-12-14 05:34:01.827604', '2024-12-14 05:34:01.827626', 41, '2024-12-14 05:34:01.829615', NULL, '+', 1, 1, 27);
INSERT INTO `tasks_historicaltaskcomment` VALUES (42, '11', '2024-12-14 05:37:27.284078', '2024-12-14 05:37:27.284099', 42, '2024-12-14 05:37:27.286304', NULL, '+', 1, 1, 27);
INSERT INTO `tasks_historicaltaskcomment` VALUES (43, '111', '2024-12-14 05:37:29.956781', '2024-12-14 05:37:29.956804', 43, '2024-12-14 05:37:29.958610', NULL, '+', 1, 1, 27);
INSERT INTO `tasks_historicaltaskcomment` VALUES (44, '111', '2024-12-14 05:37:31.416781', '2024-12-14 05:37:31.416803', 44, '2024-12-14 05:37:31.418753', NULL, '+', 1, 1, 27);
INSERT INTO `tasks_historicaltaskcomment` VALUES (45, '123123', '2024-12-14 05:37:34.759309', '2024-12-14 05:37:34.759332', 45, '2024-12-14 05:37:34.761464', NULL, '+', 1, 1, 27);
INSERT INTO `tasks_historicaltaskcomment` VALUES (46, '1213', '2024-12-14 05:37:37.355759', '2024-12-14 05:37:37.355782', 46, '2024-12-14 05:37:37.357853', NULL, '+', 1, 1, 27);
INSERT INTO `tasks_historicaltaskcomment` VALUES (47, '111', '2024-12-14 05:38:02.005568', '2024-12-14 05:38:02.005609', 47, '2024-12-14 05:38:02.007823', NULL, '+', 1, 1, 27);
INSERT INTO `tasks_historicaltaskcomment` VALUES (48, '111', '2024-12-14 08:24:23.433304', '2024-12-14 08:24:23.433327', 48, '2024-12-14 08:24:23.435466', NULL, '+', 1, 1, 22);
INSERT INTO `tasks_historicaltaskcomment` VALUES (49, '111111', '2024-12-14 08:25:42.777766', '2024-12-14 08:25:42.777780', 49, '2024-12-14 08:25:42.779663', NULL, '+', 1, 1, 22);
INSERT INTO `tasks_historicaltaskcomment` VALUES (50, '111', '2024-12-14 08:28:18.156561', '2024-12-14 08:28:18.156575', 50, '2024-12-14 08:28:18.158352', NULL, '+', 1, 1, 22);
INSERT INTO `tasks_historicaltaskcomment` VALUES (51, '111222', '2024-12-14 08:28:21.543718', '2024-12-14 08:28:21.543732', 51, '2024-12-14 08:28:21.545760', NULL, '+', 1, 1, 22);
INSERT INTO `tasks_historicaltaskcomment` VALUES (52, '111', '2024-12-14 08:31:27.804187', '2024-12-14 08:31:27.804210', 52, '2024-12-14 08:31:27.806234', NULL, '+', 1, 1, 22);
INSERT INTO `tasks_historicaltaskcomment` VALUES (53, '123123', '2024-12-14 08:31:33.028504', '2024-12-14 08:31:33.028523', 53, '2024-12-14 08:31:33.030492', NULL, '+', 1, 1, 22);
INSERT INTO `tasks_historicaltaskcomment` VALUES (54, '123123', '2024-12-14 08:31:36.520463', '2024-12-14 08:31:36.520485', 54, '2024-12-14 08:31:36.522681', NULL, '+', 1, 1, 22);
INSERT INTO `tasks_historicaltaskcomment` VALUES (55, '123123123', '2024-12-14 08:31:39.663463', '2024-12-14 08:31:39.663484', 55, '2024-12-14 08:31:39.665419', NULL, '+', 1, 1, 22);
INSERT INTO `tasks_historicaltaskcomment` VALUES (56, '123123', '2024-12-14 08:31:43.321054', '2024-12-14 08:31:43.321075', 56, '2024-12-14 08:31:43.322949', NULL, '+', 1, 1, 22);
INSERT INTO `tasks_historicaltaskcomment` VALUES (57, '123123', '2024-12-14 08:31:47.327177', '2024-12-14 08:31:47.327196', 57, '2024-12-14 08:31:47.329543', NULL, '+', 1, 1, 22);
INSERT INTO `tasks_historicaltaskcomment` VALUES (57, '123123', '2024-12-14 08:31:47.327177', '2024-12-14 08:31:47.327196', 58, '2024-12-14 08:32:00.343635', NULL, '-', 1, 1, 22);
INSERT INTO `tasks_historicaltaskcomment` VALUES (56, '123123', '2024-12-14 08:31:43.321054', '2024-12-14 08:31:43.321075', 59, '2024-12-14 08:32:00.344676', NULL, '-', 1, 1, 22);
INSERT INTO `tasks_historicaltaskcomment` VALUES (55, '123123123', '2024-12-14 08:31:39.663463', '2024-12-14 08:31:39.663484', 60, '2024-12-14 08:32:00.345534', NULL, '-', 1, 1, 22);
INSERT INTO `tasks_historicaltaskcomment` VALUES (54, '123123', '2024-12-14 08:31:36.520463', '2024-12-14 08:31:36.520485', 61, '2024-12-14 08:32:00.346292', NULL, '-', 1, 1, 22);
INSERT INTO `tasks_historicaltaskcomment` VALUES (53, '123123', '2024-12-14 08:31:33.028504', '2024-12-14 08:31:33.028523', 62, '2024-12-14 08:32:00.346846', NULL, '-', 1, 1, 22);
INSERT INTO `tasks_historicaltaskcomment` VALUES (52, '111', '2024-12-14 08:31:27.804187', '2024-12-14 08:31:27.804210', 63, '2024-12-14 08:32:00.347366', NULL, '-', 1, 1, 22);
INSERT INTO `tasks_historicaltaskcomment` VALUES (51, '111222', '2024-12-14 08:28:21.543718', '2024-12-14 08:28:21.543732', 64, '2024-12-14 08:32:00.347865', NULL, '-', 1, 1, 22);
INSERT INTO `tasks_historicaltaskcomment` VALUES (50, '111', '2024-12-14 08:28:18.156561', '2024-12-14 08:28:18.156575', 65, '2024-12-14 08:32:00.348437', NULL, '-', 1, 1, 22);
INSERT INTO `tasks_historicaltaskcomment` VALUES (49, '111111', '2024-12-14 08:25:42.777766', '2024-12-14 08:25:42.777780', 66, '2024-12-14 08:32:00.348927', NULL, '-', 1, 1, 22);
INSERT INTO `tasks_historicaltaskcomment` VALUES (48, '111', '2024-12-14 08:24:23.433304', '2024-12-14 08:24:23.433327', 67, '2024-12-14 08:32:00.349467', NULL, '-', 1, 1, 22);
INSERT INTO `tasks_historicaltaskcomment` VALUES (58, '123123', '2024-12-14 08:35:12.959750', '2024-12-14 08:35:12.959771', 68, '2024-12-14 08:35:12.961854', NULL, '+', 1, 1, 27);
INSERT INTO `tasks_historicaltaskcomment` VALUES (59, '123123', '2024-12-14 08:35:23.176619', '2024-12-14 08:35:23.176652', 69, '2024-12-14 08:35:23.178332', NULL, '+', 1, 1, 27);
INSERT INTO `tasks_historicaltaskcomment` VALUES (60, '1', '2024-12-14 08:35:25.128400', '2024-12-14 08:35:25.128421', 70, '2024-12-14 08:35:25.130196', NULL, '+', 1, 1, 27);
INSERT INTO `tasks_historicaltaskcomment` VALUES (61, '1', '2024-12-14 08:35:27.472238', '2024-12-14 08:35:27.472259', 71, '2024-12-14 08:35:27.474119', NULL, '+', 1, 1, 27);
INSERT INTO `tasks_historicaltaskcomment` VALUES (62, '111', '2024-12-14 08:35:29.088677', '2024-12-14 08:35:29.088700', 72, '2024-12-14 08:35:29.090401', NULL, '+', 1, 1, 27);
INSERT INTO `tasks_historicaltaskcomment` VALUES (63, '111', '2024-12-14 08:35:30.416420', '2024-12-14 08:35:30.416442', 73, '2024-12-14 08:35:30.417980', NULL, '+', 1, 1, 27);
INSERT INTO `tasks_historicaltaskcomment` VALUES (64, '111', '2024-12-14 08:35:31.704485', '2024-12-14 08:35:31.704508', 74, '2024-12-14 08:35:31.706355', NULL, '+', 1, 1, 27);
INSERT INTO `tasks_historicaltaskcomment` VALUES (65, '1', '2024-12-14 08:35:32.634122', '2024-12-14 08:35:32.634143', 75, '2024-12-14 08:35:32.635766', NULL, '+', 1, 1, 27);
INSERT INTO `tasks_historicaltaskcomment` VALUES (66, '1213', '2024-12-14 08:35:34.234800', '2024-12-14 08:35:34.234821', 76, '2024-12-14 08:35:34.236749', NULL, '+', 1, 1, 27);
INSERT INTO `tasks_historicaltaskcomment` VALUES (67, '123123', '2024-12-14 08:35:35.384687', '2024-12-14 08:35:35.384709', 77, '2024-12-14 08:35:35.386226', NULL, '+', 1, 1, 27);
INSERT INTO `tasks_historicaltaskcomment` VALUES (68, '1231', '2024-12-14 08:35:36.710029', '2024-12-14 08:35:36.710055', 78, '2024-12-14 08:35:36.712037', NULL, '+', 1, 1, 27);
INSERT INTO `tasks_historicaltaskcomment` VALUES (69, '123123', '2024-12-14 08:35:50.487639', '2024-12-14 08:35:50.487666', 79, '2024-12-14 08:35:50.489647', NULL, '+', 1, 1, 27);
INSERT INTO `tasks_historicaltaskcomment` VALUES (69, '123123', '2024-12-14 08:35:50.487639', '2024-12-14 08:35:50.487666', 80, '2024-12-14 08:37:00.363591', NULL, '-', 1, 1, 27);
INSERT INTO `tasks_historicaltaskcomment` VALUES (68, '1231', '2024-12-14 08:35:36.710029', '2024-12-14 08:35:36.710055', 81, '2024-12-14 08:37:00.364789', NULL, '-', 1, 1, 27);
INSERT INTO `tasks_historicaltaskcomment` VALUES (67, '123123', '2024-12-14 08:35:35.384687', '2024-12-14 08:35:35.384709', 82, '2024-12-14 08:37:00.365665', NULL, '-', 1, 1, 27);
INSERT INTO `tasks_historicaltaskcomment` VALUES (66, '1213', '2024-12-14 08:35:34.234800', '2024-12-14 08:35:34.234821', 83, '2024-12-14 08:37:00.366381', NULL, '-', 1, 1, 27);
INSERT INTO `tasks_historicaltaskcomment` VALUES (65, '1', '2024-12-14 08:35:32.634122', '2024-12-14 08:35:32.634143', 84, '2024-12-14 08:37:00.367120', NULL, '-', 1, 1, 27);
INSERT INTO `tasks_historicaltaskcomment` VALUES (64, '111', '2024-12-14 08:35:31.704485', '2024-12-14 08:35:31.704508', 85, '2024-12-14 08:37:00.367852', NULL, '-', 1, 1, 27);
INSERT INTO `tasks_historicaltaskcomment` VALUES (63, '111', '2024-12-14 08:35:30.416420', '2024-12-14 08:35:30.416442', 86, '2024-12-14 08:37:00.368626', NULL, '-', 1, 1, 27);
INSERT INTO `tasks_historicaltaskcomment` VALUES (62, '111', '2024-12-14 08:35:29.088677', '2024-12-14 08:35:29.088700', 87, '2024-12-14 08:37:00.369337', NULL, '-', 1, 1, 27);
INSERT INTO `tasks_historicaltaskcomment` VALUES (61, '1', '2024-12-14 08:35:27.472238', '2024-12-14 08:35:27.472259', 88, '2024-12-14 08:37:00.370030', NULL, '-', 1, 1, 27);
INSERT INTO `tasks_historicaltaskcomment` VALUES (60, '1', '2024-12-14 08:35:25.128400', '2024-12-14 08:35:25.128421', 89, '2024-12-14 08:37:00.371394', NULL, '-', 1, 1, 27);
INSERT INTO `tasks_historicaltaskcomment` VALUES (59, '123123', '2024-12-14 08:35:23.176619', '2024-12-14 08:35:23.176652', 90, '2024-12-14 08:37:00.372716', NULL, '-', 1, 1, 27);
INSERT INTO `tasks_historicaltaskcomment` VALUES (58, '123123', '2024-12-14 08:35:12.959750', '2024-12-14 08:35:12.959771', 91, '2024-12-14 08:37:00.373632', NULL, '-', 1, 1, 27);
INSERT INTO `tasks_historicaltaskcomment` VALUES (47, '111', '2024-12-14 05:38:02.005568', '2024-12-14 05:38:02.005609', 92, '2024-12-14 08:37:00.374324', NULL, '-', 1, 1, 27);
INSERT INTO `tasks_historicaltaskcomment` VALUES (46, '1213', '2024-12-14 05:37:37.355759', '2024-12-14 05:37:37.355782', 93, '2024-12-14 08:37:00.375064', NULL, '-', 1, 1, 27);
INSERT INTO `tasks_historicaltaskcomment` VALUES (45, '123123', '2024-12-14 05:37:34.759309', '2024-12-14 05:37:34.759332', 94, '2024-12-14 08:37:00.375723', NULL, '-', 1, 1, 27);
INSERT INTO `tasks_historicaltaskcomment` VALUES (44, '111', '2024-12-14 05:37:31.416781', '2024-12-14 05:37:31.416803', 95, '2024-12-14 08:37:00.376363', NULL, '-', 1, 1, 27);
INSERT INTO `tasks_historicaltaskcomment` VALUES (43, '111', '2024-12-14 05:37:29.956781', '2024-12-14 05:37:29.956804', 96, '2024-12-14 08:37:00.376996', NULL, '-', 1, 1, 27);
INSERT INTO `tasks_historicaltaskcomment` VALUES (42, '11', '2024-12-14 05:37:27.284078', '2024-12-14 05:37:27.284099', 97, '2024-12-14 08:37:00.377622', NULL, '-', 1, 1, 27);
INSERT INTO `tasks_historicaltaskcomment` VALUES (41, '123123', '2024-12-14 05:34:01.827604', '2024-12-14 05:34:01.827626', 98, '2024-12-14 08:37:00.378255', NULL, '-', 1, 1, 27);
INSERT INTO `tasks_historicaltaskcomment` VALUES (40, '123123', '2024-12-14 05:34:00.523722', '2024-12-14 05:34:00.523747', 99, '2024-12-14 08:37:00.378879', NULL, '-', 1, 1, 27);
INSERT INTO `tasks_historicaltaskcomment` VALUES (39, '2123123', '2024-12-14 05:33:58.727937', '2024-12-14 05:33:58.727958', 100, '2024-12-14 08:37:00.379521', NULL, '-', 1, 1, 27);
INSERT INTO `tasks_historicaltaskcomment` VALUES (38, '111', '2024-12-14 05:33:55.482567', '2024-12-14 05:33:55.482590', 101, '2024-12-14 08:37:00.380331', NULL, '-', 1, 1, 27);
INSERT INTO `tasks_historicaltaskcomment` VALUES (37, '111222', '2024-12-14 05:32:34.348823', '2024-12-14 05:32:34.348845', 102, '2024-12-14 08:37:00.380956', NULL, '-', 1, 1, 27);
INSERT INTO `tasks_historicaltaskcomment` VALUES (36, '111', '2024-12-14 05:32:08.869168', '2024-12-14 05:32:08.869189', 103, '2024-12-14 08:37:00.381574', NULL, '-', 1, 1, 27);
INSERT INTO `tasks_historicaltaskcomment` VALUES (26, '123123123', '2024-12-14 05:21:47.939066', '2024-12-14 05:21:47.939087', 104, '2024-12-14 08:37:00.382216', NULL, '-', 1, 1, 27);
INSERT INTO `tasks_historicaltaskcomment` VALUES (25, '123123123', '2024-12-14 05:21:45.763533', '2024-12-14 05:21:45.763554', 105, '2024-12-14 08:37:00.382830', NULL, '-', 1, 1, 27);
INSERT INTO `tasks_historicaltaskcomment` VALUES (24, '123123123', '2024-12-14 05:21:44.067982', '2024-12-14 05:21:44.068003', 106, '2024-12-14 08:37:00.383434', NULL, '-', 1, 1, 27);
INSERT INTO `tasks_historicaltaskcomment` VALUES (23, '1234234', '2024-12-14 05:21:22.435652', '2024-12-14 05:21:22.435673', 107, '2024-12-14 08:37:00.384038', NULL, '-', 1, 1, 27);
INSERT INTO `tasks_historicaltaskcomment` VALUES (22, '12341234', '2024-12-14 05:21:20.282681', '2024-12-14 05:21:20.282703', 108, '2024-12-14 08:37:00.384675', NULL, '-', 1, 1, 27);
INSERT INTO `tasks_historicaltaskcomment` VALUES (21, '12342134234', '2024-12-14 05:21:18.347523', '2024-12-14 05:21:18.347545', 109, '2024-12-14 08:37:00.385303', NULL, '-', 1, 1, 27);
INSERT INTO `tasks_historicaltaskcomment` VALUES (20, '3243423', '2024-12-14 05:21:16.355148', '2024-12-14 05:21:16.355170', 110, '2024-12-14 08:37:00.385925', NULL, '-', 1, 1, 27);
INSERT INTO `tasks_historicaltaskcomment` VALUES (19, '111', '2024-12-14 05:21:12.798949', '2024-12-14 05:21:12.798972', 111, '2024-12-14 08:37:00.386545', NULL, '-', 1, 1, 27);
INSERT INTO `tasks_historicaltaskcomment` VALUES (70, '12313', '2024-12-14 08:44:07.310029', '2024-12-14 08:44:07.310053', 112, '2024-12-14 08:44:07.312253', NULL, '+', 1, 1, 16);
INSERT INTO `tasks_historicaltaskcomment` VALUES (71, '12312', '2024-12-14 08:44:11.195166', '2024-12-14 08:44:11.195188', 113, '2024-12-14 08:44:11.197229', NULL, '+', 1, 1, 16);
INSERT INTO `tasks_historicaltaskcomment` VALUES (72, '123123', '2024-12-14 08:44:13.417722', '2024-12-14 08:44:13.417743', 114, '2024-12-14 08:44:13.419750', NULL, '+', 1, 1, 16);
INSERT INTO `tasks_historicaltaskcomment` VALUES (73, '123123', '2024-12-14 08:44:15.376870', '2024-12-14 08:44:15.376891', 115, '2024-12-14 08:44:15.378790', NULL, '+', 1, 1, 16);
INSERT INTO `tasks_historicaltaskcomment` VALUES (74, '123', '2024-12-14 08:44:16.773385', '2024-12-14 08:44:16.773407', 116, '2024-12-14 08:44:16.775611', NULL, '+', 1, 1, 16);
INSERT INTO `tasks_historicaltaskcomment` VALUES (75, '123123', '2024-12-14 08:44:18.369403', '2024-12-14 08:44:18.369425', 117, '2024-12-14 08:44:18.371629', NULL, '+', 1, 1, 16);
INSERT INTO `tasks_historicaltaskcomment` VALUES (76, '123', '2024-12-14 08:44:19.896935', '2024-12-14 08:44:19.896957', 118, '2024-12-14 08:44:19.898532', NULL, '+', 1, 1, 16);
INSERT INTO `tasks_historicaltaskcomment` VALUES (77, '123123', '2024-12-14 08:46:48.769117', '2024-12-14 08:46:48.769139', 119, '2024-12-14 08:46:48.771805', NULL, '+', 1, 1, 25);
INSERT INTO `tasks_historicaltaskcomment` VALUES (78, '123123', '2024-12-14 08:46:51.696666', '2024-12-14 08:46:51.696689', 120, '2024-12-14 08:46:51.698946', NULL, '+', 1, 1, 25);
INSERT INTO `tasks_historicaltaskcomment` VALUES (79, '123123', '2024-12-14 08:46:53.494264', '2024-12-14 08:46:53.494287', 121, '2024-12-14 08:46:53.496916', NULL, '+', 1, 1, 25);
INSERT INTO `tasks_historicaltaskcomment` VALUES (80, '123123', '2024-12-14 08:46:54.958103', '2024-12-14 08:46:54.958125', 122, '2024-12-14 08:46:54.959932', NULL, '+', 1, 1, 25);
INSERT INTO `tasks_historicaltaskcomment` VALUES (81, '123123', '2024-12-14 08:46:56.313244', '2024-12-14 08:46:56.313265', 123, '2024-12-14 08:46:56.314917', NULL, '+', 1, 1, 25);
INSERT INTO `tasks_historicaltaskcomment` VALUES (82, '123123', '2024-12-14 08:46:58.217280', '2024-12-14 08:46:58.217300', 124, '2024-12-14 08:46:58.219696', NULL, '+', 1, 1, 25);
INSERT INTO `tasks_historicaltaskcomment` VALUES (83, '123123', '2024-12-14 08:46:59.656475', '2024-12-14 08:46:59.656514', 125, '2024-12-14 08:46:59.658543', NULL, '+', 1, 1, 25);
INSERT INTO `tasks_historicaltaskcomment` VALUES (84, '123', '2024-12-14 08:47:01.202679', '2024-12-14 08:47:01.202700', 126, '2024-12-14 08:47:01.205078', NULL, '+', 1, 1, 25);
INSERT INTO `tasks_historicaltaskcomment` VALUES (85, '123123', '2024-12-14 08:47:14.249561', '2024-12-14 08:47:14.249583', 127, '2024-12-14 08:47:14.251762', NULL, '+', 1, 1, 25);
INSERT INTO `tasks_historicaltaskcomment` VALUES (86, '1231', '2024-12-14 08:47:15.544387', '2024-12-14 08:47:15.544412', 128, '2024-12-14 08:47:15.546317', NULL, '+', 1, 1, 25);
INSERT INTO `tasks_historicaltaskcomment` VALUES (87, '123', '2024-12-14 08:47:17.657009', '2024-12-14 08:47:17.657031', 129, '2024-12-14 08:47:17.658709', NULL, '+', 1, 1, 25);
INSERT INTO `tasks_historicaltaskcomment` VALUES (88, '123', '2024-12-14 08:47:19.431631', '2024-12-14 08:47:19.431653', 130, '2024-12-14 08:47:19.433599', NULL, '+', 1, 1, 25);
INSERT INTO `tasks_historicaltaskcomment` VALUES (89, '1231', '2024-12-14 08:47:21.287312', '2024-12-14 08:47:21.287334', 131, '2024-12-14 08:47:21.289440', NULL, '+', 1, 1, 25);
INSERT INTO `tasks_historicaltaskcomment` VALUES (90, '123', '2024-12-14 08:47:23.367805', '2024-12-14 08:47:23.367828', 132, '2024-12-14 08:47:23.369678', NULL, '+', 1, 1, 25);
INSERT INTO `tasks_historicaltaskcomment` VALUES (91, '1231', '2024-12-14 08:47:25.175742', '2024-12-14 08:47:25.175766', 133, '2024-12-14 08:47:25.177855', NULL, '+', 1, 1, 25);
INSERT INTO `tasks_historicaltaskcomment` VALUES (92, '1231', '2024-12-14 08:47:26.418293', '2024-12-14 08:47:26.418314', 134, '2024-12-14 08:47:26.419987', NULL, '+', 1, 1, 25);
INSERT INTO `tasks_historicaltaskcomment` VALUES (93, '1231', '2024-12-14 08:47:27.537323', '2024-12-14 08:47:27.537347', 135, '2024-12-14 08:47:27.539135', NULL, '+', 1, 1, 25);
INSERT INTO `tasks_historicaltaskcomment` VALUES (94, '1', '2024-12-14 08:47:28.376230', '2024-12-14 08:47:28.376252', 136, '2024-12-14 08:47:28.377856', NULL, '+', 1, 1, 25);
INSERT INTO `tasks_historicaltaskcomment` VALUES (95, '1', '2024-12-14 08:47:29.801231', '2024-12-14 08:47:29.801268', 137, '2024-12-14 08:47:29.803119', NULL, '+', 1, 1, 25);
INSERT INTO `tasks_historicaltaskcomment` VALUES (96, '1', '2024-12-14 08:47:31.318648', '2024-12-14 08:47:31.318671', 138, '2024-12-14 08:47:31.320391', NULL, '+', 1, 1, 25);
INSERT INTO `tasks_historicaltaskcomment` VALUES (97, '1', '2024-12-14 08:47:32.153488', '2024-12-14 08:47:32.153510', 139, '2024-12-14 08:47:32.155395', NULL, '+', 1, 1, 25);
INSERT INTO `tasks_historicaltaskcomment` VALUES (98, '1', '2024-12-14 08:47:33.025256', '2024-12-14 08:47:33.025278', 140, '2024-12-14 08:47:33.027386', NULL, '+', 1, 1, 25);
INSERT INTO `tasks_historicaltaskcomment` VALUES (99, '1', '2024-12-14 08:47:33.912258', '2024-12-14 08:47:33.912281', 141, '2024-12-14 08:47:33.914102', NULL, '+', 1, 1, 25);
INSERT INTO `tasks_historicaltaskcomment` VALUES (100, '1', '2024-12-14 08:47:34.666749', '2024-12-14 08:47:34.666771', 142, '2024-12-14 08:47:34.668476', NULL, '+', 1, 1, 25);
INSERT INTO `tasks_historicaltaskcomment` VALUES (101, '1231', '2024-12-14 08:52:34.272850', '2024-12-14 08:52:34.272874', 143, '2024-12-14 08:52:34.274720', NULL, '+', 1, 1, 12);
INSERT INTO `tasks_historicaltaskcomment` VALUES (102, '111', '2024-12-14 08:52:48.720331', '2024-12-14 08:52:48.720354', 144, '2024-12-14 08:52:48.722828', NULL, '+', 1, 1, 12);
INSERT INTO `tasks_historicaltaskcomment` VALUES (103, '1', '2024-12-14 08:57:50.323871', '2024-12-14 08:57:50.323893', 145, '2024-12-14 08:57:50.325667', NULL, '+', 1, 1, 23);
INSERT INTO `tasks_historicaltaskcomment` VALUES (104, '1', '2024-12-14 08:57:52.637481', '2024-12-14 08:57:52.637507', 146, '2024-12-14 08:57:52.641778', NULL, '+', 1, 1, 23);
INSERT INTO `tasks_historicaltaskcomment` VALUES (105, '122323', '2024-12-14 08:57:55.408135', '2024-12-14 08:57:55.408158', 147, '2024-12-14 08:57:55.409953', NULL, '+', 1, 1, 23);
INSERT INTO `tasks_historicaltaskcomment` VALUES (106, '2222', '2024-12-14 08:57:57.914253', '2024-12-14 08:57:57.914277', 148, '2024-12-14 08:57:57.916332', NULL, '+', 1, 1, 23);
INSERT INTO `tasks_historicaltaskcomment` VALUES (107, '2222', '2024-12-14 08:58:00.158555', '2024-12-14 08:58:00.158575', 149, '2024-12-14 08:58:00.160443', NULL, '+', 1, 1, 23);
INSERT INTO `tasks_historicaltaskcomment` VALUES (108, '2222', '2024-12-14 08:58:02.056038', '2024-12-14 08:58:02.056059', 150, '2024-12-14 08:58:02.057967', NULL, '+', 1, 1, 23);
INSERT INTO `tasks_historicaltaskcomment` VALUES (109, '222', '2024-12-14 08:58:03.341127', '2024-12-14 08:58:03.341159', 151, '2024-12-14 08:58:03.343016', NULL, '+', 1, 1, 23);
INSERT INTO `tasks_historicaltaskcomment` VALUES (110, '222', '2024-12-14 08:58:04.649644', '2024-12-14 08:58:04.649664', 152, '2024-12-14 08:58:04.651309', NULL, '+', 1, 1, 23);
INSERT INTO `tasks_historicaltaskcomment` VALUES (111, '2222', '2024-12-14 08:58:06.342259', '2024-12-14 08:58:06.342280', 153, '2024-12-14 08:58:06.343945', NULL, '+', 1, 1, 23);
INSERT INTO `tasks_historicaltaskcomment` VALUES (112, '2222', '2024-12-14 08:58:07.839783', '2024-12-14 08:58:07.839804', 154, '2024-12-14 08:58:07.841599', NULL, '+', 1, 1, 23);
INSERT INTO `tasks_historicaltaskcomment` VALUES (113, '222', '2024-12-14 08:58:09.089996', '2024-12-14 08:58:09.090017', 155, '2024-12-14 08:58:09.091873', NULL, '+', 1, 1, 23);
INSERT INTO `tasks_historicaltaskcomment` VALUES (114, '123123', '2024-12-14 12:45:58.644390', '2024-12-14 12:45:58.644417', 156, '2024-12-14 12:45:58.646697', NULL, '+', 1, 1, 11);
INSERT INTO `tasks_historicaltaskcomment` VALUES (115, '1231', '2024-12-14 12:46:00.713730', '2024-12-14 12:46:00.713752', 157, '2024-12-14 12:46:00.720412', NULL, '+', 1, 1, 11);
INSERT INTO `tasks_historicaltaskcomment` VALUES (116, '123', '2024-12-14 12:46:02.174001', '2024-12-14 12:46:02.174023', 158, '2024-12-14 12:46:02.175614', NULL, '+', 1, 1, 11);
INSERT INTO `tasks_historicaltaskcomment` VALUES (117, '123', '2024-12-14 12:46:03.687265', '2024-12-14 12:46:03.687286', 159, '2024-12-14 12:46:03.689889', NULL, '+', 1, 1, 11);
INSERT INTO `tasks_historicaltaskcomment` VALUES (118, '123', '2024-12-14 12:46:05.132613', '2024-12-14 12:46:05.132655', 160, '2024-12-14 12:46:05.134501', NULL, '+', 1, 1, 11);
INSERT INTO `tasks_historicaltaskcomment` VALUES (119, '123', '2024-12-14 12:46:06.405907', '2024-12-14 12:46:06.405927', 161, '2024-12-14 12:46:06.407590', NULL, '+', 1, 1, 11);
INSERT INTO `tasks_historicaltaskcomment` VALUES (120, '123', '2024-12-14 12:46:08.014444', '2024-12-14 12:46:08.014474', 162, '2024-12-14 12:46:08.016189', NULL, '+', 1, 1, 11);
INSERT INTO `tasks_historicaltaskcomment` VALUES (121, '123', '2024-12-14 12:46:09.425116', '2024-12-14 12:46:09.425137', 163, '2024-12-14 12:46:09.426837', NULL, '+', 1, 1, 11);
INSERT INTO `tasks_historicaltaskcomment` VALUES (122, '123', '2024-12-14 12:46:12.077389', '2024-12-14 12:46:12.077409', 164, '2024-12-14 12:46:12.079111', NULL, '+', 1, 1, 11);
INSERT INTO `tasks_historicaltaskcomment` VALUES (123, '123123', '2024-12-14 12:46:13.562353', '2024-12-14 12:46:13.562374', 165, '2024-12-14 12:46:13.569292', NULL, '+', 1, 1, 11);
INSERT INTO `tasks_historicaltaskcomment` VALUES (124, '1233', '2024-12-14 12:46:16.174357', '2024-12-14 12:46:16.174379', 166, '2024-12-14 12:46:16.176281', NULL, '+', 1, 1, 11);
INSERT INTO `tasks_historicaltaskcomment` VALUES (125, '123', '2024-12-14 12:46:17.775783', '2024-12-14 12:46:17.775812', 167, '2024-12-14 12:46:17.778240', NULL, '+', 1, 1, 11);
INSERT INTO `tasks_historicaltaskcomment` VALUES (126, '123123', '2024-12-14 12:46:19.102030', '2024-12-14 12:46:19.102050', 168, '2024-12-14 12:46:19.103938', NULL, '+', 1, 1, 11);
INSERT INTO `tasks_historicaltaskcomment` VALUES (127, '12312', '2024-12-14 12:46:20.317339', '2024-12-14 12:46:20.317359', 169, '2024-12-14 12:46:20.319390', NULL, '+', 1, 1, 11);
INSERT INTO `tasks_historicaltaskcomment` VALUES (128, '123', '2024-12-14 12:46:21.308944', '2024-12-14 12:46:21.308968', 170, '2024-12-14 12:46:21.310820', NULL, '+', 1, 1, 11);
INSERT INTO `tasks_historicaltaskcomment` VALUES (129, '1', '2024-12-14 12:46:22.382506', '2024-12-14 12:46:22.382529', 171, '2024-12-14 12:46:22.384283', NULL, '+', 1, 1, 11);
INSERT INTO `tasks_historicaltaskcomment` VALUES (130, '1', '2024-12-14 12:46:23.437673', '2024-12-14 12:46:23.437693', 172, '2024-12-14 12:46:23.439462', NULL, '+', 1, 1, 11);
INSERT INTO `tasks_historicaltaskcomment` VALUES (131, '1', '2024-12-14 12:46:24.885065', '2024-12-14 12:46:24.885087', 173, '2024-12-14 12:46:24.886939', NULL, '+', 1, 1, 11);
INSERT INTO `tasks_historicaltaskcomment` VALUES (132, '1', '2024-12-14 12:46:25.783194', '2024-12-14 12:46:25.783218', 174, '2024-12-14 12:46:25.784959', NULL, '+', 1, 1, 11);
INSERT INTO `tasks_historicaltaskcomment` VALUES (133, '1', '2024-12-14 12:46:26.684455', '2024-12-14 12:46:26.684476', 175, '2024-12-14 12:46:26.686538', NULL, '+', 1, 1, 11);
INSERT INTO `tasks_historicaltaskcomment` VALUES (134, '1', '2024-12-14 12:46:28.740907', '2024-12-14 12:46:28.740928', 176, '2024-12-14 12:46:28.742880', NULL, '+', 1, 1, 11);
INSERT INTO `tasks_historicaltaskcomment` VALUES (135, '1', '2024-12-14 12:46:30.714286', '2024-12-14 12:46:30.714309', 177, '2024-12-14 12:46:30.716514', NULL, '+', 1, 1, 11);
INSERT INTO `tasks_historicaltaskcomment` VALUES (136, '1', '2024-12-14 12:46:33.767497', '2024-12-14 12:46:33.767521', 178, '2024-12-14 12:46:33.777486', NULL, '+', 1, 1, 11);
INSERT INTO `tasks_historicaltaskcomment` VALUES (137, '12312', '2024-12-16 12:58:43.675049', '2024-12-16 12:58:43.675070', 179, '2024-12-16 12:58:43.677936', NULL, '+', 1, 1, 37);
INSERT INTO `tasks_historicaltaskcomment` VALUES (138, '111', '2024-12-22 12:54:53.342005', '2024-12-22 12:54:53.342019', 180, '2024-12-22 12:54:53.344195', NULL, '+', 13, 13, 43);
INSERT INTO `tasks_historicaltaskcomment` VALUES (139, '111', '2024-12-22 12:54:55.542634', '2024-12-22 12:54:55.542647', 181, '2024-12-22 12:54:55.544745', NULL, '+', 13, 13, 43);
INSERT INTO `tasks_historicaltaskcomment` VALUES (140, '12123', '2024-12-22 12:55:00.227576', '2024-12-22 12:55:00.227590', 182, '2024-12-22 12:55:00.229551', NULL, '+', 13, 13, 43);
INSERT INTO `tasks_historicaltaskcomment` VALUES (141, '12312', '2024-12-22 12:55:04.219447', '2024-12-22 12:55:04.219459', 183, '2024-12-22 12:55:04.221225', NULL, '+', 13, 13, 43);
INSERT INTO `tasks_historicaltaskcomment` VALUES (142, '1', '2024-12-22 12:56:43.078682', '2024-12-22 12:56:43.078698', 184, '2024-12-22 12:56:43.080689', NULL, '+', 13, 13, 43);
INSERT INTO `tasks_historicaltaskcomment` VALUES (143, '111', '2024-12-23 04:57:11.326324', '2024-12-23 04:57:11.326337', 185, '2024-12-23 04:57:11.328142', NULL, '+', 13, 13, 46);
INSERT INTO `tasks_historicaltaskcomment` VALUES (144, '11', '2024-12-23 04:57:13.668295', '2024-12-23 04:57:13.668309', 186, '2024-12-23 04:57:13.670014', NULL, '+', 13, 13, 46);

-- ----------------------------
-- Table structure for tasks_historicaltasksync
-- ----------------------------
DROP TABLE IF EXISTS `tasks_historicaltasksync`;
CREATE TABLE `tasks_historicaltasksync`  (
  `id` bigint NOT NULL,
  `last_sync_time` datetime(6) NOT NULL,
  `sync_status` varchar(20) CHARACTER SET utf8mb4 COLLATE utf8mb4_0900_ai_ci NOT NULL,
  `sync_error` longtext CHARACTER SET utf8mb4 COLLATE utf8mb4_0900_ai_ci NULL,
  `created_at` datetime(6) NOT NULL,
  `updated_at` datetime(6) NOT NULL,
  `history_id` int NOT NULL AUTO_INCREMENT,
  `history_date` datetime(6) NOT NULL,
  `history_change_reason` varchar(100) CHARACTER SET utf8mb4 COLLATE utf8mb4_0900_ai_ci NULL DEFAULT NULL,
  `history_type` varchar(1) CHARACTER SET utf8mb4 COLLATE utf8mb4_0900_ai_ci NOT NULL,
  `device_id` bigint NULL DEFAULT NULL,
  `history_user_id` bigint NULL DEFAULT NULL,
  `task_id` bigint NULL DEFAULT NULL,
  PRIMARY KEY (`history_id`) USING BTREE,
  INDEX `tasks_historicaltask_history_user_id_a6f90875_fk_accounts_`(`history_user_id` ASC) USING BTREE,
  INDEX `tasks_historicaltasksync_id_8567ab6e`(`id` ASC) USING BTREE,
  INDEX `tasks_historicaltasksync_history_date_c5f637cd`(`history_date` ASC) USING BTREE,
  INDEX `tasks_historicaltasksync_device_id_422f4a53`(`device_id` ASC) USING BTREE,
  INDEX `tasks_historicaltasksync_task_id_b37002f7`(`task_id` ASC) USING BTREE,
  CONSTRAINT `tasks_historicaltask_history_user_id_a6f90875_fk_accounts_` FOREIGN KEY (`history_user_id`) REFERENCES `accounts_user` (`id`) ON DELETE RESTRICT ON UPDATE RESTRICT
) ENGINE = InnoDB AUTO_INCREMENT = 1 CHARACTER SET = utf8mb4 COLLATE = utf8mb4_0900_ai_ci ROW_FORMAT = DYNAMIC;

-- ----------------------------
-- Records of tasks_historicaltasksync
-- ----------------------------

-- ----------------------------
-- Table structure for tasks_tag
-- ----------------------------
DROP TABLE IF EXISTS `tasks_tag`;
CREATE TABLE `tasks_tag`  (
  `id` bigint NOT NULL AUTO_INCREMENT,
  `name` varchar(50) CHARACTER SET utf8mb4 COLLATE utf8mb4_0900_ai_ci NOT NULL,
  `color` varchar(7) CHARACTER SET utf8mb4 COLLATE utf8mb4_0900_ai_ci NOT NULL,
  `created_at` datetime(6) NOT NULL,
  `updated_at` datetime(6) NOT NULL,
  `user_id` bigint NOT NULL,
  PRIMARY KEY (`id`) USING BTREE,
  UNIQUE INDEX `tasks_tag_user_id_name_3f9fa893_uniq`(`user_id` ASC, `name` ASC) USING BTREE,
  CONSTRAINT `tasks_tag_user_id_5724594a_fk_accounts_user_id` FOREIGN KEY (`user_id`) REFERENCES `accounts_user` (`id`) ON DELETE RESTRICT ON UPDATE RESTRICT
) ENGINE = InnoDB AUTO_INCREMENT = 5 CHARACTER SET = utf8mb4 COLLATE = utf8mb4_0900_ai_ci ROW_FORMAT = DYNAMIC;

-- ----------------------------
-- Records of tasks_tag
-- ----------------------------
INSERT INTO `tasks_tag` VALUES (1, '', '#0033FF', '2024-12-09 12:46:10.889522', '2024-12-09 12:46:10.889522', 4);
INSERT INTO `tasks_tag` VALUES (3, '1', '#0033FF', '2024-12-09 12:48:33.417726', '2024-12-09 12:48:33.417726', 4);

-- ----------------------------
-- Table structure for tasks_task
-- ----------------------------
DROP TABLE IF EXISTS `tasks_task`;
CREATE TABLE `tasks_task`  (
  `id` bigint NOT NULL AUTO_INCREMENT,
  `title` varchar(200) CHARACTER SET utf8mb4 COLLATE utf8mb4_0900_ai_ci NOT NULL,
  `description` longtext CHARACTER SET utf8mb4 COLLATE utf8mb4_0900_ai_ci NULL,
  `priority` int NOT NULL,
  `status` varchar(20) CHARACTER SET utf8mb4 COLLATE utf8mb4_0900_ai_ci NOT NULL,
  `due_date` datetime(6) NULL DEFAULT NULL,
  `reminder_time` datetime(6) NULL DEFAULT NULL,
  `repeat_type` varchar(20) CHARACTER SET utf8mb4 COLLATE utf8mb4_0900_ai_ci NOT NULL,
  `repeat_config` json NULL,
  `completed_at` datetime(6) NULL DEFAULT NULL,
  `is_important` tinyint(1) NOT NULL,
  `order` int NOT NULL,
  `created_at` datetime(6) NOT NULL,
  `updated_at` datetime(6) NOT NULL,
  `category_id` bigint NULL DEFAULT NULL,
  `user_id` bigint NOT NULL,
  PRIMARY KEY (`id`) USING BTREE,
  INDEX `tasks_task_category_id_ec02979a_fk_tasks_category_id`(`category_id` ASC) USING BTREE,
  INDEX `tasks_task_user_id_f0e531b0_fk_accounts_user_id`(`user_id` ASC) USING BTREE,
  CONSTRAINT `tasks_task_category_id_ec02979a_fk_tasks_category_id` FOREIGN KEY (`category_id`) REFERENCES `tasks_category` (`id`) ON DELETE RESTRICT ON UPDATE RESTRICT,
  CONSTRAINT `tasks_task_user_id_f0e531b0_fk_accounts_user_id` FOREIGN KEY (`user_id`) REFERENCES `accounts_user` (`id`) ON DELETE RESTRICT ON UPDATE RESTRICT
) ENGINE = InnoDB AUTO_INCREMENT = 62 CHARACTER SET = utf8mb4 COLLATE = utf8mb4_0900_ai_ci ROW_FORMAT = DYNAMIC;

-- ----------------------------
-- Records of tasks_task
-- ----------------------------
INSERT INTO `tasks_task` VALUES (1, '', '', 1, 'pending', '2024-12-15 14:00:00.000000', NULL, 'none', NULL, NULL, 1, 0, '2024-12-09 12:54:10.202760', '2024-12-09 12:54:10.202760', 1, 4);
INSERT INTO `tasks_task` VALUES (2, '', '', 1, 'pending', '2024-12-15 14:00:00.000000', NULL, 'none', NULL, NULL, 1, 0, '2024-12-09 12:54:26.747825', '2024-12-09 12:54:26.747825', 1, 4);
INSERT INTO `tasks_task` VALUES (3, '', '', 1, 'pending', '2024-12-15 14:00:00.000000', NULL, 'none', NULL, NULL, 1, 0, '2024-12-09 12:54:36.879119', '2024-12-09 12:54:36.879119', 1, 4);
INSERT INTO `tasks_task` VALUES (4, '', '', 1, 'pending', '2024-12-15 14:00:00.000000', NULL, 'none', NULL, NULL, 1, 0, '2024-12-09 12:54:40.977028', '2024-12-09 12:54:40.977028', 1, 4);
INSERT INTO `tasks_task` VALUES (5, '11121123123', '11', 2, 'completed', '2024-12-20 16:00:00.000000', NULL, 'none', NULL, NULL, 0, 0, '2024-12-09 14:41:50.760126', '2024-12-15 14:25:44.008134', NULL, 1);
INSERT INTO `tasks_task` VALUES (6, '111', '111', 2, 'completed', '2019-12-08 16:00:00.000000', NULL, 'none', NULL, NULL, 0, 0, '2024-12-09 15:24:35.021758', '2024-12-09 16:19:13.932055', 17, 5);
INSERT INTO `tasks_task` VALUES (7, '111', '111', 2, 'pending', '2019-12-08 16:00:00.000000', NULL, 'none', NULL, NULL, 0, 0, '2024-12-09 15:24:35.283262', '2024-12-09 16:09:16.324756', 17, 5);
INSERT INTO `tasks_task` VALUES (8, '123', '123', 1, 'completed', '2024-09-08 16:00:00.000000', NULL, 'none', NULL, NULL, 0, 0, '2024-12-09 15:53:06.269996', '2024-12-09 16:05:46.823261', 17, 5);
INSERT INTO `tasks_task` VALUES (9, '123', '1231', 2, 'completed', '2024-12-09 16:00:00.000000', NULL, 'none', NULL, NULL, 0, 0, '2024-12-10 02:54:29.157154', '2024-12-10 06:38:07.640708', NULL, 1);
INSERT INTO `tasks_task` VALUES (10, '111', '111', 1, 'completed', '2024-12-09 16:00:00.000000', NULL, 'none', NULL, NULL, 0, 0, '2024-12-10 03:18:00.778579', '2024-12-15 14:23:11.779219', NULL, 1);
INSERT INTO `tasks_task` VALUES (11, '11', '11', 3, 'completed', '2024-10-09 16:00:00.000000', NULL, 'none', NULL, NULL, 0, 0, '2024-12-10 03:21:03.632105', '2024-12-10 06:38:01.787128', NULL, 1);
INSERT INTO `tasks_task` VALUES (12, '1212', '1212', 2, 'completed', '2024-12-09 16:00:00.000000', NULL, 'none', NULL, NULL, 0, 0, '2024-12-10 03:35:13.115299', '2024-12-10 06:38:07.191956', NULL, 1);
INSERT INTO `tasks_task` VALUES (13, '1212', '1212', 2, 'completed', '2024-12-09 16:00:00.000000', NULL, 'none', NULL, NULL, 0, 0, '2024-12-10 03:35:18.837592', '2024-12-10 06:38:06.696549', NULL, 1);
INSERT INTO `tasks_task` VALUES (14, '1212', '1212', 2, 'completed', '2024-12-09 16:00:00.000000', NULL, 'none', NULL, NULL, 0, 0, '2024-12-10 03:35:40.153541', '2024-12-10 06:38:06.232179', NULL, 1);
INSERT INTO `tasks_task` VALUES (15, '11', '11', 3, 'completed', '2024-12-09 16:00:00.000000', NULL, 'none', NULL, NULL, 0, 0, '2024-12-10 03:44:22.020531', '2024-12-18 02:51:31.718195', NULL, 1);
INSERT INTO `tasks_task` VALUES (16, '111', '1111', 3, 'completed', '2024-11-04 16:00:00.000000', NULL, 'none', NULL, NULL, 0, 0, '2024-12-10 12:29:00.326191', '2024-12-14 13:28:08.106312', NULL, 1);
INSERT INTO `tasks_task` VALUES (17, 'fff', 'dff', 3, 'completed', '2024-06-09 16:00:00.000000', NULL, 'none', NULL, NULL, 0, 0, '2024-12-10 12:29:30.723174', '2024-12-13 05:05:51.722297', NULL, 1);
INSERT INTO `tasks_task` VALUES (18, 'fwef', 'fsdfasdf', 3, 'completed', '2024-12-09 16:00:00.000000', NULL, 'none', NULL, NULL, 0, 0, '2024-12-10 12:46:58.801049', '2024-12-12 04:13:27.612198', NULL, 1);
INSERT INTO `tasks_task` VALUES (19, '111', '123123', 1, 'completed', '2024-12-10 16:00:00.000000', NULL, 'none', NULL, NULL, 0, 0, '2024-12-11 15:11:12.818260', '2024-12-12 04:44:39.964468', NULL, 1);
INSERT INTO `tasks_task` VALUES (20, '111', '123123', 1, 'completed', '2024-12-10 16:00:00.000000', NULL, 'none', NULL, NULL, 0, 0, '2024-12-11 15:11:12.835056', '2024-12-13 12:35:07.732099', NULL, 1);
INSERT INTO `tasks_task` VALUES (21, '123123123', '123123123', 1, 'completed', '2024-12-10 16:00:00.000000', NULL, 'none', NULL, NULL, 0, 0, '2024-12-11 15:11:48.625430', '2024-12-13 07:37:57.538626', NULL, 1);
INSERT INTO `tasks_task` VALUES (23, '1112312312312', '123123', 1, 'pending', '2024-12-10 16:00:00.000000', NULL, 'none', NULL, NULL, 0, 0, '2024-12-11 15:21:07.280281', '2024-12-18 02:47:35.301673', NULL, 1);
INSERT INTO `tasks_task` VALUES (25, '22222222222222111111111111111111', '2222222222222222222222222222', 1, 'pending', '2024-12-10 16:00:00.000000', NULL, 'none', NULL, NULL, 0, 0, '2024-12-11 15:22:12.591329', '2024-12-18 02:47:12.236998', NULL, 1);
INSERT INTO `tasks_task` VALUES (29, '123', '123123', 3, 'completed', '2024-12-26 16:00:00.000000', NULL, 'none', NULL, NULL, 0, 0, '2024-12-16 12:23:19.737223', '2024-12-23 03:52:24.776518', NULL, 1);
INSERT INTO `tasks_task` VALUES (30, '111111111111', '111111111111111111111111', 3, 'completed', '2024-12-23 16:00:00.000000', NULL, 'none', NULL, NULL, 0, 0, '2024-12-16 12:35:20.651434', '2024-12-23 04:04:50.018625', NULL, 1);
INSERT INTO `tasks_task` VALUES (31, '11', '111', 3, 'completed', '2024-12-30 16:00:00.000000', NULL, 'none', NULL, NULL, 0, 0, '2024-12-16 12:36:12.787256', '2024-12-23 03:52:27.233979', NULL, 1);
INSERT INTO `tasks_task` VALUES (32, '111111111111', '111111111111111111111111111', 1, 'completed', '2024-12-30 16:00:00.000000', NULL, 'none', NULL, NULL, 0, 0, '2024-12-16 12:37:44.176170', '2024-12-18 03:10:44.606535', NULL, 1);
INSERT INTO `tasks_task` VALUES (33, '2222', '22222222222222222222', 1, 'completed', '2025-12-15 16:00:00.000000', NULL, 'none', NULL, NULL, 0, 0, '2024-12-16 12:38:56.086345', '2024-12-23 03:40:13.303693', NULL, 1);
INSERT INTO `tasks_task` VALUES (34, '1231', '23123123', 1, 'completed', '2025-12-15 16:00:00.000000', NULL, 'none', NULL, NULL, 0, 0, '2024-12-16 12:40:40.846858', '2024-12-18 03:10:33.293477', NULL, 1);
INSERT INTO `tasks_task` VALUES (35, '', '', 1, 'completed', '2024-12-15 16:00:00.000000', NULL, 'none', NULL, NULL, 0, 0, '2024-12-16 12:41:38.642520', '2024-12-17 12:04:42.114420', NULL, 1);
INSERT INTO `tasks_task` VALUES (36, '1231', '23123', 1, 'completed', '2024-12-30 16:00:00.000000', NULL, 'none', NULL, NULL, 0, 0, '2024-12-16 12:42:15.955905', '2024-12-17 12:04:43.174682', NULL, 1);
INSERT INTO `tasks_task` VALUES (37, '12', '123', 3, 'completed', '2024-12-18 16:00:00.000000', NULL, 'none', NULL, NULL, 0, 0, '2024-12-16 12:43:24.122756', '2024-12-23 04:16:01.472473', NULL, 1);
INSERT INTO `tasks_task` VALUES (38, '123123123', '1231231', 1, 'completed', '2024-12-30 16:00:00.000000', NULL, 'none', NULL, NULL, 0, 0, '2024-12-16 12:51:11.128705', '2024-12-23 04:16:03.039767', NULL, 1);
INSERT INTO `tasks_task` VALUES (39, '13231', '231 12', 1, 'completed', '2025-12-15 16:00:00.000000', NULL, 'none', NULL, NULL, 0, 0, '2024-12-16 12:54:30.408086', '2024-12-23 04:06:40.646578', NULL, 1);
INSERT INTO `tasks_task` VALUES (40, '123', '123', 2, 'pending', '2024-12-17 16:00:00.000000', NULL, 'none', NULL, NULL, 0, 0, '2024-12-18 04:34:57.387888', '2024-12-18 04:34:57.387901', 25, 1);
INSERT INTO `tasks_task` VALUES (41, '1231', '23213', 1, 'completed', '2024-12-21 16:00:00.000000', NULL, 'none', NULL, NULL, 0, 0, '2024-12-22 12:15:13.781815', '2024-12-23 04:04:52.953394', 25, 1);
INSERT INTO `tasks_task` VALUES (42, '3', '', 1, 'pending', '2024-12-21 16:00:00.000000', NULL, 'none', NULL, NULL, 0, 0, '2024-12-22 12:16:43.578137', '2024-12-23 04:16:09.096146', 28, 1);
INSERT INTO `tasks_task` VALUES (43, '431', '123', 1, 'completed', '2024-12-21 16:00:00.000000', NULL, 'none', NULL, NULL, 0, 0, '2024-12-22 12:44:50.888801', '2024-12-23 06:10:19.986840', 27, 13);
INSERT INTO `tasks_task` VALUES (45, '3124121', '12212', 1, 'completed', '2024-12-21 16:00:00.000000', NULL, 'none', NULL, NULL, 0, 0, '2024-12-22 13:05:26.968166', '2024-12-23 05:58:15.055193', NULL, 13);
INSERT INTO `tasks_task` VALUES (46, 'as', '', 1, 'completed', '2024-12-21 16:00:00.000000', NULL, 'none', NULL, NULL, 0, 0, '2024-12-22 13:05:46.795251', '2024-12-22 14:03:50.306219', NULL, 13);
INSERT INTO `tasks_task` VALUES (47, '1231', '31231', 1, 'completed', '2024-12-21 16:00:00.000000', NULL, 'none', NULL, NULL, 0, 0, '2024-12-22 14:01:39.250298', '2024-12-22 14:03:50.098743', NULL, 13);
INSERT INTO `tasks_task` VALUES (48, '123123', '123123', 1, 'completed', '2024-12-21 16:00:00.000000', NULL, 'none', NULL, NULL, 0, 0, '2024-12-22 14:01:49.946945', '2024-12-23 06:09:53.918273', 40, 13);
INSERT INTO `tasks_task` VALUES (49, '123123', '123123', 1, 'completed', '2024-12-21 16:00:00.000000', NULL, 'none', NULL, NULL, 0, 0, '2024-12-22 14:02:02.390792', '2024-12-23 05:57:45.987548', NULL, 13);
INSERT INTO `tasks_task` VALUES (50, '123123', '23123123', 1, 'completed', '2024-12-21 16:00:00.000000', NULL, 'none', NULL, NULL, 0, 0, '2024-12-22 14:02:37.312326', '2024-12-23 05:57:43.912322', NULL, 13);
INSERT INTO `tasks_task` VALUES (51, '23123', '1231', 1, 'completed', '2024-12-21 16:00:00.000000', NULL, 'none', NULL, NULL, 0, 0, '2024-12-22 14:02:55.330399', '2024-12-23 05:57:41.625703', NULL, 13);
INSERT INTO `tasks_task` VALUES (52, '1231', '312312', 1, 'completed', '2024-12-21 16:00:00.000000', NULL, 'none', NULL, NULL, 0, 0, '2024-12-22 14:03:08.034352', '2024-12-23 06:09:16.952646', 41, 13);
INSERT INTO `tasks_task` VALUES (53, '123', '23123', 1, 'completed', '2024-12-21 16:00:00.000000', NULL, 'none', NULL, NULL, 0, 0, '2024-12-22 14:03:22.225675', '2024-12-23 05:02:11.999811', NULL, 13);
INSERT INTO `tasks_task` VALUES (54, '123123', '23123', 1, 'completed', '2024-12-21 16:00:00.000000', NULL, 'none', NULL, NULL, 0, 0, '2024-12-22 14:03:32.718767', '2024-12-23 06:08:58.169088', 40, 13);
INSERT INTO `tasks_task` VALUES (55, '123123', '23123', 1, 'completed', '2024-12-21 16:00:00.000000', NULL, 'none', NULL, NULL, 0, 0, '2024-12-22 14:04:06.121753', '2024-12-23 05:02:09.354287', NULL, 13);
INSERT INTO `tasks_task` VALUES (56, '123', '1231', 1, 'completed', '2024-12-21 16:00:00.000000', NULL, 'none', NULL, NULL, 0, 0, '2024-12-22 14:04:19.300293', '2024-12-23 05:58:14.270033', NULL, 13);
INSERT INTO `tasks_task` VALUES (57, '213', '123123', 2, 'completed', '2024-12-21 16:00:00.000000', NULL, 'none', NULL, NULL, 0, 0, '2024-12-22 14:05:12.090506', '2024-12-23 06:08:40.153614', 39, 13);
INSERT INTO `tasks_task` VALUES (58, '1', '2313123', 1, 'pending', '2024-12-30 16:00:00.000000', NULL, 'none', NULL, NULL, 0, 0, '2024-12-23 04:16:42.894168', '2024-12-23 04:16:42.894180', 31, 1);
INSERT INTO `tasks_task` VALUES (59, '1', '2313123', 1, 'pending', '2024-12-30 16:00:00.000000', NULL, 'none', NULL, NULL, 0, 0, '2024-12-23 04:16:43.261558', '2024-12-23 04:16:43.261570', 31, 1);
INSERT INTO `tasks_task` VALUES (60, '111111111111111', '111111111111111111111111', 1, 'pending', '2024-12-30 16:00:00.000000', NULL, 'none', NULL, NULL, 0, 0, '2024-12-23 04:17:06.836999', '2024-12-23 04:17:06.837014', 25, 1);
INSERT INTO `tasks_task` VALUES (61, '23123123', '123123', 3, 'pending', '2024-12-30 16:00:00.000000', NULL, 'none', NULL, NULL, 0, 0, '2024-12-23 04:17:32.924147', '2024-12-23 04:17:32.924166', 33, 1);

-- ----------------------------
-- Table structure for tasks_task_tags
-- ----------------------------
DROP TABLE IF EXISTS `tasks_task_tags`;
CREATE TABLE `tasks_task_tags`  (
  `id` bigint NOT NULL AUTO_INCREMENT,
  `task_id` bigint NOT NULL,
  `tag_id` bigint NOT NULL,
  PRIMARY KEY (`id`) USING BTREE,
  UNIQUE INDEX `tasks_task_tags_task_id_tag_id_f35a003e_uniq`(`task_id` ASC, `tag_id` ASC) USING BTREE,
  INDEX `tasks_task_tags_tag_id_dc501020_fk_tasks_tag_id`(`tag_id` ASC) USING BTREE,
  CONSTRAINT `tasks_task_tags_tag_id_dc501020_fk_tasks_tag_id` FOREIGN KEY (`tag_id`) REFERENCES `tasks_tag` (`id`) ON DELETE RESTRICT ON UPDATE RESTRICT,
  CONSTRAINT `tasks_task_tags_task_id_7f3deefe_fk_tasks_task_id` FOREIGN KEY (`task_id`) REFERENCES `tasks_task` (`id`) ON DELETE RESTRICT ON UPDATE RESTRICT
) ENGINE = InnoDB AUTO_INCREMENT = 5 CHARACTER SET = utf8mb4 COLLATE = utf8mb4_0900_ai_ci ROW_FORMAT = DYNAMIC;

-- ----------------------------
-- Records of tasks_task_tags
-- ----------------------------
INSERT INTO `tasks_task_tags` VALUES (1, 1, 1);
INSERT INTO `tasks_task_tags` VALUES (2, 2, 1);
INSERT INTO `tasks_task_tags` VALUES (3, 3, 1);
INSERT INTO `tasks_task_tags` VALUES (4, 4, 1);

-- ----------------------------
-- Table structure for tasks_taskcomment
-- ----------------------------
DROP TABLE IF EXISTS `tasks_taskcomment`;
CREATE TABLE `tasks_taskcomment`  (
  `id` bigint NOT NULL AUTO_INCREMENT,
  `content` longtext CHARACTER SET utf8mb4 COLLATE utf8mb4_0900_ai_ci NOT NULL,
  `created_at` datetime(6) NOT NULL,
  `updated_at` datetime(6) NOT NULL,
  `task_id` bigint NOT NULL,
  `user_id` bigint NOT NULL,
  PRIMARY KEY (`id`) USING BTREE,
  INDEX `tasks_taskcomment_task_id_36403ad8_fk_tasks_task_id`(`task_id` ASC) USING BTREE,
  INDEX `tasks_taskcomment_user_id_8cc0fe19_fk_accounts_user_id`(`user_id` ASC) USING BTREE,
  CONSTRAINT `tasks_taskcomment_task_id_36403ad8_fk_tasks_task_id` FOREIGN KEY (`task_id`) REFERENCES `tasks_task` (`id`) ON DELETE RESTRICT ON UPDATE RESTRICT,
  CONSTRAINT `tasks_taskcomment_user_id_8cc0fe19_fk_accounts_user_id` FOREIGN KEY (`user_id`) REFERENCES `accounts_user` (`id`) ON DELETE RESTRICT ON UPDATE RESTRICT
) ENGINE = InnoDB AUTO_INCREMENT = 145 CHARACTER SET = utf8mb4 COLLATE = utf8mb4_0900_ai_ci ROW_FORMAT = DYNAMIC;

-- ----------------------------
-- Records of tasks_taskcomment
-- ----------------------------
INSERT INTO `tasks_taskcomment` VALUES (1, '', '2024-12-09 12:55:48.644291', '2024-12-09 12:55:48.644291', 3, 4);
INSERT INTO `tasks_taskcomment` VALUES (2, '', '2024-12-09 12:55:53.358027', '2024-12-09 12:55:53.358027', 3, 4);
INSERT INTO `tasks_taskcomment` VALUES (3, '', '2024-12-09 12:55:54.140099', '2024-12-09 12:55:54.140099', 3, 4);
INSERT INTO `tasks_taskcomment` VALUES (4, '', '2024-12-09 12:55:54.698455', '2024-12-09 12:55:54.698455', 3, 4);
INSERT INTO `tasks_taskcomment` VALUES (5, '', '2024-12-09 12:55:55.217938', '2024-12-09 12:55:55.217938', 3, 4);
INSERT INTO `tasks_taskcomment` VALUES (6, '', '2024-12-09 12:55:55.684984', '2024-12-09 12:55:55.684984', 3, 4);
INSERT INTO `tasks_taskcomment` VALUES (7, '', '2024-12-09 12:55:55.924508', '2024-12-09 12:55:55.924508', 3, 4);
INSERT INTO `tasks_taskcomment` VALUES (8, '', '2024-12-09 12:55:56.136976', '2024-12-09 12:55:56.136976', 3, 4);
INSERT INTO `tasks_taskcomment` VALUES (9, '', '2024-12-09 12:55:56.359176', '2024-12-09 12:55:56.359176', 3, 4);
INSERT INTO `tasks_taskcomment` VALUES (10, '', '2024-12-09 12:55:56.584931', '2024-12-09 12:55:56.584931', 3, 4);
INSERT INTO `tasks_taskcomment` VALUES (11, '', '2024-12-09 12:55:56.830405', '2024-12-09 12:55:56.830405', 3, 4);
INSERT INTO `tasks_taskcomment` VALUES (12, '', '2024-12-09 12:55:57.025653', '2024-12-09 12:55:57.025653', 3, 4);
INSERT INTO `tasks_taskcomment` VALUES (13, '', '2024-12-09 12:55:57.217999', '2024-12-09 12:55:57.217999', 3, 4);
INSERT INTO `tasks_taskcomment` VALUES (14, '', '2024-12-09 12:55:57.437037', '2024-12-09 12:55:57.437037', 3, 4);
INSERT INTO `tasks_taskcomment` VALUES (15, '', '2024-12-09 12:55:57.645090', '2024-12-09 12:55:57.645090', 3, 4);
INSERT INTO `tasks_taskcomment` VALUES (16, '', '2024-12-09 12:55:57.881496', '2024-12-09 12:55:57.881496', 3, 4);
INSERT INTO `tasks_taskcomment` VALUES (17, '', '2024-12-09 12:55:58.077421', '2024-12-09 12:55:58.077421', 3, 4);
INSERT INTO `tasks_taskcomment` VALUES (18, '', '2024-12-14 05:13:00.849606', '2024-12-14 05:13:00.849620', 1, 1);
INSERT INTO `tasks_taskcomment` VALUES (27, '111', '2024-12-14 05:27:14.406470', '2024-12-14 05:27:14.406493', 23, 1);
INSERT INTO `tasks_taskcomment` VALUES (28, '111', '2024-12-14 05:27:16.327551', '2024-12-14 05:27:16.327573', 23, 1);
INSERT INTO `tasks_taskcomment` VALUES (29, '111', '2024-12-14 05:27:18.162812', '2024-12-14 05:27:18.162836', 23, 1);
INSERT INTO `tasks_taskcomment` VALUES (30, '111', '2024-12-14 05:27:19.825503', '2024-12-14 05:27:19.825525', 23, 1);
INSERT INTO `tasks_taskcomment` VALUES (31, '111', '2024-12-14 05:28:05.704718', '2024-12-14 05:28:05.704741', 23, 1);
INSERT INTO `tasks_taskcomment` VALUES (32, '111', '2024-12-14 05:28:07.515973', '2024-12-14 05:28:07.515993', 23, 1);
INSERT INTO `tasks_taskcomment` VALUES (33, '111', '2024-12-14 05:28:09.443666', '2024-12-14 05:28:09.443687', 23, 1);
INSERT INTO `tasks_taskcomment` VALUES (34, '111', '2024-12-14 05:31:59.006707', '2024-12-14 05:31:59.006732', 23, 1);
INSERT INTO `tasks_taskcomment` VALUES (35, '111111', '2024-12-14 05:32:02.323376', '2024-12-14 05:32:02.323398', 23, 1);
INSERT INTO `tasks_taskcomment` VALUES (70, '12313', '2024-12-14 08:44:07.310029', '2024-12-14 08:44:07.310053', 16, 1);
INSERT INTO `tasks_taskcomment` VALUES (71, '12312', '2024-12-14 08:44:11.195166', '2024-12-14 08:44:11.195188', 16, 1);
INSERT INTO `tasks_taskcomment` VALUES (72, '123123', '2024-12-14 08:44:13.417722', '2024-12-14 08:44:13.417743', 16, 1);
INSERT INTO `tasks_taskcomment` VALUES (73, '123123', '2024-12-14 08:44:15.376870', '2024-12-14 08:44:15.376891', 16, 1);
INSERT INTO `tasks_taskcomment` VALUES (74, '123', '2024-12-14 08:44:16.773385', '2024-12-14 08:44:16.773407', 16, 1);
INSERT INTO `tasks_taskcomment` VALUES (75, '123123', '2024-12-14 08:44:18.369403', '2024-12-14 08:44:18.369425', 16, 1);
INSERT INTO `tasks_taskcomment` VALUES (76, '123', '2024-12-14 08:44:19.896935', '2024-12-14 08:44:19.896957', 16, 1);
INSERT INTO `tasks_taskcomment` VALUES (77, '123123', '2024-12-14 08:46:48.769117', '2024-12-14 08:46:48.769139', 25, 1);
INSERT INTO `tasks_taskcomment` VALUES (78, '123123', '2024-12-14 08:46:51.696666', '2024-12-14 08:46:51.696689', 25, 1);
INSERT INTO `tasks_taskcomment` VALUES (79, '123123', '2024-12-14 08:46:53.494264', '2024-12-14 08:46:53.494287', 25, 1);
INSERT INTO `tasks_taskcomment` VALUES (80, '123123', '2024-12-14 08:46:54.958103', '2024-12-14 08:46:54.958125', 25, 1);
INSERT INTO `tasks_taskcomment` VALUES (81, '123123', '2024-12-14 08:46:56.313244', '2024-12-14 08:46:56.313265', 25, 1);
INSERT INTO `tasks_taskcomment` VALUES (82, '123123', '2024-12-14 08:46:58.217280', '2024-12-14 08:46:58.217300', 25, 1);
INSERT INTO `tasks_taskcomment` VALUES (83, '123123', '2024-12-14 08:46:59.656475', '2024-12-14 08:46:59.656514', 25, 1);
INSERT INTO `tasks_taskcomment` VALUES (84, '123', '2024-12-14 08:47:01.202679', '2024-12-14 08:47:01.202700', 25, 1);
INSERT INTO `tasks_taskcomment` VALUES (85, '123123', '2024-12-14 08:47:14.249561', '2024-12-14 08:47:14.249583', 25, 1);
INSERT INTO `tasks_taskcomment` VALUES (86, '1231', '2024-12-14 08:47:15.544387', '2024-12-14 08:47:15.544412', 25, 1);
INSERT INTO `tasks_taskcomment` VALUES (87, '123', '2024-12-14 08:47:17.657009', '2024-12-14 08:47:17.657031', 25, 1);
INSERT INTO `tasks_taskcomment` VALUES (88, '123', '2024-12-14 08:47:19.431631', '2024-12-14 08:47:19.431653', 25, 1);
INSERT INTO `tasks_taskcomment` VALUES (89, '1231', '2024-12-14 08:47:21.287312', '2024-12-14 08:47:21.287334', 25, 1);
INSERT INTO `tasks_taskcomment` VALUES (90, '123', '2024-12-14 08:47:23.367805', '2024-12-14 08:47:23.367828', 25, 1);
INSERT INTO `tasks_taskcomment` VALUES (91, '1231', '2024-12-14 08:47:25.175742', '2024-12-14 08:47:25.175766', 25, 1);
INSERT INTO `tasks_taskcomment` VALUES (92, '1231', '2024-12-14 08:47:26.418293', '2024-12-14 08:47:26.418314', 25, 1);
INSERT INTO `tasks_taskcomment` VALUES (93, '1231', '2024-12-14 08:47:27.537323', '2024-12-14 08:47:27.537347', 25, 1);
INSERT INTO `tasks_taskcomment` VALUES (94, '1', '2024-12-14 08:47:28.376230', '2024-12-14 08:47:28.376252', 25, 1);
INSERT INTO `tasks_taskcomment` VALUES (95, '1', '2024-12-14 08:47:29.801231', '2024-12-14 08:47:29.801268', 25, 1);
INSERT INTO `tasks_taskcomment` VALUES (96, '1', '2024-12-14 08:47:31.318648', '2024-12-14 08:47:31.318671', 25, 1);
INSERT INTO `tasks_taskcomment` VALUES (97, '1', '2024-12-14 08:47:32.153488', '2024-12-14 08:47:32.153510', 25, 1);
INSERT INTO `tasks_taskcomment` VALUES (98, '1', '2024-12-14 08:47:33.025256', '2024-12-14 08:47:33.025278', 25, 1);
INSERT INTO `tasks_taskcomment` VALUES (99, '1', '2024-12-14 08:47:33.912258', '2024-12-14 08:47:33.912281', 25, 1);
INSERT INTO `tasks_taskcomment` VALUES (100, '1', '2024-12-14 08:47:34.666749', '2024-12-14 08:47:34.666771', 25, 1);
INSERT INTO `tasks_taskcomment` VALUES (101, '1231', '2024-12-14 08:52:34.272850', '2024-12-14 08:52:34.272874', 12, 1);
INSERT INTO `tasks_taskcomment` VALUES (102, '111', '2024-12-14 08:52:48.720331', '2024-12-14 08:52:48.720354', 12, 1);
INSERT INTO `tasks_taskcomment` VALUES (103, '1', '2024-12-14 08:57:50.323871', '2024-12-14 08:57:50.323893', 23, 1);
INSERT INTO `tasks_taskcomment` VALUES (104, '1', '2024-12-14 08:57:52.637481', '2024-12-14 08:57:52.637507', 23, 1);
INSERT INTO `tasks_taskcomment` VALUES (105, '122323', '2024-12-14 08:57:55.408135', '2024-12-14 08:57:55.408158', 23, 1);
INSERT INTO `tasks_taskcomment` VALUES (106, '2222', '2024-12-14 08:57:57.914253', '2024-12-14 08:57:57.914277', 23, 1);
INSERT INTO `tasks_taskcomment` VALUES (107, '2222', '2024-12-14 08:58:00.158555', '2024-12-14 08:58:00.158575', 23, 1);
INSERT INTO `tasks_taskcomment` VALUES (108, '2222', '2024-12-14 08:58:02.056038', '2024-12-14 08:58:02.056059', 23, 1);
INSERT INTO `tasks_taskcomment` VALUES (109, '222', '2024-12-14 08:58:03.341127', '2024-12-14 08:58:03.341159', 23, 1);
INSERT INTO `tasks_taskcomment` VALUES (110, '222', '2024-12-14 08:58:04.649644', '2024-12-14 08:58:04.649664', 23, 1);
INSERT INTO `tasks_taskcomment` VALUES (111, '2222', '2024-12-14 08:58:06.342259', '2024-12-14 08:58:06.342280', 23, 1);
INSERT INTO `tasks_taskcomment` VALUES (112, '2222', '2024-12-14 08:58:07.839783', '2024-12-14 08:58:07.839804', 23, 1);
INSERT INTO `tasks_taskcomment` VALUES (113, '222', '2024-12-14 08:58:09.089996', '2024-12-14 08:58:09.090017', 23, 1);
INSERT INTO `tasks_taskcomment` VALUES (114, '123123', '2024-12-14 12:45:58.644390', '2024-12-14 12:45:58.644417', 11, 1);
INSERT INTO `tasks_taskcomment` VALUES (115, '1231', '2024-12-14 12:46:00.713730', '2024-12-14 12:46:00.713752', 11, 1);
INSERT INTO `tasks_taskcomment` VALUES (116, '123', '2024-12-14 12:46:02.174001', '2024-12-14 12:46:02.174023', 11, 1);
INSERT INTO `tasks_taskcomment` VALUES (117, '123', '2024-12-14 12:46:03.687265', '2024-12-14 12:46:03.687286', 11, 1);
INSERT INTO `tasks_taskcomment` VALUES (118, '123', '2024-12-14 12:46:05.132613', '2024-12-14 12:46:05.132655', 11, 1);
INSERT INTO `tasks_taskcomment` VALUES (119, '123', '2024-12-14 12:46:06.405907', '2024-12-14 12:46:06.405927', 11, 1);
INSERT INTO `tasks_taskcomment` VALUES (120, '123', '2024-12-14 12:46:08.014444', '2024-12-14 12:46:08.014474', 11, 1);
INSERT INTO `tasks_taskcomment` VALUES (121, '123', '2024-12-14 12:46:09.425116', '2024-12-14 12:46:09.425137', 11, 1);
INSERT INTO `tasks_taskcomment` VALUES (122, '123', '2024-12-14 12:46:12.077389', '2024-12-14 12:46:12.077409', 11, 1);
INSERT INTO `tasks_taskcomment` VALUES (123, '123123', '2024-12-14 12:46:13.562353', '2024-12-14 12:46:13.562374', 11, 1);
INSERT INTO `tasks_taskcomment` VALUES (124, '1233', '2024-12-14 12:46:16.174357', '2024-12-14 12:46:16.174379', 11, 1);
INSERT INTO `tasks_taskcomment` VALUES (125, '123', '2024-12-14 12:46:17.775783', '2024-12-14 12:46:17.775812', 11, 1);
INSERT INTO `tasks_taskcomment` VALUES (126, '123123', '2024-12-14 12:46:19.102030', '2024-12-14 12:46:19.102050', 11, 1);
INSERT INTO `tasks_taskcomment` VALUES (127, '12312', '2024-12-14 12:46:20.317339', '2024-12-14 12:46:20.317359', 11, 1);
INSERT INTO `tasks_taskcomment` VALUES (128, '123', '2024-12-14 12:46:21.308944', '2024-12-14 12:46:21.308968', 11, 1);
INSERT INTO `tasks_taskcomment` VALUES (129, '1', '2024-12-14 12:46:22.382506', '2024-12-14 12:46:22.382529', 11, 1);
INSERT INTO `tasks_taskcomment` VALUES (130, '1', '2024-12-14 12:46:23.437673', '2024-12-14 12:46:23.437693', 11, 1);
INSERT INTO `tasks_taskcomment` VALUES (131, '1', '2024-12-14 12:46:24.885065', '2024-12-14 12:46:24.885087', 11, 1);
INSERT INTO `tasks_taskcomment` VALUES (132, '1', '2024-12-14 12:46:25.783194', '2024-12-14 12:46:25.783218', 11, 1);
INSERT INTO `tasks_taskcomment` VALUES (133, '1', '2024-12-14 12:46:26.684455', '2024-12-14 12:46:26.684476', 11, 1);
INSERT INTO `tasks_taskcomment` VALUES (134, '1', '2024-12-14 12:46:28.740907', '2024-12-14 12:46:28.740928', 11, 1);
INSERT INTO `tasks_taskcomment` VALUES (135, '1', '2024-12-14 12:46:30.714286', '2024-12-14 12:46:30.714309', 11, 1);
INSERT INTO `tasks_taskcomment` VALUES (136, '1', '2024-12-14 12:46:33.767497', '2024-12-14 12:46:33.767521', 11, 1);
INSERT INTO `tasks_taskcomment` VALUES (137, '12312', '2024-12-16 12:58:43.675049', '2024-12-16 12:58:43.675070', 37, 1);
INSERT INTO `tasks_taskcomment` VALUES (138, '111', '2024-12-22 12:54:53.342005', '2024-12-22 12:54:53.342019', 43, 13);
INSERT INTO `tasks_taskcomment` VALUES (139, '111', '2024-12-22 12:54:55.542634', '2024-12-22 12:54:55.542647', 43, 13);
INSERT INTO `tasks_taskcomment` VALUES (140, '12123', '2024-12-22 12:55:00.227576', '2024-12-22 12:55:00.227590', 43, 13);
INSERT INTO `tasks_taskcomment` VALUES (141, '12312', '2024-12-22 12:55:04.219447', '2024-12-22 12:55:04.219459', 43, 13);
INSERT INTO `tasks_taskcomment` VALUES (142, '1', '2024-12-22 12:56:43.078682', '2024-12-22 12:56:43.078698', 43, 13);
INSERT INTO `tasks_taskcomment` VALUES (143, '111', '2024-12-23 04:57:11.326324', '2024-12-23 04:57:11.326337', 46, 13);
INSERT INTO `tasks_taskcomment` VALUES (144, '11', '2024-12-23 04:57:13.668295', '2024-12-23 04:57:13.668309', 46, 13);

-- ----------------------------
-- Table structure for tasks_tasksync
-- ----------------------------
DROP TABLE IF EXISTS `tasks_tasksync`;
CREATE TABLE `tasks_tasksync`  (
  `id` bigint NOT NULL AUTO_INCREMENT,
  `last_sync_time` datetime(6) NOT NULL,
  `sync_status` varchar(20) CHARACTER SET utf8mb4 COLLATE utf8mb4_0900_ai_ci NOT NULL,
  `sync_error` longtext CHARACTER SET utf8mb4 COLLATE utf8mb4_0900_ai_ci NULL,
  `created_at` datetime(6) NOT NULL,
  `updated_at` datetime(6) NOT NULL,
  `device_id` bigint NOT NULL,
  `task_id` bigint NOT NULL,
  PRIMARY KEY (`id`) USING BTREE,
  UNIQUE INDEX `tasks_tasksync_task_id_device_id_9ffeb88b_uniq`(`task_id` ASC, `device_id` ASC) USING BTREE,
  INDEX `tasks_tasksync_device_id_10af4fa1_fk_accounts_userdevice_id`(`device_id` ASC) USING BTREE,
  CONSTRAINT `tasks_tasksync_device_id_10af4fa1_fk_accounts_userdevice_id` FOREIGN KEY (`device_id`) REFERENCES `accounts_userdevice` (`id`) ON DELETE RESTRICT ON UPDATE RESTRICT,
  CONSTRAINT `tasks_tasksync_task_id_0b694d94_fk_tasks_task_id` FOREIGN KEY (`task_id`) REFERENCES `tasks_task` (`id`) ON DELETE RESTRICT ON UPDATE RESTRICT
) ENGINE = InnoDB AUTO_INCREMENT = 1 CHARACTER SET = utf8mb4 COLLATE = utf8mb4_0900_ai_ci ROW_FORMAT = DYNAMIC;

-- ----------------------------
-- Records of tasks_tasksync
-- ----------------------------

SET FOREIGN_KEY_CHECKS = 1;
